age,annual_income,credit_score,debt_to_income_ratio,credit_utilization_rate,payment_history_score,loan_amount,employment_length_years,revolving_balance,num_credit_lines,home_ownership,loan_intent,default_risk
59,65300.0,788,0.208,0.559,96.1,23600.0,0,4838.0,4,RENT,VENTURE,1
49,60700.0,666,0.116,0.275,73.6,9800.0,1,4487.0,9,RENT,EDUCATION,1
35,48500.0,615,0.195,0.477,83.0,17400.0,1,7029.0,9,RENT,DEBTCONSOLIDATION,1
63,153000.0,604,0.288,0.25,85.8,18700.0,14,8771.0,3,RENT,DEBTCONSOLIDATION,0
28,36600.0,694,0.068,0.225,75.6,13100.0,0,1475.0,5,RENT,PERSONAL,0
41,150200.0,570,0.094,0.274,90.5,26100.0,10,6466.0,4,RENT,MEDICAL,0
59,80800.0,651,0.296,0.19,81.0,75000.0,1,4346.0,3,MORTGAGE,PERSONAL,0
39,25900.0,694,0.03,0.48,95.1,6100.0,2,3861.0,2,RENT,EDUCATION,0
43,74700.0,767,0.153,0.068,74.0,17800.0,0,767.0,5,RENT,VENTURE,0
31,18000.0,720,0.341,0.264,71.7,17600.0,0,780.0,7,MORTGAGE,EDUCATION,1
31,87100.0,616,0.334,0.49,79.7,11300.0,0,9006.0,6,RENT,PERSONAL,1
44,101800.0,758,0.452,0.548,80.2,8400.0,2,11580.0,6,RENT,MEDICAL,1
56,42000.0,647,0.025,0.601,71.3,8100.0,3,8707.0,4,RENT,DEBTCONSOLIDATION,1
60,64500.0,577,0.047,0.217,83.3,64200.0,1,2840.0,5,MORTGAGE,EDUCATION,0
44,193400.0,657,0.268,0.581,74.1,14900.0,13,44097.0,5,OWN,DEBTCONSOLIDATION,0
23,44200.0,777,0.122,0.533,100.0,27200.0,4,3742.0,7,RENT,DEBTCONSOLIDATION,1
42,31700.0,682,0.174,0.559,81.3,11000.0,10,5183.0,7,MORTGAGE,VENTURE,0
22,145700.0,670,0.273,0.824,86.4,18100.0,0,37893.0,4,RENT,PERSONAL,1
44,194400.0,792,0.15,0.438,67.0,19200.0,0,23044.0,4,RENT,VENTURE,1
64,60000.0,562,0.006,0.504,88.6,11300.0,9,5397.0,6,MORTGAGE,MEDICAL,0
50,109900.0,573,0.281,0.536,72.3,16100.0,4,8253.0,6,MORTGAGE,MEDICAL,0
58,133900.0,548,0.105,0.275,93.0,32800.0,13,9629.0,3,MORTGAGE,EDUCATION,0
22,38300.0,697,0.063,0.784,63.5,6100.0,0,8423.0,3,RENT,VENTURE,1
41,44700.0,682,0.388,0.323,81.6,15600.0,0,2024.0,7,OWN,DEBTCONSOLIDATION,1
53,125300.0,785,0.12,0.498,94.4,19900.0,12,10469.0,5,RENT,VENTURE,0
32,164600.0,688,0.438,0.242,84.1,23400.0,6,14010.0,8,MORTGAGE,PERSONAL,0
42,83900.0,639,0.197,0.108,80.3,26200.0,8,3024.0,6,MORTGAGE,VENTURE,0
64,35300.0,670,0.133,0.596,98.0,22200.0,1,2405.0,7,RENT,PERSONAL,1
45,197300.0,678,0.36,0.503,72.1,30800.0,0,37382.0,8,RENT,VENTURE,1
47,43500.0,544,0.293,0.134,68.0,10100.0,3,1573.0,5,RENT,MEDICAL,1
62,49000.0,850,0.049,0.414,69.5,37100.0,23,4541.0,4,OWN,EDUCATION,0
48,73500.0,708,0.166,0.161,69.9,14600.0,11,1424.0,7,OWN,MEDICAL,0
36,152100.0,685,0.326,0.242,87.0,24600.0,0,11247.0,7,RENT,DEBTCONSOLIDATION,0
35,99900.0,716,0.341,0.421,78.4,5300.0,1,15657.0,12,RENT,MEDICAL,1
67,76800.0,723,0.329,0.177,93.8,21300.0,1,989.0,13,RENT,MEDICAL,1
64,79100.0,659,0.113,0.238,87.5,14900.0,8,4372.0,11,MORTGAGE,PERSONAL,0
23,61500.0,622,0.166,0.529,86.4,10800.0,8,11614.0,2,RENT,EDUCATION,0
57,83700.0,714,0.399,0.413,61.2,33100.0,1,13253.0,6,RENT,MEDICAL,1
27,18000.0,698,0.082,0.701,88.9,15600.0,3,949.0,5,MORTGAGE,PERSONAL,0
41,50100.0,609,0.129,0.589,97.0,15400.0,3,9646.0,5,MORTGAGE,VENTURE,0
29,69200.0,776,0.245,0.325,83.2,4900.0,2,3340.0,7,MORTGAGE,DEBTCONSOLIDATION,0
59,30000.0,692,0.299,0.866,70.4,8300.0,3,6223.0,8,RENT,VENTURE,1
38,75500.0,724,0.371,0.706,63.4,15200.0,1,17287.0,5,MORTGAGE,MEDICAL,1
24,53000.0,774,0.148,0.442,94.0,8300.0,3,5641.0,5,RENT,PERSONAL,0
45,171700.0,671,0.209,0.266,83.2,36900.0,5,4043.0,5,MORTGAGE,MEDICAL,0
34,153900.0,693,0.198,0.599,65.7,10900.0,0,23663.0,2,RENT,PERSONAL,1
29,45300.0,730,0.123,0.545,86.6,6800.0,17,2252.0,6,MORTGAGE,VENTURE,0
46,54700.0,615,0.215,0.36,81.7,6100.0,0,3379.0,7,RENT,PERSONAL,1
22,57300.0,674,0.081,0.4,100.0,12200.0,2,5624.0,3,RENT,PERSONAL,0
40,45700.0,679,0.223,0.433,72.3,24200.0,3,7856.0,6,MORTGAGE,MEDICAL,0
48,67300.0,598,0.325,0.66,86.5,6900.0,0,13522.0,11,MORTGAGE,PERSONAL,1
67,38000.0,843,0.104,0.613,96.2,6400.0,3,3637.0,6,MORTGAGE,PERSONAL,0
27,30400.0,564,0.051,0.477,87.5,8900.0,10,5174.0,3,RENT,DEBTCONSOLIDATION,0
64,87000.0,572,0.3,0.516,80.1,12700.0,11,5798.0,6,OWN,EDUCATION,0
28,87400.0,768,0.271,0.33,78.0,6400.0,1,5318.0,7,MORTGAGE,DEBTCONSOLIDATION,0
67,37000.0,723,0.255,0.237,78.3,14500.0,4,2424.0,3,RENT,PERSONAL,1
55,102500.0,593,0.137,0.361,75.9,39700.0,7,7167.0,2,MORTGAGE,DEBTCONSOLIDATION,0
34,41000.0,715,0.161,0.72,73.6,13200.0,1,9014.0,7,RENT,PERSONAL,1
37,69700.0,780,0.081,0.182,95.6,10000.0,3,3523.0,5,RENT,PERSONAL,0
56,97900.0,667,0.281,0.495,94.6,29200.0,2,13741.0,4,MORTGAGE,EDUCATION,0
60,58700.0,850,0.08,0.291,90.7,6000.0,2,3367.0,6,MORTGAGE,EDUCATION,0
24,78700.0,540,0.039,0.487,84.7,19400.0,0,2656.0,5,RENT,PERSONAL,0
22,43900.0,722,0.062,0.088,84.3,13600.0,2,1373.0,2,OWN,MEDICAL,0
26,53200.0,757,0.356,0.301,63.2,43700.0,0,1216.0,5,RENT,MEDICAL,1
62,52900.0,736,0.393,0.411,90.4,32100.0,1,4618.0,9,RENT,MEDICAL,1
24,38300.0,654,0.38,0.119,82.2,3400.0,2,710.0,10,MORTGAGE,VENTURE,0
49,53800.0,648,0.407,0.817,67.6,15500.0,2,6757.0,8,MORTGAGE,MEDICAL,1
38,23600.0,703,0.052,0.652,94.6,4800.0,12,1990.0,8,MORTGAGE,PERSONAL,0
46,44600.0,731,0.305,0.258,80.1,29700.0,4,1669.0,3,MORTGAGE,EDUCATION,1
64,50500.0,715,0.196,0.195,91.0,6900.0,18,3785.0,3,MORTGAGE,MEDICAL,0
54,51300.0,748,0.148,0.117,87.3,23200.0,4,2342.0,2,MORTGAGE,PERSONAL,0
30,51800.0,593,0.249,0.333,71.1,29900.0,8,4309.0,6,OWN,MEDICAL,0
56,57700.0,652,0.313,0.519,91.0,3700.0,8,6996.0,9,MORTGAGE,PERSONAL,0
34,79800.0,599,0.07,0.303,74.0,37500.0,6,1618.0,7,RENT,EDUCATION,0
51,101200.0,641,0.45,0.109,62.0,29300.0,5,3655.0,4,RENT,DEBTCONSOLIDATION,1
35,40500.0,746,0.116,0.424,90.9,6400.0,2,1884.0,6,RENT,PERSONAL,0
28,29100.0,678,0.533,0.259,84.4,30100.0,4,753.0,5,MORTGAGE,PERSONAL,1
34,32000.0,850,0.212,0.366,83.3,5800.0,1,2324.0,6,RENT,EDUCATION,1
43,44700.0,684,0.155,0.342,91.1,25200.0,4,2624.0,5,MORTGAGE,DEBTCONSOLIDATION,0
60,48500.0,674,0.071,0.327,68.2,12500.0,3,1329.0,4,RENT,MEDICAL,1
41,37700.0,677,0.12,0.636,70.6,4900.0,8,2440.0,2,MORTGAGE,VENTURE,0
36,27500.0,622,0.386,0.614,68.7,37500.0,11,6709.0,3,RENT,MEDICAL,1
65,45500.0,665,0.201,0.66,76.3,37500.0,0,9225.0,6,OWN,VENTURE,1
38,66800.0,754,0.164,0.428,86.0,15300.0,5,7419.0,2,RENT,EDUCATION,0
67,85600.0,678,0.076,0.135,100.0,13600.0,14,1806.0,6,MORTGAGE,VENTURE,0
44,42900.0,610,0.273,0.456,79.1,10100.0,12,3912.0,5,MORTGAGE,DEBTCONSOLIDATION,0
46,46700.0,600,0.284,0.667,84.0,19700.0,8,8404.0,7,RENT,EDUCATION,1
45,34300.0,636,0.33,0.555,64.9,17800.0,0,6177.0,9,RENT,EDUCATION,1
65,58800.0,675,0.176,0.451,75.4,38900.0,1,10110.0,5,RENT,PERSONAL,1
61,36000.0,759,0.447,0.618,57.3,15500.0,0,2068.0,4,RENT,PERSONAL,1
49,84400.0,569,0.278,0.591,100.0,35600.0,13,5840.0,8,RENT,VENTURE,1
35,20500.0,646,0.131,0.625,59.3,3600.0,6,3186.0,6,MORTGAGE,MEDICAL,1
65,48300.0,680,0.098,0.421,75.8,23600.0,3,7696.0,5,RENT,VENTURE,0
21,71700.0,532,0.146,0.593,80.3,15100.0,19,8860.0,3,RENT,PERSONAL,0
45,66900.0,607,0.165,0.194,100.0,17200.0,1,3529.0,10,RENT,VENTURE,0
27,301300.0,619,0.111,0.577,84.7,47700.0,5,26565.0,6,RENT,EDUCATION,0
29,73900.0,610,0.325,0.375,65.1,29000.0,4,9259.0,6,RENT,MEDICAL,1
44,32800.0,684,0.1,0.326,78.4,10500.0,2,2800.0,9,MORTGAGE,DEBTCONSOLIDATION,0
21,56500.0,657,0.206,0.276,82.7,7400.0,3,2864.0,6,RENT,MEDICAL,1
64,20600.0,628,0.298,0.209,74.3,3500.0,1,1033.0,7,RENT,PERSONAL,1
28,57000.0,702,0.153,0.252,73.1,18300.0,5,4211.0,6,RENT,MEDICAL,1
44,36300.0,799,0.191,0.573,72.2,31600.0,2,2594.0,6,MORTGAGE,EDUCATION,1
31,103700.0,792,0.348,0.705,72.6,32500.0,0,12392.0,6,RENT,MEDICAL,1
37,43100.0,525,0.043,0.373,70.8,10100.0,15,2213.0,7,RENT,PERSONAL,0
28,55800.0,713,0.106,0.167,71.2,32100.0,3,3597.0,8,OWN,DEBTCONSOLIDATION,0
55,40900.0,656,0.315,0.506,77.9,32500.0,6,1346.0,6,MORTGAGE,MEDICAL,1
55,170000.0,681,0.024,0.372,90.8,26300.0,1,4411.0,4,MORTGAGE,EDUCATION,0
53,49400.0,640,0.293,0.147,66.5,13900.0,0,1267.0,5,MORTGAGE,EDUCATION,0
25,179800.0,678,0.489,0.358,72.1,12900.0,11,15340.0,7,RENT,MEDICAL,1
62,97600.0,681,0.036,0.636,82.5,19400.0,4,10249.0,3,MORTGAGE,VENTURE,0
59,80000.0,626,0.096,0.266,88.1,21500.0,3,7446.0,5,MORTGAGE,PERSONAL,0
61,74700.0,602,0.338,0.52,99.6,9600.0,3,4245.0,6,RENT,MEDICAL,1
48,75800.0,636,0.121,0.291,90.2,10400.0,1,3918.0,10,RENT,DEBTCONSOLIDATION,0
27,18800.0,687,0.142,0.525,83.6,16100.0,12,2179.0,5,MORTGAGE,DEBTCONSOLIDATION,0
29,50600.0,714,0.26,0.612,81.4,8700.0,1,3740.0,5,RENT,PERSONAL,1
28,99400.0,734,0.171,0.423,80.3,9400.0,0,6371.0,6,RENT,EDUCATION,0
32,58100.0,632,0.106,0.141,67.8,3900.0,13,3126.0,3,OWN,VENTURE,0
54,25800.0,691,0.15,0.583,86.5,6600.0,1,3491.0,4,RENT,EDUCATION,0
53,58000.0,742,0.059,0.517,76.5,22500.0,9,10627.0,8,MORTGAGE,VENTURE,0
43,166500.0,757,0.034,0.711,83.6,27000.0,7,17080.0,5,MORTGAGE,VENTURE,0
44,126500.0,665,0.2,0.215,70.5,13000.0,2,7189.0,5,MORTGAGE,PERSONAL,0
57,57700.0,653,0.136,0.446,80.6,23200.0,1,8161.0,7,OWN,VENTURE,0
55,106000.0,684,0.045,0.818,70.6,2800.0,7,17130.0,5,MORTGAGE,DEBTCONSOLIDATION,0
64,48100.0,583,0.104,0.27,88.1,18000.0,4,3489.0,6,MORTGAGE,DEBTCONSOLIDATION,0
60,21500.0,655,0.084,0.189,78.7,4800.0,1,1431.0,4,MORTGAGE,PERSONAL,0
42,34400.0,725,0.302,0.471,83.9,7400.0,11,1608.0,4,OWN,DEBTCONSOLIDATION,0
47,152900.0,718,0.061,0.494,76.5,21000.0,6,13155.0,1,RENT,MEDICAL,0
55,50800.0,649,0.277,0.28,90.0,23700.0,11,4813.0,6,MORTGAGE,EDUCATION,0
21,51700.0,686,0.137,0.628,86.0,3500.0,2,4247.0,9,RENT,VENTURE,0
55,50000.0,608,0.168,0.433,71.7,4200.0,0,5296.0,3,MORTGAGE,VENTURE,0
57,187700.0,722,0.227,0.462,70.7,8400.0,12,17630.0,4,MORTGAGE,MEDICAL,0
67,158800.0,664,0.126,0.471,92.2,3800.0,4,21146.0,2,MORTGAGE,PERSONAL,0
34,226700.0,649,0.382,0.476,54.2,10000.0,4,30625.0,5,RENT,PERSONAL,1
23,54400.0,642,0.138,0.609,98.3,24500.0,4,8364.0,7,MORTGAGE,VENTURE,0
21,71500.0,665,0.18,0.548,73.0,4500.0,3,14943.0,5,MORTGAGE,EDUCATION,0
25,24100.0,636,0.068,0.128,89.5,54700.0,1,344.0,4,MORTGAGE,PERSONAL,1
46,145200.0,719,0.248,0.283,86.2,11100.0,4,14065.0,5,OWN,DEBTCONSOLIDATION,0
34,29700.0,640,0.042,0.538,77.4,17300.0,6,3536.0,8,RENT,DEBTCONSOLIDATION,0
59,68200.0,789,0.161,0.344,85.4,6500.0,12,6607.0,8,MORTGAGE,MEDICAL,0
47,31000.0,779,0.137,0.327,82.4,27700.0,0,1478.0,5,MORTGAGE,PERSONAL,1
29,42100.0,603,0.133,0.61,90.9,15700.0,1,2134.0,8,RENT,DEBTCONSOLIDATION,1
35,36200.0,675,0.227,0.311,72.5,16000.0,7,3627.0,7,RENT,PERSONAL,0
35,41600.0,621,0.308,0.371,89.7,17500.0,7,2132.0,7,RENT,PERSONAL,1
46,43300.0,645,0.01,0.405,58.5,5400.0,1,3272.0,8,RENT,DEBTCONSOLIDATION,1
62,43100.0,820,0.201,0.465,88.8,17800.0,1,1335.0,6,MORTGAGE,PERSONAL,0
33,98700.0,646,0.264,0.766,81.7,21900.0,2,20986.0,1,RENT,MEDICAL,1
52,30900.0,697,0.074,0.5,87.4,4600.0,0,4490.0,6,RENT,PERSONAL,0
59,68300.0,710,0.185,0.375,88.9,11100.0,6,9363.0,10,OWN,EDUCATION,0
52,124300.0,594,0.119,0.244,99.2,10800.0,5,10975.0,9,RENT,EDUCATION,0
24,44000.0,605,0.32,0.473,83.1,13800.0,9,6177.0,11,RENT,EDUCATION,1
50,38900.0,579,0.121,0.322,71.2,22100.0,2,2039.0,6,MORTGAGE,EDUCATION,0
57,52100.0,603,0.215,0.289,100.0,23700.0,5,2727.0,4,RENT,PERSONAL,0
43,121500.0,456,0.186,0.697,86.0,12500.0,15,15548.0,4,RENT,PERSONAL,0
59,67300.0,710,0.22,0.366,92.0,26100.0,15,2349.0,3,OWN,DEBTCONSOLIDATION,0
65,43500.0,824,0.241,0.862,77.0,5100.0,0,14307.0,4,RENT,PERSONAL,1
35,80000.0,681,0.191,0.723,76.9,16000.0,0,19455.0,4,RENT,PERSONAL,1
63,30900.0,563,0.222,0.293,83.3,3300.0,16,913.0,6,MORTGAGE,PERSONAL,0
49,90100.0,621,0.286,0.637,88.5,9400.0,3,21882.0,10,RENT,MEDICAL,1
56,76500.0,635,0.23,0.361,85.3,18700.0,6,9531.0,5,MORTGAGE,PERSONAL,0
33,49800.0,593,0.312,0.171,70.0,22000.0,12,3164.0,9,RENT,MEDICAL,1
52,36200.0,734,0.059,0.355,100.0,16400.0,2,1927.0,4,RENT,EDUCATION,0
27,35200.0,730,0.233,0.7,67.7,40200.0,2,4126.0,7,MORTGAGE,DEBTCONSOLIDATION,1
42,82500.0,583,0.105,0.268,86.0,14400.0,0,4742.0,5,OWN,EDUCATION,0
48,125200.0,724,0.287,0.341,82.3,4100.0,11,5485.0,3,MORTGAGE,DEBTCONSOLIDATION,0
22,40800.0,784,0.083,0.437,100.0,2700.0,5,3796.0,11,RENT,VENTURE,0
62,78800.0,812,0.339,0.553,76.8,6700.0,0,2319.0,9,RENT,DEBTCONSOLIDATION,1
65,18000.0,850,0.198,0.2,67.3,6600.0,4,1286.0,2,RENT,EDUCATION,0
26,42200.0,602,0.346,0.58,89.8,13700.0,1,2614.0,8,MORTGAGE,DEBTCONSOLIDATION,0
48,58800.0,850,0.386,0.268,76.0,9100.0,0,3550.0,5,RENT,MEDICAL,1
48,34700.0,643,0.167,0.677,94.8,6900.0,1,8812.0,5,MORTGAGE,EDUCATION,0
64,34100.0,625,0.158,0.541,92.5,8900.0,4,6223.0,13,OWN,MEDICAL,0
64,40100.0,694,0.224,0.664,90.5,10500.0,4,8564.0,9,MORTGAGE,VENTURE,0
40,71300.0,626,0.184,0.295,72.7,7400.0,7,5509.0,10,MORTGAGE,DEBTCONSOLIDATION,0
50,53500.0,699,0.186,0.389,92.4,13700.0,1,4218.0,9,RENT,EDUCATION,0
31,18000.0,570,0.291,0.461,100.0,25900.0,12,1710.0,3,MORTGAGE,DEBTCONSOLIDATION,1
48,18000.0,652,0.304,0.61,77.4,8500.0,3,883.0,8,MORTGAGE,MEDICAL,0
45,41600.0,766,0.069,0.676,79.6,14200.0,1,2044.0,5,RENT,VENTURE,1
59,78800.0,665,0.327,0.258,80.3,56900.0,2,7018.0,5,MORTGAGE,DEBTCONSOLIDATION,1
53,18000.0,680,0.02,0.504,78.4,15900.0,12,1751.0,7,RENT,PERSONAL,1
21,44400.0,705,0.112,0.481,83.6,28700.0,3,1472.0,3,MORTGAGE,PERSONAL,0
47,43700.0,757,0.221,0.356,82.2,9600.0,10,4388.0,4,MORTGAGE,VENTURE,0
33,137700.0,545,0.083,0.686,81.3,30300.0,0,27314.0,8,RENT,MEDICAL,1
61,47500.0,713,0.208,0.703,71.3,7600.0,12,4328.0,3,RENT,DEBTCONSOLIDATION,1
23,75300.0,649,0.298,0.295,96.3,20400.0,2,4304.0,9,MORTGAGE,MEDICAL,0
59,65200.0,682,0.329,0.608,86.5,28400.0,13,9938.0,8,RENT,VENTURE,1
26,18000.0,749,0.179,0.629,93.6,39300.0,10,2929.0,7,MORTGAGE,PERSONAL,1
28,94900.0,580,0.198,0.235,89.2,14600.0,5,5105.0,8,MORTGAGE,MEDICAL,0
47,68100.0,594,0.401,0.559,50.1,11100.0,5,6756.0,5,OWN,PERSONAL,1
29,81200.0,524,0.093,0.266,92.9,5100.0,1,1600.0,2,RENT,VENTURE,0
57,350000.0,628,0.202,0.504,91.7,12700.0,4,10196.0,10,MORTGAGE,DEBTCONSOLIDATION,0
53,18000.0,769,0.121,0.357,84.9,23500.0,3,1355.0,5,MORTGAGE,PERSONAL,1
62,168500.0,660,0.238,0.547,100.0,21800.0,2,11155.0,5,MORTGAGE,PERSONAL,0
64,50400.0,569,0.48,0.11,94.5,13200.0,3,2098.0,2,MORTGAGE,MEDICAL,0
44,71100.0,633,0.125,0.124,94.1,17300.0,13,2417.0,8,RENT,EDUCATION,0
35,58300.0,558,0.259,0.453,61.6,43000.0,0,6733.0,5,RENT,EDUCATION,1
52,46400.0,585,0.224,0.463,98.1,21500.0,2,4131.0,6,MORTGAGE,EDUCATION,0
52,42500.0,699,0.111,0.303,90.1,11300.0,2,2129.0,6,RENT,PERSONAL,0
44,73000.0,581,0.408,0.199,65.9,13300.0,16,1641.0,7,RENT,DEBTCONSOLIDATION,0
61,24100.0,753,0.241,0.513,85.8,21400.0,18,878.0,6,RENT,EDUCATION,1
32,93900.0,664,0.137,0.037,61.7,20300.0,4,945.0,5,MORTGAGE,EDUCATION,0
59,46600.0,676,0.177,0.414,90.2,64900.0,3,6226.0,5,RENT,EDUCATION,1
22,30400.0,649,0.07,0.137,84.2,42400.0,11,1459.0,3,MORTGAGE,PERSONAL,0
23,45700.0,727,0.264,0.577,74.8,6500.0,0,8003.0,4,RENT,PERSONAL,1
57,127300.0,728,0.266,0.175,90.5,8500.0,4,8108.0,4,MORTGAGE,PERSONAL,0
37,43400.0,695,0.214,0.733,72.9,32700.0,0,12533.0,7,RENT,MEDICAL,1
22,74200.0,712,0.189,0.164,83.4,7800.0,17,4704.0,11,RENT,MEDICAL,0
22,38600.0,654,0.275,0.659,95.3,15000.0,1,6545.0,3,RENT,PERSONAL,1
48,94300.0,710,0.372,0.913,77.9,41700.0,3,11061.0,5,MORTGAGE,EDUCATION,1
43,90300.0,644,0.32,0.217,70.6,16600.0,2,1709.0,8,MORTGAGE,VENTURE,0
57,181500.0,670,0.041,0.412,95.1,26600.0,11,29752.0,3,OWN,EDUCATION,0
52,53900.0,649,0.072,0.277,83.3,15600.0,35,2358.0,8,MORTGAGE,EDUCATION,0
53,89400.0,635,0.186,0.288,100.0,12700.0,0,1593.0,11,MORTGAGE,VENTURE,0
21,63500.0,618,0.249,0.183,88.2,3700.0,6,2171.0,11,MORTGAGE,MEDICAL,0
39,130300.0,705,0.245,0.553,91.2,16000.0,2,22470.0,9,RENT,MEDICAL,1
22,38900.0,768,0.204,0.589,86.4,9200.0,0,8289.0,7,RENT,DEBTCONSOLIDATION,1
64,93600.0,757,0.125,0.522,88.7,34200.0,2,10610.0,6,MORTGAGE,PERSONAL,0
46,53300.0,575,0.185,0.61,89.3,2300.0,31,4972.0,4,MORTGAGE,MEDICAL,0
52,57600.0,766,0.182,0.124,90.1,9400.0,2,2303.0,5,RENT,VENTURE,0
26,63300.0,646,0.129,0.336,68.6,35300.0,1,4814.0,10,MORTGAGE,EDUCATION,1
52,69700.0,715,0.019,0.279,71.7,52500.0,9,1558.0,6,OWN,EDUCATION,0
24,55800.0,602,0.08,0.344,89.9,29900.0,10,6924.0,4,MORTGAGE,MEDICAL,1
31,68100.0,680,0.246,0.229,83.1,21300.0,2,4359.0,6,MORTGAGE,EDUCATION,0
37,154300.0,693,0.149,0.442,72.8,4000.0,1,4289.0,3,RENT,EDUCATION,0
58,108100.0,558,0.147,0.726,85.6,6400.0,5,4173.0,5,RENT,VENTURE,1
44,100900.0,715,0.39,0.297,100.0,25600.0,1,2418.0,6,MORTGAGE,EDUCATION,0
25,45600.0,770,0.238,0.353,84.3,5400.0,3,5436.0,5,RENT,PERSONAL,0
54,35100.0,656,0.08,0.45,87.1,11300.0,0,3451.0,7,MORTGAGE,PERSONAL,0
26,106200.0,772,0.055,0.314,87.4,10700.0,1,5581.0,10,OWN,MEDICAL,0
42,101300.0,655,0.256,0.169,74.7,17900.0,1,2350.0,7,RENT,DEBTCONSOLIDATION,1
31,144900.0,733,0.099,0.229,81.4,21400.0,5,7546.0,7,MORTGAGE,EDUCATION,0
36,41700.0,503,0.052,0.433,56.9,2300.0,1,1428.0,7,MORTGAGE,PERSONAL,0
53,52200.0,850,0.179,0.194,70.7,16300.0,11,2694.0,7,RENT,DEBTCONSOLIDATION,0
29,22400.0,782,0.151,0.381,81.1,8300.0,20,1563.0,8,RENT,VENTURE,1
26,47300.0,648,0.32,0.253,67.7,19700.0,0,4194.0,8,MORTGAGE,DEBTCONSOLIDATION,0
36,108900.0,522,0.23,0.443,81.8,3800.0,2,15151.0,5,OWN,MEDICAL,0
49,45300.0,691,0.205,0.588,78.4,27200.0,1,1503.0,6,RENT,PERSONAL,1
23,87900.0,561,0.063,0.528,97.9,8100.0,2,5025.0,11,MORTGAGE,PERSONAL,0
40,53400.0,703,0.378,0.279,100.0,10200.0,1,3217.0,4,MORTGAGE,DEBTCONSOLIDATION,0
56,72700.0,700,0.305,0.146,81.3,41800.0,2,2978.0,9,RENT,DEBTCONSOLIDATION,1
39,30100.0,599,0.482,0.087,86.5,12100.0,0,786.0,12,RENT,MEDICAL,1
46,63000.0,754,0.302,0.637,96.5,26700.0,1,13471.0,4,MORTGAGE,PERSONAL,0
23,18000.0,730,0.177,0.412,81.9,13100.0,6,499.0,3,MORTGAGE,PERSONAL,1
39,53500.0,743,0.124,0.249,87.0,42900.0,2,752.0,10,MORTGAGE,PERSONAL,0
40,22500.0,670,0.274,0.723,65.3,16900.0,1,4232.0,9,MORTGAGE,VENTURE,1
52,123500.0,563,0.302,0.416,88.2,19200.0,0,15584.0,5,MORTGAGE,DEBTCONSOLIDATION,0
27,95500.0,743,0.043,0.796,97.3,15200.0,2,24732.0,3,OWN,MEDICAL,0
61,79200.0,649,0.176,0.31,68.6,10900.0,5,2566.0,5,MORTGAGE,DEBTCONSOLIDATION,0
53,149100.0,565,0.041,0.318,62.1,24700.0,1,18447.0,6,RENT,VENTURE,0
60,33900.0,771,0.182,0.637,97.5,7900.0,2,2814.0,6,RENT,EDUCATION,0
59,170800.0,827,0.316,0.492,78.2,22200.0,15,11564.0,7,RENT,MEDICAL,1
38,104700.0,666,0.298,0.37,72.6,26200.0,4,4029.0,9,RENT,VENTURE,1
60,52000.0,831,0.023,0.538,83.2,19500.0,3,1822.0,4,MORTGAGE,EDUCATION,0
21,118300.0,676,0.219,0.445,75.4,6900.0,2,17552.0,2,MORTGAGE,MEDICAL,0
31,30800.0,641,0.062,0.48,69.6,18300.0,4,768.0,7,MORTGAGE,PERSONAL,0
48,36500.0,622,0.091,0.417,63.7,27800.0,20,3232.0,11,OWN,DEBTCONSOLIDATION,0
45,41600.0,792,0.226,0.196,100.0,5500.0,1,670.0,6,RENT,EDUCATION,0
43,43600.0,611,0.168,0.141,100.0,4600.0,14,404.0,10,RENT,EDUCATION,0
51,31800.0,725,0.081,0.652,79.0,24100.0,0,7819.0,8,RENT,VENTURE,1
50,124700.0,628,0.209,0.553,100.0,8500.0,0,23370.0,4,RENT,VENTURE,0
62,51300.0,635,0.214,0.292,97.9,22500.0,5,2819.0,8,RENT,VENTURE,0
55,74000.0,747,0.071,0.341,81.4,44300.0,1,5312.0,3,RENT,EDUCATION,0
27,42500.0,641,0.224,0.577,100.0,4800.0,2,8677.0,6,RENT,DEBTCONSOLIDATION,0
36,20100.0,639,0.206,0.532,57.5,4500.0,6,3517.0,6,RENT,MEDICAL,1
46,70400.0,754,0.305,0.424,79.5,23400.0,3,8718.0,3,OWN,EDUCATION,0
22,19000.0,789,0.34,0.21,100.0,33500.0,0,949.0,6,RENT,EDUCATION,1
21,57500.0,718,0.18,0.24,77.9,44400.0,1,3626.0,5,MORTGAGE,PERSONAL,1
32,26300.0,620,0.271,0.22,96.1,23500.0,0,1086.0,5,MORTGAGE,PERSONAL,0
25,197300.0,631,0.177,0.173,70.2,12200.0,13,8016.0,7,MORTGAGE,VENTURE,0
57,103400.0,675,0.163,0.305,74.1,14300.0,7,7534.0,7,OWN,EDUCATION,0
52,63800.0,694,0.293,0.357,86.7,16900.0,20,8033.0,7,MORTGAGE,EDUCATION,0
29,127800.0,595,0.307,0.129,89.9,43400.0,10,2086.0,5,RENT,PERSONAL,0
61,36000.0,724,0.202,0.412,84.5,16400.0,3,2022.0,4,MORTGAGE,DEBTCONSOLIDATION,0
55,83000.0,676,0.321,0.344,77.0,8200.0,10,3536.0,6,MORTGAGE,EDUCATION,0
39,67500.0,541,0.198,0.885,70.8,15600.0,5,15096.0,8,MORTGAGE,EDUCATION,0
36,70200.0,600,0.089,0.291,100.0,4500.0,3,5992.0,3,RENT,DEBTCONSOLIDATION,0
23,128500.0,632,0.193,0.391,86.2,9100.0,2,6706.0,5,MORTGAGE,MEDICAL,0
40,92900.0,664,0.156,0.403,95.3,10800.0,5,10743.0,7,MORTGAGE,MEDICAL,0
44,71200.0,811,0.243,0.646,93.9,10200.0,4,12411.0,4,MORTGAGE,PERSONAL,0
53,22200.0,687,0.141,0.381,76.3,4400.0,4,1373.0,3,RENT,MEDICAL,1
44,33700.0,606,0.234,0.344,82.6,5800.0,2,1512.0,8,RENT,EDUCATION,0
31,55600.0,686,0.187,0.608,72.8,13200.0,6,12123.0,3,RENT,DEBTCONSOLIDATION,1
28,63300.0,643,0.25,0.724,91.2,24000.0,0,11429.0,8,MORTGAGE,MEDICAL,1
56,30400.0,694,0.17,0.739,80.1,10000.0,6,6658.0,3,RENT,DEBTCONSOLIDATION,1
58,254500.0,713,0.01,0.196,100.0,14100.0,6,18649.0,1,OWN,VENTURE,0
60,148700.0,760,0.166,0.588,62.7,24700.0,3,10657.0,4,RENT,PERSONAL,1
40,85900.0,668,0.137,0.168,88.0,75000.0,1,2492.0,10,MORTGAGE,DEBTCONSOLIDATION,0
55,62500.0,792,0.488,0.66,100.0,10700.0,3,8335.0,8,RENT,PERSONAL,1
45,52700.0,738,0.353,0.723,73.2,7400.0,0,5011.0,9,RENT,PERSONAL,1
55,33800.0,616,0.161,0.392,83.9,23200.0,1,4560.0,2,RENT,EDUCATION,1
45,62700.0,835,0.228,0.184,77.8,24300.0,2,914.0,5,RENT,EDUCATION,1
49,69900.0,694,0.092,0.569,92.8,5300.0,5,5318.0,11,RENT,PERSONAL,0
38,28400.0,607,0.14,0.117,58.0,6100.0,1,388.0,5,RENT,MEDICAL,1
66,73200.0,793,0.174,0.152,67.6,5100.0,0,4269.0,5,RENT,DEBTCONSOLIDATION,0
38,54500.0,825,0.474,0.631,70.1,8100.0,4,9271.0,4,MORTGAGE,MEDICAL,1
22,19100.0,667,0.077,0.201,92.6,24400.0,5,1154.0,12,RENT,PERSONAL,1
55,35700.0,632,0.295,0.769,79.8,17200.0,0,2414.0,3,MORTGAGE,DEBTCONSOLIDATION,0
36,46700.0,657,0.265,0.731,74.4,15000.0,0,4025.0,1,MORTGAGE,PERSONAL,1
61,185800.0,723,0.11,0.314,86.9,6700.0,0,19455.0,5,MORTGAGE,MEDICAL,0
56,83600.0,765,0.348,0.132,84.7,6400.0,11,2745.0,4,MORTGAGE,MEDICAL,0
53,26900.0,712,0.267,0.245,79.7,14100.0,5,434.0,6,RENT,VENTURE,0
24,80100.0,677,0.279,0.623,76.0,12900.0,12,12375.0,7,MORTGAGE,VENTURE,0
53,23700.0,782,0.234,0.865,71.2,18800.0,5,4436.0,8,OWN,MEDICAL,1
34,114600.0,646,0.252,0.306,99.1,35300.0,16,3640.0,5,OWN,MEDICAL,0
41,45100.0,747,0.127,0.678,100.0,6000.0,2,7875.0,4,RENT,VENTURE,0
40,56600.0,648,0.297,0.498,66.3,12000.0,4,3124.0,4,MORTGAGE,PERSONAL,1
28,132700.0,702,0.32,0.473,77.3,14500.0,4,20965.0,3,RENT,DEBTCONSOLIDATION,1
27,27700.0,661,0.133,0.514,87.4,15300.0,0,3794.0,3,RENT,MEDICAL,1
23,25900.0,665,0.286,0.487,71.2,14100.0,0,4477.0,8,MORTGAGE,VENTURE,1
37,42200.0,641,0.143,0.194,90.9,13000.0,0,1626.0,7,RENT,MEDICAL,0
53,111600.0,770,0.198,0.63,84.6,15300.0,3,16113.0,5,MORTGAGE,DEBTCONSOLIDATION,0
32,24100.0,615,0.112,0.678,92.0,19200.0,2,5167.0,7,RENT,MEDICAL,1
42,18000.0,614,0.105,0.219,100.0,8200.0,3,951.0,9,RENT,PERSONAL,0
42,45700.0,829,0.154,0.685,62.0,18600.0,8,7832.0,2,MORTGAGE,DEBTCONSOLIDATION,1
66,83400.0,743,0.193,0.392,99.6,19200.0,8,7966.0,6,RENT,PERSONAL,0
50,123000.0,491,0.097,0.106,75.7,15700.0,18,2894.0,6,RENT,MEDICAL,0
58,45300.0,627,0.24,0.24,90.5,40300.0,4,3609.0,4,MORTGAGE,PERSONAL,0
58,46800.0,534,0.088,0.203,88.7,15500.0,2,2088.0,4,OWN,PERSONAL,0
65,119700.0,598,0.215,0.349,99.0,17200.0,1,15260.0,9,RENT,PERSONAL,0
28,19500.0,434,0.255,0.621,83.3,6700.0,2,4033.0,3,RENT,DEBTCONSOLIDATION,1
47,47400.0,659,0.152,0.606,72.7,27700.0,1,8398.0,11,RENT,EDUCATION,1
47,67100.0,584,0.331,0.144,85.5,51000.0,2,3522.0,10,RENT,EDUCATION,1
54,78400.0,674,0.196,0.165,100.0,14900.0,0,3079.0,2,MORTGAGE,VENTURE,0
41,44100.0,548,0.196,0.837,86.8,3100.0,5,12463.0,9,RENT,DEBTCONSOLIDATION,1
50,61100.0,676,0.269,0.074,75.7,28400.0,4,609.0,6,MORTGAGE,DEBTCONSOLIDATION,0
53,18000.0,638,0.237,0.457,80.7,34800.0,3,621.0,4,MORTGAGE,MEDICAL,1
48,40300.0,782,0.199,0.07,85.6,15500.0,0,817.0,11,MORTGAGE,VENTURE,0
67,78600.0,775,0.06,0.193,84.0,9300.0,0,2360.0,7,MORTGAGE,MEDICAL,0
53,33200.0,728,0.222,0.761,82.3,32600.0,3,6875.0,9,OWN,DEBTCONSOLIDATION,1
25,62000.0,645,0.039,0.502,94.4,30900.0,0,2399.0,6,MORTGAGE,EDUCATION,0
39,78300.0,818,0.113,0.116,100.0,15900.0,6,3492.0,6,RENT,PERSONAL,0
24,48800.0,553,0.078,0.295,94.0,29700.0,25,3315.0,5,OWN,PERSONAL,0
55,66300.0,564,0.233,0.202,90.1,8000.0,4,714.0,4,RENT,MEDICAL,0
37,33600.0,663,0.143,0.613,95.0,33000.0,6,4462.0,7,RENT,PERSONAL,0
64,52900.0,839,0.212,0.324,90.4,16200.0,2,5594.0,8,MORTGAGE,PERSONAL,0
48,86300.0,654,0.085,0.41,84.3,10800.0,5,12484.0,4,MORTGAGE,DEBTCONSOLIDATION,0
50,65800.0,656,0.121,0.459,75.6,14500.0,5,6386.0,3,RENT,EDUCATION,0
49,42100.0,561,0.087,0.696,75.6,23500.0,8,2757.0,1,RENT,DEBTCONSOLIDATION,1
66,68500.0,740,0.406,0.598,82.5,16600.0,6,15040.0,5,RENT,VENTURE,1
26,91900.0,741,0.106,0.724,86.1,48300.0,6,26176.0,1,OWN,EDUCATION,0
55,18000.0,729,0.115,0.233,96.3,31200.0,4,302.0,5,MORTGAGE,PERSONAL,1
61,120000.0,622,0.344,0.131,81.3,5900.0,3,1216.0,3,MORTGAGE,DEBTCONSOLIDATION,0
57,48900.0,616,0.223,0.419,78.4,25500.0,3,5080.0,4,RENT,DEBTCONSOLIDATION,1
44,77300.0,573,0.238,0.822,85.9,27000.0,2,15051.0,2,RENT,PERSONAL,1
49,122800.0,676,0.122,0.591,87.7,20600.0,1,18581.0,8,MORTGAGE,MEDICAL,0
66,26300.0,588,0.236,0.564,75.6,6900.0,0,2388.0,2,MORTGAGE,MEDICAL,1
51,39100.0,581,0.14,0.477,74.0,29200.0,5,1261.0,9,RENT,DEBTCONSOLIDATION,1
55,50400.0,638,0.232,0.231,90.3,16000.0,11,2947.0,6,RENT,MEDICAL,0
53,37400.0,633,0.282,0.519,81.1,6600.0,13,1999.0,9,MORTGAGE,EDUCATION,0
41,169600.0,629,0.166,0.051,96.8,17100.0,4,1466.0,4,MORTGAGE,VENTURE,0
52,35800.0,704,0.373,0.153,85.9,29500.0,0,1390.0,6,RENT,MEDICAL,1
43,42900.0,675,0.258,0.273,81.8,7400.0,10,1440.0,7,OWN,EDUCATION,0
53,67700.0,648,0.174,0.345,68.5,7400.0,6,5602.0,5,MORTGAGE,MEDICAL,0
23,29100.0,683,0.467,0.264,82.7,22300.0,1,2306.0,3,RENT,DEBTCONSOLIDATION,1
38,47200.0,595,0.053,0.271,70.8,17300.0,8,934.0,8,RENT,DEBTCONSOLIDATION,0
45,72400.0,677,0.112,0.762,67.2,23700.0,3,14720.0,7,MORTGAGE,VENTURE,1
62,49000.0,681,0.25,0.11,100.0,14000.0,10,1231.0,3,RENT,PERSONAL,0
51,56600.0,557,0.212,0.511,76.8,75000.0,1,2433.0,3,MORTGAGE,PERSONAL,1
23,43600.0,744,0.018,0.377,93.3,10400.0,8,4885.0,5,MORTGAGE,MEDICAL,0
60,24100.0,603,0.172,0.239,69.3,21300.0,6,915.0,5,MORTGAGE,PERSONAL,0
66,72600.0,676,0.265,0.548,74.1,9700.0,0,4528.0,11,MORTGAGE,MEDICAL,0
44,171600.0,757,0.187,0.295,73.0,5000.0,4,7536.0,5,RENT,EDUCATION,0
52,60500.0,739,0.346,0.557,90.8,12300.0,6,8127.0,11,RENT,PERSONAL,0
67,68500.0,672,0.128,0.273,88.0,11000.0,0,4732.0,1,RENT,PERSONAL,0
42,90700.0,642,0.388,0.257,66.7,46700.0,3,2550.0,5,RENT,PERSONAL,1
43,28000.0,741,0.154,0.433,65.6,18200.0,1,4581.0,8,OWN,VENTURE,0
22,166300.0,720,0.281,0.448,88.4,7800.0,5,12303.0,7,OWN,EDUCATION,0
47,67600.0,623,0.128,0.284,98.3,14000.0,3,2763.0,8,RENT,PERSONAL,0
62,159400.0,610,0.483,0.544,97.7,7100.0,4,10003.0,6,RENT,PERSONAL,1
22,38600.0,514,0.135,0.447,73.3,11300.0,0,1591.0,9,RENT,MEDICAL,1
46,178200.0,681,0.336,0.238,77.4,27800.0,0,16699.0,7,RENT,DEBTCONSOLIDATION,0
37,95300.0,663,0.186,0.425,88.3,18700.0,4,11590.0,3,MORTGAGE,MEDICAL,0
60,83400.0,755,0.451,0.725,89.1,4200.0,0,19679.0,7,RENT,EDUCATION,1
53,68900.0,696,0.1,0.259,85.0,7700.0,3,3400.0,2,RENT,EDUCATION,0
29,51600.0,770,0.269,0.433,77.6,7500.0,5,4359.0,5,MORTGAGE,EDUCATION,0
63,123000.0,617,0.441,0.83,87.7,8300.0,8,40368.0,7,MORTGAGE,DEBTCONSOLIDATION,0
59,65100.0,755,0.2,0.369,84.0,16400.0,0,2888.0,7,RENT,PERSONAL,0
49,18400.0,630,0.217,0.564,84.4,27800.0,6,1706.0,4,RENT,EDUCATION,1
62,30600.0,728,0.163,0.565,92.7,10600.0,2,2045.0,5,MORTGAGE,EDUCATION,0
46,53600.0,560,0.025,0.268,95.3,8600.0,5,2139.0,7,RENT,MEDICAL,0
55,72100.0,687,0.058,0.308,86.2,24000.0,0,6268.0,8,RENT,VENTURE,0
45,57900.0,521,0.298,0.443,85.6,16600.0,3,4056.0,6,MORTGAGE,MEDICAL,1
44,124400.0,649,0.149,0.51,80.1,9300.0,9,22614.0,3,OWN,DEBTCONSOLIDATION,0
33,18600.0,703,0.11,0.346,83.6,10200.0,0,431.0,1,MORTGAGE,EDUCATION,1
27,65300.0,630,0.583,0.336,91.1,10900.0,8,3821.0,4,MORTGAGE,PERSONAL,0
56,20100.0,591,0.075,0.591,87.9,29100.0,3,4173.0,8,MORTGAGE,VENTURE,1
65,94500.0,733,0.142,0.288,75.5,18200.0,8,7280.0,7,RENT,PERSONAL,0
40,56600.0,662,0.016,0.288,74.9,48300.0,15,5214.0,4,RENT,DEBTCONSOLIDATION,0
21,77000.0,633,0.073,0.314,74.5,19600.0,0,3948.0,5,MORTGAGE,DEBTCONSOLIDATION,0
28,35700.0,673,0.28,0.628,95.8,7200.0,5,4019.0,6,RENT,MEDICAL,1
66,129000.0,850,0.174,0.379,62.1,4200.0,1,17644.0,6,RENT,VENTURE,0
36,111900.0,756,0.266,0.288,65.7,8600.0,0,10066.0,5,RENT,VENTURE,1
34,85000.0,757,0.367,0.084,74.6,4300.0,4,1317.0,2,RENT,VENTURE,0
32,55400.0,702,0.14,0.454,91.0,7800.0,0,3153.0,2,MORTGAGE,EDUCATION,0
43,84800.0,682,0.068,0.583,78.8,13500.0,3,4311.0,3,MORTGAGE,MEDICAL,0
35,39200.0,490,0.194,0.296,72.1,5400.0,5,4080.0,5,RENT,EDUCATION,0
48,100000.0,619,0.224,0.324,86.3,23200.0,3,9531.0,5,RENT,VENTURE,0
54,161100.0,633,0.239,0.108,86.9,9400.0,5,4568.0,4,RENT,PERSONAL,0
22,113800.0,529,0.502,0.471,91.4,23400.0,8,17249.0,6,RENT,EDUCATION,1
52,38600.0,583,0.479,0.257,98.4,6900.0,10,3673.0,8,MORTGAGE,PERSONAL,0
43,74400.0,521,0.197,0.446,96.8,22200.0,4,10504.0,4,MORTGAGE,DEBTCONSOLIDATION,0
42,27600.0,667,0.144,0.654,88.7,9400.0,1,3560.0,11,MORTGAGE,VENTURE,0
45,84400.0,731,0.105,0.571,81.0,11300.0,3,5386.0,3,RENT,MEDICAL,1
42,78500.0,753,0.334,0.61,87.2,8600.0,2,14358.0,6,MORTGAGE,PERSONAL,0
42,19500.0,701,0.109,0.181,77.1,12000.0,1,481.0,7,MORTGAGE,PERSONAL,0
62,29800.0,597,0.292,0.484,92.7,20000.0,3,4672.0,9,RENT,VENTURE,1
26,50500.0,525,0.238,0.68,76.0,5100.0,0,5788.0,8,RENT,MEDICAL,1
35,50000.0,538,0.131,0.411,72.9,63300.0,4,2155.0,2,MORTGAGE,PERSONAL,0
63,29000.0,574,0.211,0.714,93.4,63800.0,8,2881.0,5,MORTGAGE,MEDICAL,1
57,75600.0,603,0.175,0.184,64.7,9400.0,35,1994.0,6,MORTGAGE,PERSONAL,0
53,69600.0,658,0.131,0.041,74.8,26800.0,12,521.0,7,RENT,EDUCATION,0
28,53300.0,593,0.109,0.409,89.2,5800.0,0,3053.0,4,MORTGAGE,EDUCATION,0
64,38000.0,695,0.267,0.187,81.0,4200.0,0,916.0,8,MORTGAGE,DEBTCONSOLIDATION,0
64,112300.0,652,0.142,0.383,80.5,51700.0,0,8048.0,7,MORTGAGE,DEBTCONSOLIDATION,0
25,161700.0,670,0.132,0.33,69.4,23300.0,4,18881.0,5,MORTGAGE,PERSONAL,0
59,44800.0,755,0.135,0.247,70.4,14900.0,0,826.0,8,RENT,VENTURE,1
24,41500.0,581,0.196,0.193,79.8,22700.0,13,1231.0,6,RENT,DEBTCONSOLIDATION,0
26,80400.0,701,0.343,0.868,64.0,8400.0,0,17224.0,4,OWN,EDUCATION,1
65,48300.0,668,0.13,0.138,81.9,14400.0,2,2373.0,5,RENT,EDUCATION,0
52,55100.0,644,0.189,0.552,95.6,15800.0,11,4545.0,9,RENT,PERSONAL,0
50,93300.0,736,0.36,0.234,94.6,4900.0,14,3756.0,8,MORTGAGE,MEDICAL,0
67,19000.0,735,0.163,0.249,88.4,30000.0,3,1558.0,3,MORTGAGE,PERSONAL,1
55,132100.0,599,0.106,0.468,84.3,9800.0,3,11152.0,9,RENT,PERSONAL,0
60,62500.0,656,0.17,0.679,81.0,5900.0,5,14770.0,7,MORTGAGE,PERSONAL,1
36,46800.0,691,0.256,0.473,82.7,43700.0,2,4634.0,6,OWN,DEBTCONSOLIDATION,0
33,56800.0,649,0.127,0.489,71.8,31800.0,1,6921.0,5,MORTGAGE,DEBTCONSOLIDATION,0
62,58500.0,713,0.183,0.71,75.2,11600.0,6,10230.0,5,RENT,DEBTCONSOLIDATION,0
50,21200.0,691,0.303,0.368,63.9,5600.0,4,716.0,4,RENT,DEBTCONSOLIDATION,1
39,146800.0,807,0.243,0.532,92.1,19400.0,3,13607.0,4,MORTGAGE,MEDICAL,0
37,61400.0,555,0.027,0.154,80.8,14100.0,0,1272.0,6,RENT,MEDICAL,0
39,78100.0,660,0.312,0.596,100.0,62300.0,0,13455.0,6,RENT,DEBTCONSOLIDATION,1
48,106000.0,601,0.106,0.284,75.6,34400.0,3,11342.0,6,RENT,DEBTCONSOLIDATION,0
46,32400.0,715,0.114,0.319,81.9,9800.0,4,1285.0,9,OWN,MEDICAL,0
57,79500.0,548,0.206,0.422,89.6,37300.0,5,2749.0,7,RENT,PERSONAL,1
46,51000.0,695,0.256,0.742,86.5,34700.0,11,8602.0,6,RENT,PERSONAL,1
43,99500.0,622,0.467,0.612,81.1,4000.0,8,11375.0,3,RENT,VENTURE,1
29,18000.0,614,0.086,0.221,100.0,20200.0,0,249.0,6,MORTGAGE,PERSONAL,0
32,56400.0,561,0.231,0.713,72.0,31500.0,7,14982.0,6,MORTGAGE,MEDICAL,1
21,41700.0,635,0.283,0.301,88.9,10100.0,5,4758.0,5,RENT,DEBTCONSOLIDATION,1
21,77600.0,751,0.162,0.503,77.3,5700.0,8,13570.0,8,RENT,PERSONAL,0
67,79400.0,668,0.388,0.462,80.5,75000.0,9,5436.0,3,RENT,PERSONAL,1
54,39200.0,717,0.456,0.154,84.8,41000.0,2,561.0,2,MORTGAGE,DEBTCONSOLIDATION,0
52,39100.0,794,0.236,0.391,80.6,16400.0,1,3935.0,6,MORTGAGE,MEDICAL,1
45,56000.0,689,0.062,0.715,80.2,3100.0,4,5947.0,6,RENT,EDUCATION,1
60,35000.0,628,0.06,0.6,65.4,10300.0,1,2533.0,5,RENT,PERSONAL,1
65,99200.0,705,0.217,0.687,91.7,54600.0,2,18704.0,11,RENT,DEBTCONSOLIDATION,1
21,48000.0,629,0.245,0.359,65.3,35200.0,0,5387.0,2,RENT,EDUCATION,1
36,18000.0,632,0.356,0.775,97.4,11400.0,23,3272.0,8,OWN,MEDICAL,1
59,47800.0,556,0.203,0.272,80.9,9700.0,1,2106.0,3,MORTGAGE,EDUCATION,0
25,32100.0,739,0.171,0.429,92.0,38500.0,7,3159.0,7,RENT,MEDICAL,1
42,22500.0,641,0.22,0.282,55.8,11700.0,24,1649.0,7,OWN,VENTURE,0
49,28500.0,683,0.194,0.183,81.6,12700.0,17,355.0,7,MORTGAGE,EDUCATION,0
23,63900.0,592,0.14,0.505,81.9,18800.0,5,6626.0,4,MORTGAGE,EDUCATION,0
32,132900.0,702,0.435,0.526,72.5,21000.0,3,18135.0,4,OWN,EDUCATION,0
46,72300.0,612,0.219,0.417,91.3,6400.0,1,2874.0,3,OWN,MEDICAL,0
36,41600.0,659,0.064,0.7,75.3,21400.0,9,6031.0,3,OWN,EDUCATION,0
57,78700.0,735,0.19,0.41,72.5,6900.0,2,5529.0,9,MORTGAGE,EDUCATION,0
42,45500.0,729,0.317,0.273,78.1,34500.0,0,4394.0,8,MORTGAGE,MEDICAL,0
49,39500.0,668,0.241,0.682,92.3,11000.0,1,5961.0,6,RENT,EDUCATION,0
34,30000.0,537,0.123,0.686,84.9,17000.0,1,4099.0,8,RENT,PERSONAL,0
48,20900.0,850,0.434,0.503,86.2,2000.0,6,1423.0,6,RENT,EDUCATION,0
25,47400.0,800,0.281,0.664,90.2,25000.0,0,12121.0,7,OWN,DEBTCONSOLIDATION,1
67,65800.0,724,0.09,0.654,79.7,27500.0,1,16628.0,9,RENT,EDUCATION,1
50,56500.0,613,0.066,0.193,93.2,9700.0,0,1945.0,3,RENT,DEBTCONSOLIDATION,0
66,46600.0,661,0.124,0.748,86.1,5300.0,9,13077.0,5,MORTGAGE,EDUCATION,0
25,33900.0,629,0.025,0.419,91.0,5200.0,6,3786.0,7,RENT,DEBTCONSOLIDATION,0
32,86200.0,764,0.402,0.488,73.6,13900.0,2,13603.0,10,MORTGAGE,EDUCATION,0
36,27200.0,689,0.178,0.81,83.0,6400.0,2,1794.0,4,MORTGAGE,EDUCATION,1
46,95400.0,611,0.071,0.669,92.2,13300.0,0,3667.0,7,RENT,PERSONAL,0
46,32800.0,634,0.189,0.313,100.0,15100.0,2,2361.0,4,MORTGAGE,EDUCATION,0
41,38100.0,754,0.062,0.348,93.3,16300.0,11,1015.0,4,MORTGAGE,PERSONAL,0
59,24800.0,790,0.317,0.441,93.8,38100.0,0,3960.0,3,RENT,VENTURE,1
56,44300.0,784,0.265,0.402,65.2,34800.0,7,6002.0,6,RENT,DEBTCONSOLIDATION,1
53,107500.0,726,0.274,0.301,78.8,15500.0,0,9713.0,7,RENT,EDUCATION,1
50,81600.0,651,0.203,0.331,88.7,22200.0,1,1647.0,5,MORTGAGE,EDUCATION,0
57,107700.0,426,0.242,0.311,67.2,18400.0,9,7048.0,4,MORTGAGE,MEDICAL,0
43,81900.0,692,0.158,0.319,86.8,38900.0,2,2020.0,5,RENT,EDUCATION,1
30,30900.0,669,0.288,0.549,78.1,15500.0,6,6362.0,6,RENT,PERSONAL,1
25,49100.0,680,0.283,0.336,78.6,26700.0,0,4362.0,5,RENT,EDUCATION,1
56,37500.0,674,0.208,0.467,82.8,65600.0,5,1835.0,8,OWN,DEBTCONSOLIDATION,1
54,133000.0,570,0.365,0.755,86.2,18800.0,8,24723.0,7,RENT,PERSONAL,1
51,29200.0,711,0.317,0.258,90.8,10000.0,8,689.0,7,RENT,EDUCATION,0
30,102400.0,717,0.083,0.391,69.1,10300.0,2,4043.0,7,RENT,DEBTCONSOLIDATION,0
39,102300.0,721,0.086,0.532,93.3,8400.0,11,4263.0,5,MORTGAGE,EDUCATION,0
52,179500.0,740,0.065,0.404,89.6,24000.0,4,25752.0,3,MORTGAGE,DEBTCONSOLIDATION,0
21,46800.0,715,0.112,0.521,79.0,18100.0,8,5876.0,9,OWN,DEBTCONSOLIDATION,0
25,91800.0,639,0.241,0.142,93.4,10900.0,1,2148.0,10,MORTGAGE,VENTURE,0
65,235400.0,664,0.484,0.234,62.0,41400.0,1,2767.0,4,RENT,MEDICAL,1
24,41300.0,676,0.201,0.147,84.0,10700.0,7,1307.0,4,MORTGAGE,DEBTCONSOLIDATION,0
36,23800.0,678,0.219,0.254,75.3,15000.0,5,1387.0,12,OWN,DEBTCONSOLIDATION,0
44,19400.0,744,0.267,0.488,69.5,8100.0,5,1589.0,5,MORTGAGE,MEDICAL,1
36,91800.0,718,0.246,0.473,64.2,13000.0,1,9532.0,3,RENT,VENTURE,1
22,19300.0,825,0.119,0.235,89.6,8000.0,2,387.0,7,RENT,DEBTCONSOLIDATION,0
48,47900.0,835,0.145,0.398,88.1,13100.0,1,7106.0,8,MORTGAGE,PERSONAL,0
52,77800.0,675,0.257,0.319,96.4,6700.0,0,3485.0,12,OWN,MEDICAL,0
47,66900.0,382,0.15,0.71,90.0,9800.0,1,18143.0,7,OWN,DEBTCONSOLIDATION,0
40,77300.0,762,0.157,0.463,78.5,8500.0,26,7964.0,2,MORTGAGE,DEBTCONSOLIDATION,0
44,68400.0,629,0.151,0.239,100.0,8800.0,1,5719.0,4,MORTGAGE,DEBTCONSOLIDATION,0
32,129000.0,609,0.278,0.134,94.2,7500.0,0,4356.0,5,MORTGAGE,VENTURE,0
55,33800.0,640,0.096,0.51,68.2,11000.0,5,5957.0,9,RENT,PERSONAL,1
53,39900.0,636,0.143,0.279,80.4,2400.0,4,596.0,6,OWN,MEDICAL,0
53,37700.0,715,0.45,0.139,84.7,22300.0,6,604.0,4,MORTGAGE,DEBTCONSOLIDATION,0
63,98500.0,553,0.283,0.374,78.8,16900.0,5,6405.0,3,RENT,MEDICAL,1
57,102800.0,589,0.099,0.373,100.0,17100.0,1,5891.0,7,RENT,EDUCATION,0
32,78500.0,695,0.224,0.291,78.5,12300.0,3,8711.0,4,MORTGAGE,EDUCATION,0
23,121800.0,716,0.106,0.416,77.4,33300.0,0,9533.0,6,MORTGAGE,EDUCATION,1
21,29500.0,718,0.469,0.168,90.9,8400.0,1,1934.0,4,RENT,VENTURE,1
53,162800.0,610,0.086,0.305,83.4,4200.0,21,13797.0,7,MORTGAGE,PERSONAL,0
60,149300.0,596,0.095,0.782,79.3,16600.0,6,39981.0,7,OWN,MEDICAL,0
30,93100.0,632,0.264,0.466,100.0,52100.0,7,8150.0,3,RENT,MEDICAL,1
63,174400.0,687,0.126,0.103,100.0,37700.0,0,2093.0,9,MORTGAGE,EDUCATION,0
64,22200.0,781,0.358,0.5,65.1,26000.0,2,751.0,8,MORTGAGE,MEDICAL,1
49,43700.0,516,0.232,0.215,100.0,67000.0,4,2628.0,7,RENT,DEBTCONSOLIDATION,1
33,38500.0,653,0.349,0.582,79.9,10300.0,0,8742.0,6,RENT,VENTURE,1
32,92300.0,570,0.085,0.359,95.6,9900.0,9,3028.0,9,OWN,MEDICAL,0
51,31900.0,546,0.081,0.3,100.0,11400.0,0,3063.0,2,MORTGAGE,VENTURE,0
66,94300.0,742,0.21,0.564,91.7,2400.0,5,9446.0,2,OWN,PERSONAL,0
22,136300.0,710,0.284,0.39,100.0,37900.0,4,21141.0,4,OWN,PERSONAL,0
55,90900.0,703,0.043,0.176,92.2,13600.0,9,5672.0,9,RENT,EDUCATION,0
43,71000.0,739,0.279,0.691,89.5,8800.0,1,6416.0,6,RENT,EDUCATION,1
37,33100.0,634,0.247,0.24,94.1,11800.0,1,2526.0,7,RENT,EDUCATION,0
46,36000.0,637,0.263,0.692,67.1,7000.0,9,7647.0,7,MORTGAGE,VENTURE,1
28,126700.0,833,0.125,0.259,79.5,14000.0,1,10409.0,7,OWN,MEDICAL,0
49,95600.0,651,0.365,0.705,69.1,9400.0,6,5324.0,7,MORTGAGE,VENTURE,1
46,58500.0,725,0.058,0.616,79.9,9700.0,1,12011.0,6,MORTGAGE,PERSONAL,0
30,46600.0,670,0.225,0.278,87.4,7200.0,10,1833.0,7,MORTGAGE,PERSONAL,0
46,18000.0,531,0.277,0.17,80.2,13800.0,9,785.0,6,RENT,DEBTCONSOLIDATION,1
54,31500.0,516,0.091,0.091,80.3,9400.0,7,259.0,8,RENT,VENTURE,0
61,188500.0,626,0.04,0.248,65.7,34600.0,3,11469.0,9,RENT,MEDICAL,1
27,27800.0,749,0.408,0.094,75.7,19500.0,0,960.0,5,OWN,PERSONAL,0
24,67100.0,729,0.298,0.357,100.0,5300.0,0,2683.0,6,MORTGAGE,PERSONAL,0
65,109600.0,738,0.28,0.658,75.3,20500.0,3,25188.0,5,RENT,PERSONAL,1
31,28200.0,595,0.175,0.132,77.9,17000.0,0,753.0,3,MORTGAGE,MEDICAL,1
49,66900.0,791,0.217,0.346,84.8,14000.0,0,3769.0,5,MORTGAGE,PERSONAL,0
56,105100.0,597,0.196,0.29,86.5,12000.0,0,2133.0,5,MORTGAGE,MEDICAL,0
45,60300.0,685,0.305,0.401,80.4,30400.0,1,5682.0,5,RENT,PERSONAL,1
41,334700.0,669,0.193,0.261,65.2,6200.0,6,10481.0,4,RENT,VENTURE,1
56,22000.0,656,0.093,0.367,88.5,12700.0,0,3060.0,5,RENT,PERSONAL,0
30,113000.0,770,0.088,0.2,100.0,4100.0,20,3014.0,7,RENT,EDUCATION,0
57,54000.0,617,0.358,0.808,100.0,19400.0,1,11143.0,6,RENT,MEDICAL,1
29,95100.0,568,0.057,0.338,73.4,12800.0,1,7891.0,9,MORTGAGE,PERSONAL,0
44,78000.0,671,0.274,0.636,86.8,6700.0,1,8329.0,5,MORTGAGE,DEBTCONSOLIDATION,0
55,38600.0,640,0.13,0.363,100.0,15200.0,4,4879.0,10,RENT,PERSONAL,0
55,68700.0,850,0.027,0.237,82.0,34700.0,0,1858.0,2,MORTGAGE,PERSONAL,0
56,19600.0,720,0.279,0.834,85.1,14400.0,0,5492.0,3,RENT,VENTURE,1
38,86000.0,639,0.251,0.382,64.1,4400.0,0,4028.0,4,MORTGAGE,EDUCATION,0
59,71600.0,590,0.18,0.559,94.5,13200.0,5,2549.0,8,MORTGAGE,DEBTCONSOLIDATION,0
52,87800.0,528,0.131,0.61,85.3,16400.0,1,20371.0,6,MORTGAGE,PERSONAL,0
44,113000.0,593,0.398,0.343,71.3,8200.0,2,10583.0,3,MORTGAGE,EDUCATION,0
43,74700.0,678,0.2,0.179,90.3,63200.0,14,3619.0,8,MORTGAGE,MEDICAL,0
52,65400.0,777,0.157,0.4,93.7,4800.0,1,3735.0,7,MORTGAGE,MEDICAL,0
57,35300.0,754,0.079,0.352,73.7,2300.0,0,1227.0,5,MORTGAGE,MEDICAL,0
32,39100.0,687,0.084,0.107,62.1,6900.0,2,1243.0,2,RENT,EDUCATION,0
33,122000.0,645,0.281,0.128,83.7,3400.0,0,3616.0,1,RENT,DEBTCONSOLIDATION,0
43,141700.0,690,0.155,0.676,90.3,25900.0,0,15448.0,3,RENT,PERSONAL,0
45,51900.0,631,0.008,0.321,85.2,28100.0,2,2680.0,3,RENT,MEDICAL,0
55,61500.0,798,0.119,0.363,95.9,4300.0,5,8065.0,4,RENT,MEDICAL,0
61,34800.0,655,0.315,0.547,61.5,6200.0,1,6879.0,8,MORTGAGE,DEBTCONSOLIDATION,1
50,121000.0,663,0.261,0.559,69.8,5700.0,10,9883.0,5,MORTGAGE,EDUCATION,0
37,89300.0,503,0.134,0.376,84.7,13100.0,2,11012.0,6,OWN,EDUCATION,0
40,191900.0,655,0.457,0.393,63.3,18600.0,13,9754.0,7,RENT,DEBTCONSOLIDATION,1
45,35300.0,732,0.075,0.477,72.9,38100.0,3,5603.0,5,RENT,EDUCATION,1
42,47700.0,589,0.064,0.46,75.7,18000.0,6,2067.0,4,RENT,PERSONAL,1
33,68800.0,613,0.058,0.265,94.2,10600.0,9,5750.0,3,MORTGAGE,MEDICAL,0
39,88200.0,729,0.107,0.153,97.7,10200.0,3,3299.0,5,RENT,VENTURE,0
56,52600.0,559,0.263,0.33,90.7,14300.0,9,1582.0,5,RENT,PERSONAL,0
32,35500.0,749,0.129,0.505,100.0,14900.0,2,4760.0,8,RENT,VENTURE,1
61,101600.0,630,0.168,0.395,98.8,12300.0,2,4709.0,7,MORTGAGE,EDUCATION,0
39,92300.0,640,0.04,0.58,91.5,14300.0,7,6314.0,5,RENT,DEBTCONSOLIDATION,0
32,34600.0,585,0.358,0.629,91.1,13100.0,1,4496.0,4,MORTGAGE,PERSONAL,0
29,135000.0,698,0.321,0.512,75.0,4800.0,6,26784.0,5,RENT,EDUCATION,1
27,120800.0,850,0.159,0.164,65.3,14800.0,0,7177.0,14,OWN,PERSONAL,0
48,64900.0,728,0.158,0.549,73.4,7200.0,5,12088.0,4,RENT,DEBTCONSOLIDATION,1
34,62800.0,605,0.188,0.736,92.1,15400.0,14,16080.0,12,RENT,EDUCATION,0
51,83500.0,755,0.216,0.406,78.2,18800.0,3,7596.0,8,MORTGAGE,EDUCATION,0
39,35700.0,646,0.202,0.372,89.3,30500.0,2,2406.0,7,RENT,VENTURE,1
67,61000.0,773,0.215,0.638,60.1,13100.0,3,13987.0,4,RENT,DEBTCONSOLIDATION,1
36,18000.0,730,0.166,0.189,88.3,8500.0,6,266.0,7,MORTGAGE,MEDICAL,0
25,101300.0,449,0.084,0.32,71.7,24100.0,2,12922.0,8,RENT,DEBTCONSOLIDATION,0
55,23500.0,594,0.217,0.275,73.3,14000.0,0,1574.0,4,RENT,VENTURE,1
32,147600.0,740,0.141,0.356,100.0,52800.0,3,12567.0,3,MORTGAGE,PERSONAL,0
45,49100.0,681,0.195,0.25,100.0,5000.0,2,1868.0,8,MORTGAGE,VENTURE,0
41,52700.0,593,0.057,0.418,69.1,8900.0,3,2415.0,2,RENT,EDUCATION,0
56,41100.0,622,0.148,0.698,79.2,8100.0,6,8265.0,3,MORTGAGE,EDUCATION,0
43,50400.0,527,0.108,0.125,80.5,48600.0,1,1113.0,6,RENT,DEBTCONSOLIDATION,1
36,140200.0,663,0.262,0.747,90.8,18400.0,3,16323.0,9,RENT,EDUCATION,1
59,18000.0,835,0.204,0.294,76.4,3600.0,1,565.0,4,RENT,EDUCATION,0
65,128800.0,730,0.117,0.767,72.3,3800.0,3,23442.0,4,RENT,DEBTCONSOLIDATION,1
62,73300.0,834,0.127,0.4,85.5,24400.0,2,7503.0,4,OWN,PERSONAL,0
59,29000.0,736,0.235,0.27,83.0,6400.0,2,1606.0,6,MORTGAGE,MEDICAL,0
34,31400.0,747,0.226,0.295,92.4,13400.0,4,502.0,7,MORTGAGE,EDUCATION,0
51,163700.0,818,0.183,0.382,73.8,11600.0,5,13888.0,4,RENT,EDUCATION,0
25,34000.0,698,0.247,0.429,79.5,53400.0,0,2118.0,4,MORTGAGE,PERSONAL,1
55,30000.0,655,0.331,0.688,91.3,11300.0,10,2034.0,5,MORTGAGE,MEDICAL,0
43,118500.0,747,0.107,0.177,81.3,9900.0,2,5289.0,6,RENT,MEDICAL,0
49,73400.0,779,0.052,0.58,61.9,19800.0,5,12130.0,6,MORTGAGE,VENTURE,0
63,34100.0,634,0.257,0.635,100.0,29100.0,0,5014.0,6,RENT,VENTURE,1
31,68200.0,615,0.125,0.046,81.0,14600.0,4,831.0,9,MORTGAGE,EDUCATION,0
38,32400.0,680,0.25,0.344,81.2,2700.0,5,2923.0,3,RENT,MEDICAL,0
67,115900.0,732,0.271,0.735,100.0,23500.0,0,7964.0,2,RENT,PERSONAL,0
32,113200.0,729,0.216,0.269,100.0,5200.0,12,3823.0,3,OWN,EDUCATION,0
29,82400.0,563,0.12,0.492,93.4,4600.0,7,2162.0,8,OWN,PERSONAL,0
30,74400.0,813,0.021,0.109,69.0,9500.0,3,3192.0,3,MORTGAGE,PERSONAL,0
64,172300.0,621,0.073,0.164,98.5,14600.0,0,3502.0,9,RENT,PERSONAL,0
37,59900.0,650,0.09,0.378,60.7,37100.0,10,7588.0,7,MORTGAGE,PERSONAL,0
58,29500.0,602,0.234,0.61,83.6,3200.0,0,5820.0,5,RENT,EDUCATION,1
27,78400.0,850,0.367,0.244,76.4,14900.0,0,5677.0,7,RENT,EDUCATION,0
66,209300.0,688,0.092,0.329,73.6,37600.0,5,14282.0,3,RENT,PERSONAL,0
33,32600.0,606,0.206,0.62,84.8,12400.0,1,5141.0,6,MORTGAGE,MEDICAL,1
60,48200.0,734,0.149,0.269,89.4,22900.0,3,1494.0,7,RENT,PERSONAL,1
62,76900.0,727,0.102,0.056,91.4,21600.0,3,375.0,3,MORTGAGE,EDUCATION,0
29,58000.0,655,0.277,0.044,81.0,9000.0,3,442.0,9,MORTGAGE,PERSONAL,0
47,33200.0,733,0.322,0.175,79.5,20400.0,0,1969.0,12,MORTGAGE,PERSONAL,1
22,117400.0,608,0.212,0.118,92.2,14500.0,6,3427.0,6,OWN,MEDICAL,0
25,240900.0,633,0.261,0.439,92.5,10700.0,1,33562.0,5,MORTGAGE,VENTURE,0
49,67400.0,519,0.208,0.237,83.7,40800.0,6,5776.0,5,MORTGAGE,EDUCATION,0
57,34800.0,570,0.177,0.656,71.6,11800.0,10,5620.0,7,RENT,VENTURE,1
58,23600.0,805,0.345,0.314,61.7,38500.0,3,1323.0,5,OWN,MEDICAL,1
39,69900.0,793,0.08,0.448,89.9,10500.0,6,10944.0,8,OWN,VENTURE,0
28,116100.0,674,0.085,0.097,93.7,12200.0,0,1468.0,3,RENT,PERSONAL,0
65,79600.0,794,0.021,0.288,79.6,11400.0,0,1345.0,7,RENT,MEDICAL,1
21,59800.0,657,0.232,0.252,86.5,27900.0,1,1021.0,7,RENT,PERSONAL,0
42,42000.0,651,0.26,0.588,97.8,7300.0,2,6267.0,4,MORTGAGE,DEBTCONSOLIDATION,0
37,31100.0,674,0.191,0.732,100.0,18500.0,1,8248.0,8,MORTGAGE,MEDICAL,0
27,98800.0,660,0.224,0.247,77.3,17600.0,5,6040.0,11,MORTGAGE,PERSONAL,0
45,103600.0,653,0.105,0.32,80.9,17700.0,1,6406.0,2,MORTGAGE,EDUCATION,0
65,23700.0,755,0.14,0.36,87.5,56100.0,9,2150.0,6,RENT,PERSONAL,1
24,155400.0,681,0.156,0.856,67.4,11500.0,4,37896.0,8,OWN,DEBTCONSOLIDATION,0
56,84500.0,723,0.085,0.3,56.3,75000.0,2,7997.0,10,RENT,DEBTCONSOLIDATION,1
26,138700.0,747,0.088,0.725,66.0,29300.0,11,17251.0,7,MORTGAGE,EDUCATION,1
51,26800.0,699,0.208,0.082,78.7,4900.0,8,407.0,4,RENT,EDUCATION,0
39,26400.0,597,0.098,0.433,73.3,6000.0,8,666.0,10,MORTGAGE,EDUCATION,0
64,54800.0,568,0.248,0.446,72.2,27400.0,6,6779.0,10,RENT,VENTURE,1
59,81000.0,681,0.346,0.368,82.6,7900.0,4,9594.0,5,MORTGAGE,EDUCATION,0
47,175900.0,657,0.152,0.435,81.8,15900.0,2,17508.0,3,OWN,PERSONAL,0
30,91500.0,676,0.189,0.668,72.9,8200.0,2,11112.0,5,RENT,EDUCATION,1
46,51800.0,668,0.056,0.276,62.6,9700.0,5,2382.0,4,RENT,VENTURE,0
39,32300.0,850,0.078,0.38,86.9,11200.0,0,3385.0,6,RENT,PERSONAL,0
59,125200.0,570,0.062,0.36,94.6,26600.0,8,7471.0,5,RENT,EDUCATION,0
23,33600.0,520,0.205,0.593,74.6,11400.0,13,5174.0,7,MORTGAGE,EDUCATION,0
65,159100.0,694,0.265,0.498,77.4,36300.0,0,29667.0,9,RENT,MEDICAL,1
33,50500.0,641,0.101,0.633,91.8,6800.0,0,5297.0,8,RENT,PERSONAL,0
48,155500.0,693,0.312,0.281,94.6,23300.0,0,3229.0,7,MORTGAGE,PERSONAL,0
40,90000.0,713,0.347,0.509,76.5,15500.0,7,16304.0,2,MORTGAGE,VENTURE,0
48,55100.0,766,0.167,0.579,80.8,5600.0,0,4650.0,5,RENT,MEDICAL,1
28,43800.0,556,0.203,0.411,99.7,8800.0,2,7129.0,4,OWN,PERSONAL,0
61,48800.0,628,0.175,0.372,92.5,12300.0,0,6246.0,3,RENT,EDUCATION,1
59,77400.0,702,0.194,0.521,68.3,31800.0,2,8041.0,1,RENT,MEDICAL,1
21,62700.0,727,0.027,0.354,61.4,12200.0,4,5990.0,4,RENT,EDUCATION,0
23,41900.0,834,0.165,0.502,78.7,56800.0,4,3095.0,5,RENT,PERSONAL,1
33,54200.0,741,0.013,0.497,70.4,10700.0,3,2140.0,4,MORTGAGE,PERSONAL,0
48,62800.0,665,0.301,0.512,87.6,14300.0,13,7525.0,3,RENT,PERSONAL,0
45,18000.0,603,0.295,0.63,90.6,33700.0,3,2253.0,5,MORTGAGE,PERSONAL,1
53,78800.0,627,0.153,0.443,85.1,5500.0,9,13596.0,9,RENT,VENTURE,0
58,33300.0,625,0.371,0.32,72.3,31000.0,24,2761.0,6,RENT,VENTURE,1
26,30000.0,719,0.42,0.353,66.8,8500.0,1,3299.0,2,MORTGAGE,DEBTCONSOLIDATION,0
64,21800.0,689,0.144,0.282,89.9,11300.0,1,598.0,6,RENT,PERSONAL,0
65,20400.0,570,0.275,0.45,91.9,15900.0,3,2784.0,6,OWN,MEDICAL,1
52,26500.0,637,0.357,0.805,95.3,7600.0,1,1487.0,8,RENT,VENTURE,1
65,39100.0,735,0.122,0.643,78.5,75000.0,4,6652.0,8,RENT,MEDICAL,1
67,193300.0,696,0.057,0.647,80.9,15600.0,5,42959.0,7,RENT,EDUCATION,0
41,43700.0,712,0.205,0.68,91.7,14700.0,0,6510.0,5,MORTGAGE,EDUCATION,0
36,66600.0,698,0.214,0.633,82.1,8800.0,5,5281.0,5,MORTGAGE,PERSONAL,0
41,76100.0,791,0.212,0.334,75.1,5200.0,0,5218.0,8,RENT,DEBTCONSOLIDATION,1
31,64800.0,687,0.129,0.496,71.9,29600.0,1,11069.0,10,OWN,PERSONAL,0
57,57200.0,641,0.144,0.631,90.6,11100.0,6,10829.0,6,OWN,VENTURE,0
56,29200.0,601,0.035,0.307,78.5,16800.0,0,2348.0,9,MORTGAGE,DEBTCONSOLIDATION,0
55,143000.0,688,0.191,0.453,75.5,6700.0,3,18970.0,7,RENT,DEBTCONSOLIDATION,0
39,177100.0,486,0.377,0.557,87.4,23600.0,4,33733.0,5,RENT,DEBTCONSOLIDATION,1
40,21800.0,656,0.255,0.353,73.5,10700.0,0,794.0,5,RENT,VENTURE,1
38,32400.0,654,0.05,0.33,75.1,4200.0,1,3685.0,6,MORTGAGE,PERSONAL,0
67,50600.0,567,0.109,0.263,82.5,10900.0,4,4422.0,6,RENT,MEDICAL,0
61,33600.0,600,0.126,0.122,76.4,23000.0,3,890.0,4,RENT,EDUCATION,1
34,81100.0,730,0.306,0.093,99.0,20200.0,5,1441.0,11,RENT,VENTURE,0
35,38700.0,687,0.438,0.478,88.4,17500.0,9,6963.0,4,RENT,MEDICAL,1
51,219500.0,677,0.076,0.397,83.5,13000.0,0,29349.0,3,MORTGAGE,DEBTCONSOLIDATION,0
21,122300.0,692,0.243,0.112,98.9,13700.0,0,5425.0,4,RENT,EDUCATION,0
23,68000.0,676,0.269,0.349,83.0,9100.0,5,6517.0,5,RENT,VENTURE,1
36,110900.0,763,0.033,0.46,95.0,30100.0,7,3114.0,8,RENT,DEBTCONSOLIDATION,0
43,116300.0,679,0.104,0.431,70.1,12900.0,2,5206.0,7,MORTGAGE,VENTURE,0
31,42700.0,560,0.35,0.362,74.4,9200.0,2,5211.0,11,OWN,VENTURE,0
32,36700.0,792,0.021,0.418,70.5,46800.0,4,4198.0,7,RENT,VENTURE,1
30,62700.0,697,0.072,0.675,88.1,31800.0,4,5050.0,5,RENT,DEBTCONSOLIDATION,1
52,100400.0,625,0.43,0.51,63.5,14300.0,3,2774.0,2,RENT,EDUCATION,1
36,65100.0,575,0.221,0.327,85.8,10400.0,8,3023.0,9,RENT,DEBTCONSOLIDATION,0
28,23200.0,699,0.104,0.294,76.1,10700.0,0,669.0,7,MORTGAGE,VENTURE,0
58,37000.0,661,0.135,0.467,83.6,6800.0,5,6163.0,10,MORTGAGE,VENTURE,0
32,57300.0,788,0.257,0.653,81.8,26000.0,6,13432.0,4,OWN,PERSONAL,0
44,57200.0,644,0.341,0.3,88.7,48400.0,11,5917.0,8,RENT,EDUCATION,1
48,195500.0,607,0.334,0.838,100.0,20000.0,14,13616.0,5,MORTGAGE,EDUCATION,0
28,26100.0,737,0.063,0.249,100.0,39600.0,3,632.0,6,RENT,PERSONAL,1
48,81100.0,739,0.18,0.193,91.8,24400.0,2,1525.0,10,MORTGAGE,DEBTCONSOLIDATION,0
56,146300.0,682,0.113,0.459,77.9,4800.0,3,9431.0,6,RENT,MEDICAL,1
46,234000.0,720,0.101,0.219,84.3,37200.0,6,3870.0,7,RENT,DEBTCONSOLIDATION,0
28,47000.0,667,0.176,0.814,77.2,11400.0,0,15056.0,9,RENT,MEDICAL,1
48,80400.0,687,0.25,0.213,73.2,15600.0,0,5982.0,8,RENT,DEBTCONSOLIDATION,0
48,84300.0,757,0.087,0.674,58.6,7100.0,11,4217.0,6,MORTGAGE,DEBTCONSOLIDATION,0
57,67300.0,716,0.094,0.331,79.3,3900.0,1,2234.0,8,OWN,VENTURE,0
61,56400.0,657,0.16,0.34,85.3,8600.0,1,2719.0,7,RENT,MEDICAL,1
56,77800.0,771,0.36,0.556,89.3,16200.0,14,13896.0,6,MORTGAGE,PERSONAL,0
47,18000.0,492,0.213,0.568,83.4,14600.0,1,3067.0,6,MORTGAGE,DEBTCONSOLIDATION,1
37,90200.0,823,0.081,0.344,73.7,23300.0,1,8399.0,7,RENT,VENTURE,0
29,64600.0,542,0.35,0.37,76.0,16400.0,12,8826.0,1,RENT,EDUCATION,1
53,52400.0,622,0.164,0.16,93.1,14900.0,2,526.0,9,RENT,VENTURE,0
40,204500.0,666,0.187,0.486,61.5,9100.0,3,10580.0,7,MORTGAGE,MEDICAL,1
33,39900.0,659,0.208,0.796,75.9,55100.0,4,3698.0,4,RENT,PERSONAL,1
48,47000.0,745,0.103,0.722,82.3,53000.0,10,2405.0,3,MORTGAGE,DEBTCONSOLIDATION,1
49,197800.0,590,0.08,0.579,77.1,16100.0,0,30510.0,1,RENT,PERSONAL,1
33,36300.0,689,0.021,0.405,63.8,5100.0,1,1814.0,6,MORTGAGE,DEBTCONSOLIDATION,0
66,43000.0,626,0.015,0.329,93.2,17300.0,4,3097.0,10,RENT,MEDICAL,0
55,54800.0,692,0.261,0.169,96.0,5500.0,2,2685.0,4,MORTGAGE,DEBTCONSOLIDATION,0
26,99200.0,665,0.147,0.429,70.2,5000.0,1,10996.0,5,RENT,MEDICAL,1
38,67800.0,676,0.003,0.476,43.5,26900.0,2,4891.0,4,MORTGAGE,PERSONAL,1
25,27600.0,628,0.436,0.29,100.0,7300.0,16,1560.0,7,MORTGAGE,MEDICAL,0
67,43500.0,631,0.264,0.515,77.0,9500.0,0,3785.0,6,RENT,DEBTCONSOLIDATION,1
45,41600.0,691,0.142,0.456,70.3,25400.0,0,6608.0,9,RENT,PERSONAL,1
22,57200.0,740,0.407,0.488,80.7,18600.0,0,5498.0,10,OWN,PERSONAL,1
30,77300.0,625,0.255,0.4,85.8,21800.0,4,2213.0,4,RENT,EDUCATION,1
50,77000.0,604,0.169,0.317,74.5,47100.0,0,6512.0,8,OWN,DEBTCONSOLIDATION,1
65,20600.0,716,0.043,0.493,83.6,9200.0,3,1210.0,4,MORTGAGE,VENTURE,0
25,113400.0,667,0.16,0.553,80.6,17000.0,9,10568.0,4,RENT,DEBTCONSOLIDATION,0
53,69700.0,732,0.173,0.664,73.7,38300.0,0,7622.0,7,MORTGAGE,DEBTCONSOLIDATION,1
21,137400.0,602,0.115,0.413,62.4,7000.0,2,4276.0,4,MORTGAGE,PERSONAL,0
38,78200.0,536,0.201,0.472,98.0,12200.0,2,14130.0,10,RENT,VENTURE,0
52,115900.0,630,0.294,0.267,88.8,24500.0,2,7472.0,5,MORTGAGE,VENTURE,0
67,79200.0,612,0.159,0.494,72.8,5600.0,6,4096.0,6,RENT,PERSONAL,0
31,134300.0,664,0.045,0.176,86.9,15700.0,0,5780.0,6,RENT,VENTURE,0
41,81900.0,622,0.089,0.307,71.6,10900.0,7,5231.0,6,MORTGAGE,PERSONAL,0
46,56500.0,725,0.451,0.35,81.5,7100.0,9,3376.0,8,MORTGAGE,MEDICAL,0
45,234100.0,648,0.035,0.874,89.1,31000.0,2,44064.0,4,MORTGAGE,EDUCATION,0
42,102100.0,681,0.194,0.605,87.6,25400.0,10,17565.0,4,RENT,MEDICAL,1
47,84500.0,681,0.155,0.306,77.1,19400.0,2,3099.0,7,RENT,EDUCATION,0
33,27800.0,684,0.257,0.548,91.8,21900.0,5,3630.0,2,MORTGAGE,VENTURE,1
53,27600.0,668,0.176,0.171,82.1,10100.0,2,1579.0,6,RENT,DEBTCONSOLIDATION,0
54,71400.0,708,0.158,0.709,75.7,13900.0,0,6473.0,11,MORTGAGE,PERSONAL,0
61,65300.0,610,0.322,0.422,100.0,7500.0,0,6350.0,6,RENT,EDUCATION,0
55,41400.0,774,0.252,0.318,68.5,23000.0,2,5108.0,3,OWN,PERSONAL,1
21,65200.0,652,0.172,0.251,86.8,7100.0,23,5403.0,9,MORTGAGE,PERSONAL,0
41,155300.0,571,0.195,0.739,99.0,9400.0,0,29559.0,3,MORTGAGE,DEBTCONSOLIDATION,0
26,90900.0,684,0.382,0.214,61.6,6500.0,11,6073.0,7,RENT,VENTURE,0
48,30200.0,606,0.187,0.488,100.0,15500.0,12,3448.0,6,MORTGAGE,MEDICAL,0
37,56000.0,719,0.334,0.381,100.0,11100.0,2,8434.0,5,RENT,EDUCATION,0
25,36900.0,835,0.339,0.24,76.4,17700.0,3,967.0,2,RENT,DEBTCONSOLIDATION,1
51,47400.0,611,0.091,0.443,85.5,8400.0,3,6338.0,3,RENT,MEDICAL,1
25,46700.0,694,0.089,0.493,73.2,7900.0,7,1199.0,2,MORTGAGE,VENTURE,0
58,45000.0,538,0.229,0.459,72.1,18100.0,0,1941.0,5,MORTGAGE,DEBTCONSOLIDATION,0
23,28200.0,704,0.351,0.373,68.4,12200.0,1,3183.0,4,RENT,DEBTCONSOLIDATION,1
43,55500.0,603,0.114,0.307,100.0,75000.0,0,5380.0,7,RENT,PERSONAL,1
57,42800.0,623,0.248,0.053,79.2,21100.0,10,145.0,4,MORTGAGE,MEDICAL,0
57,18000.0,587,0.253,0.401,65.4,14700.0,0,1204.0,6,MORTGAGE,MEDICAL,1
30,205200.0,724,0.019,0.375,94.5,33100.0,6,7031.0,3,RENT,MEDICAL,0
30,115100.0,745,0.269,0.31,90.1,26900.0,2,12900.0,6,MORTGAGE,EDUCATION,0
39,47800.0,671,0.118,0.407,86.5,15200.0,6,4063.0,4,OWN,DEBTCONSOLIDATION,0
37,60600.0,605,0.19,0.057,74.1,75000.0,11,708.0,8,RENT,DEBTCONSOLIDATION,1
41,29600.0,789,0.036,0.389,77.2,30000.0,2,3896.0,6,MORTGAGE,DEBTCONSOLIDATION,1
34,165600.0,613,0.121,0.792,100.0,6100.0,1,38478.0,4,MORTGAGE,DEBTCONSOLIDATION,0
29,186900.0,507,0.177,0.43,86.6,10600.0,5,29961.0,4,RENT,VENTURE,0
66,65800.0,704,0.21,0.22,75.7,3800.0,30,5480.0,6,RENT,EDUCATION,0
21,110600.0,587,0.138,0.319,90.9,4800.0,6,5632.0,4,RENT,MEDICAL,1
65,66500.0,744,0.167,0.187,92.1,75000.0,7,3444.0,4,MORTGAGE,DEBTCONSOLIDATION,0
33,26800.0,641,0.251,0.043,100.0,34400.0,4,276.0,5,MORTGAGE,DEBTCONSOLIDATION,0
24,46800.0,715,0.205,0.369,82.8,4100.0,2,4465.0,8,RENT,VENTURE,0
21,64800.0,775,0.073,0.576,90.8,13300.0,5,10035.0,3,RENT,MEDICAL,1
60,45600.0,579,0.061,0.274,88.4,10400.0,0,887.0,7,RENT,DEBTCONSOLIDATION,0
52,52500.0,627,0.314,0.278,73.4,75000.0,3,5302.0,5,RENT,VENTURE,1
54,56700.0,664,0.263,0.256,65.6,2600.0,4,1438.0,7,OWN,DEBTCONSOLIDATION,0
48,57000.0,785,0.232,0.185,89.5,8600.0,11,2094.0,8,RENT,DEBTCONSOLIDATION,0
51,61800.0,620,0.184,0.24,90.3,8600.0,12,2258.0,6,RENT,EDUCATION,0
28,31700.0,625,0.125,0.192,52.8,8100.0,0,1484.0,4,OWN,PERSONAL,0
59,38900.0,705,0.106,0.229,88.4,16000.0,4,3443.0,6,RENT,VENTURE,0
46,27700.0,626,0.254,0.535,81.1,24900.0,7,2880.0,5,MORTGAGE,DEBTCONSOLIDATION,1
54,107700.0,681,0.098,0.414,87.2,9300.0,3,11643.0,4,MORTGAGE,DEBTCONSOLIDATION,0
23,18000.0,553,0.208,0.379,76.2,12700.0,0,678.0,6,RENT,DEBTCONSOLIDATION,1
32,119600.0,836,0.251,0.372,99.5,6800.0,1,9435.0,7,RENT,DEBTCONSOLIDATION,0
21,137600.0,568,0.076,0.284,94.4,7200.0,1,14480.0,4,OWN,EDUCATION,0
64,49900.0,645,0.158,0.67,65.3,17800.0,5,12582.0,3,MORTGAGE,DEBTCONSOLIDATION,1
25,18000.0,667,0.254,0.387,70.2,20000.0,0,1681.0,2,MORTGAGE,MEDICAL,1
50,48200.0,813,0.171,0.224,82.7,3700.0,3,3444.0,1,MORTGAGE,DEBTCONSOLIDATION,0
50,57600.0,570,0.034,0.062,74.6,8000.0,0,183.0,10,MORTGAGE,EDUCATION,0
37,32700.0,818,0.375,0.344,95.0,10700.0,2,2655.0,5,RENT,MEDICAL,1
67,44000.0,726,0.187,0.259,69.9,10200.0,2,3491.0,3,MORTGAGE,PERSONAL,0
43,150000.0,701,0.091,0.137,94.9,11100.0,3,3400.0,6,RENT,PERSONAL,0
35,89200.0,596,0.377,0.172,52.9,2300.0,6,5606.0,5,RENT,DEBTCONSOLIDATION,0
57,34400.0,712,0.062,0.533,77.1,28300.0,0,5920.0,5,RENT,DEBTCONSOLIDATION,1
41,23000.0,615,0.249,0.362,98.7,12700.0,1,2659.0,6,RENT,MEDICAL,1
34,49200.0,764,0.206,0.278,81.3,75000.0,5,786.0,9,RENT,MEDICAL,1
22,52700.0,597,0.118,0.439,82.3,20700.0,14,2646.0,8,RENT,DEBTCONSOLIDATION,0
31,80600.0,661,0.062,0.143,91.3,17500.0,4,3455.0,6,RENT,DEBTCONSOLIDATION,0
59,43400.0,628,0.317,0.657,88.3,7300.0,10,7032.0,5,RENT,PERSONAL,0
58,81400.0,595,0.151,0.396,80.7,8900.0,17,8138.0,6,RENT,PERSONAL,0
54,191200.0,725,0.296,0.145,97.8,23400.0,10,1530.0,5,RENT,DEBTCONSOLIDATION,0
58,97700.0,710,0.023,0.134,83.6,11000.0,17,2680.0,8,OWN,MEDICAL,0
54,58200.0,760,0.316,0.491,88.5,8200.0,7,9294.0,1,RENT,MEDICAL,1
38,53600.0,536,0.337,0.801,93.3,50100.0,10,12118.0,7,MORTGAGE,MEDICAL,1
50,48300.0,749,0.24,0.668,52.8,17300.0,3,8077.0,5,RENT,VENTURE,1
35,121600.0,850,0.122,0.367,73.4,23300.0,2,13112.0,2,MORTGAGE,DEBTCONSOLIDATION,0
47,41100.0,636,0.154,0.509,74.9,10800.0,35,7277.0,3,MORTGAGE,DEBTCONSOLIDATION,0
54,61500.0,812,0.208,0.171,89.9,31400.0,0,3653.0,6,MORTGAGE,EDUCATION,0
58,61700.0,650,0.176,0.651,100.0,9200.0,15,8419.0,2,RENT,MEDICAL,1
53,44300.0,567,0.13,0.18,59.6,30700.0,2,1258.0,4,RENT,DEBTCONSOLIDATION,1
44,26300.0,647,0.334,0.674,77.0,9800.0,0,3159.0,3,RENT,EDUCATION,1
35,72700.0,748,0.096,0.785,95.1,42000.0,8,13268.0,8,MORTGAGE,EDUCATION,0
50,57700.0,607,0.345,0.518,61.1,33400.0,2,2429.0,7,MORTGAGE,DEBTCONSOLIDATION,1
62,80800.0,624,0.134,0.562,86.6,10000.0,8,11663.0,12,OWN,VENTURE,0
37,43500.0,714,0.212,0.555,87.5,65700.0,0,5037.0,7,OWN,MEDICAL,1
25,124600.0,670,0.305,0.59,88.5,14800.0,18,23203.0,5,OWN,VENTURE,0
49,35400.0,713,0.092,0.708,68.5,44600.0,5,3656.0,11,MORTGAGE,EDUCATION,1
24,167200.0,687,0.109,0.228,81.5,6100.0,0,2791.0,10,RENT,MEDICAL,1
30,21000.0,705,0.154,0.31,67.6,21900.0,0,2364.0,5,OWN,VENTURE,1
37,77700.0,637,0.201,0.078,95.3,17700.0,4,447.0,6,MORTGAGE,VENTURE,0
30,79600.0,687,0.421,0.678,69.2,10200.0,18,20214.0,7,RENT,PERSONAL,0
37,37100.0,600,0.035,0.372,82.4,26200.0,3,3093.0,8,MORTGAGE,DEBTCONSOLIDATION,0
40,77200.0,766,0.127,0.565,100.0,33300.0,2,3040.0,1,RENT,VENTURE,0
44,129000.0,622,0.173,0.348,95.5,19500.0,13,4222.0,4,RENT,VENTURE,0
25,18000.0,754,0.257,0.148,60.8,17600.0,20,630.0,1,MORTGAGE,MEDICAL,1
54,81000.0,652,0.168,0.579,78.4,16100.0,7,2604.0,4,OWN,EDUCATION,0
26,18000.0,685,0.068,0.706,82.8,19300.0,6,4706.0,12,MORTGAGE,MEDICAL,1
22,33500.0,632,0.171,0.067,79.7,23400.0,0,738.0,7,RENT,EDUCATION,0
33,159100.0,593,0.091,0.302,86.7,22600.0,1,10887.0,2,MORTGAGE,PERSONAL,0
63,42200.0,539,0.303,0.226,89.4,20500.0,12,3569.0,4,MORTGAGE,DEBTCONSOLIDATION,0
63,29600.0,590,0.431,0.633,100.0,9800.0,2,2640.0,8,MORTGAGE,MEDICAL,1
31,53200.0,645,0.194,0.388,76.4,27100.0,2,7198.0,4,MORTGAGE,PERSONAL,0
67,207100.0,685,0.059,0.225,90.9,20000.0,3,15461.0,4,OWN,EDUCATION,0
43,20000.0,745,0.085,0.218,79.8,17600.0,2,1106.0,5,MORTGAGE,EDUCATION,0
36,31900.0,636,0.135,0.631,100.0,11500.0,9,3253.0,3,RENT,PERSONAL,0
51,147000.0,603,0.356,0.086,86.7,26700.0,0,3103.0,3,OWN,PERSONAL,0
31,182500.0,561,0.085,0.623,82.5,3200.0,5,43777.0,4,MORTGAGE,PERSONAL,0
36,56300.0,706,0.07,0.261,78.9,12900.0,5,1170.0,13,MORTGAGE,PERSONAL,0
28,28500.0,773,0.032,0.383,71.6,10200.0,10,1314.0,7,RENT,PERSONAL,0
24,210600.0,764,0.209,0.266,92.4,9600.0,2,15426.0,2,RENT,DEBTCONSOLIDATION,0
60,155900.0,723,0.057,0.573,72.2,11100.0,1,25678.0,4,OWN,VENTURE,0
24,90000.0,717,0.069,0.3,59.6,6500.0,4,2904.0,6,MORTGAGE,DEBTCONSOLIDATION,0
45,36800.0,797,0.337,0.692,70.5,10500.0,6,8460.0,10,RENT,PERSONAL,1
23,58100.0,694,0.214,0.399,83.8,5900.0,0,8692.0,3,MORTGAGE,VENTURE,0
52,54400.0,718,0.233,0.251,67.3,17900.0,0,1063.0,6,RENT,DEBTCONSOLIDATION,1
23,73000.0,645,0.101,0.351,72.3,25800.0,1,10018.0,7,RENT,DEBTCONSOLIDATION,0
47,143000.0,567,0.36,0.69,59.3,27900.0,1,14645.0,6,MORTGAGE,PERSONAL,1
49,101500.0,618,0.309,0.349,72.1,19600.0,6,5600.0,9,OWN,EDUCATION,0
52,31400.0,669,0.188,0.524,100.0,9000.0,3,1081.0,11,RENT,EDUCATION,0
39,136700.0,674,0.084,0.49,74.4,6200.0,3,15010.0,8,RENT,PERSONAL,0
41,72200.0,814,0.373,0.622,80.7,8500.0,0,17252.0,8,MORTGAGE,PERSONAL,1
25,90400.0,676,0.068,0.44,100.0,10700.0,25,4230.0,9,OWN,EDUCATION,0
38,144300.0,758,0.194,0.338,86.0,8600.0,8,12286.0,8,MORTGAGE,VENTURE,0
48,30700.0,637,0.046,0.244,85.5,73100.0,2,1094.0,4,MORTGAGE,VENTURE,1
62,58600.0,646,0.417,0.556,70.5,21900.0,0,1842.0,6,MORTGAGE,MEDICAL,1
42,43500.0,570,0.166,0.08,84.7,20000.0,5,1376.0,6,RENT,VENTURE,0
41,23400.0,614,0.064,0.331,100.0,16600.0,3,2329.0,10,RENT,VENTURE,0
26,73700.0,709,0.045,0.288,67.5,9400.0,5,6525.0,6,RENT,VENTURE,0
21,270200.0,670,0.316,0.239,79.8,14700.0,5,18213.0,2,RENT,DEBTCONSOLIDATION,0
25,19800.0,740,0.116,0.349,67.9,21800.0,0,693.0,6,OWN,MEDICAL,1
61,58700.0,683,0.018,0.512,100.0,26200.0,1,3677.0,8,MORTGAGE,VENTURE,0
32,87900.0,643,0.152,0.197,67.8,16400.0,0,3203.0,2,MORTGAGE,DEBTCONSOLIDATION,0
46,64500.0,831,0.524,0.34,73.6,22800.0,20,8737.0,6,RENT,DEBTCONSOLIDATION,1
66,55900.0,662,0.13,0.624,68.1,9500.0,8,9955.0,8,RENT,MEDICAL,1
54,27500.0,757,0.5,0.746,65.4,4400.0,13,4202.0,6,MORTGAGE,DEBTCONSOLIDATION,1
34,68800.0,639,0.407,0.387,83.1,33500.0,0,5848.0,6,RENT,MEDICAL,1
46,38000.0,723,0.237,0.389,77.8,8800.0,3,5510.0,8,RENT,VENTURE,0
65,18000.0,739,0.103,0.274,86.2,8800.0,6,586.0,6,MORTGAGE,EDUCATION,0
47,122600.0,685,0.253,0.333,89.5,7200.0,0,6626.0,9,MORTGAGE,DEBTCONSOLIDATION,0
29,106400.0,493,0.151,0.667,61.8,16600.0,7,12761.0,4,RENT,PERSONAL,1
46,61800.0,671,0.224,0.315,85.6,9200.0,5,7089.0,4,MORTGAGE,EDUCATION,0
67,68700.0,762,0.09,0.654,71.0,37900.0,20,14462.0,4,MORTGAGE,EDUCATION,1
42,114100.0,709,0.112,0.546,83.7,37200.0,0,15997.0,2,MORTGAGE,EDUCATION,0
67,68500.0,703,0.262,0.564,86.0,17500.0,4,6187.0,7,RENT,VENTURE,1
50,103000.0,540,0.214,0.335,78.9,8200.0,14,4167.0,9,RENT,DEBTCONSOLIDATION,1
63,50100.0,615,0.024,0.4,97.8,49100.0,6,3322.0,7,RENT,MEDICAL,1
37,131600.0,700,0.291,0.823,64.8,30000.0,2,40648.0,5,RENT,MEDICAL,1
46,72600.0,700,0.17,0.348,68.5,8400.0,0,9312.0,7,OWN,MEDICAL,0
56,67300.0,761,0.089,0.278,84.9,18000.0,16,3699.0,3,MORTGAGE,DEBTCONSOLIDATION,0
21,27900.0,659,0.341,0.291,100.0,16300.0,0,1331.0,5,RENT,EDUCATION,1
28,71100.0,700,0.155,0.3,70.7,20200.0,18,7670.0,4,RENT,PERSONAL,0
55,36300.0,671,0.166,0.494,81.2,14800.0,1,3697.0,13,MORTGAGE,PERSONAL,0
35,40800.0,595,0.282,0.677,96.3,13600.0,9,1755.0,6,MORTGAGE,DEBTCONSOLIDATION,0
67,36700.0,500,0.147,0.626,93.0,75000.0,4,3929.0,8,RENT,PERSONAL,1
42,31600.0,702,0.029,0.227,89.4,20300.0,12,1883.0,1,MORTGAGE,MEDICAL,0
34,214200.0,683,0.085,0.429,73.4,8500.0,2,34975.0,3,RENT,EDUCATION,0
46,133100.0,623,0.315,0.559,81.7,10200.0,9,14777.0,5,MORTGAGE,PERSONAL,0
48,189500.0,548,0.068,0.27,82.4,50400.0,1,6858.0,3,MORTGAGE,MEDICAL,0
43,28700.0,717,0.238,0.574,94.5,11000.0,3,3041.0,6,MORTGAGE,DEBTCONSOLIDATION,0
34,62500.0,650,0.219,0.517,80.4,7300.0,9,2261.0,15,RENT,EDUCATION,0
44,27600.0,711,0.239,0.387,98.3,14600.0,0,3894.0,4,RENT,PERSONAL,0
22,39400.0,809,0.174,0.253,81.3,12300.0,6,615.0,4,OWN,MEDICAL,0
65,34500.0,509,0.084,0.356,83.7,37500.0,2,618.0,5,RENT,VENTURE,1
46,126000.0,617,0.142,0.163,80.5,42800.0,3,5441.0,3,MORTGAGE,MEDICAL,0
34,47200.0,654,0.144,0.329,79.9,11500.0,4,1613.0,3,MORTGAGE,PERSONAL,1
27,113700.0,779,0.369,0.214,81.1,25200.0,1,3738.0,4,MORTGAGE,PERSONAL,0
23,86000.0,547,0.285,0.689,82.4,12900.0,0,13145.0,4,MORTGAGE,PERSONAL,0
67,238500.0,815,0.084,0.212,62.5,8100.0,0,16546.0,6,RENT,DEBTCONSOLIDATION,1
43,24600.0,680,0.274,0.255,78.6,49800.0,2,1164.0,8,RENT,MEDICAL,1
66,127500.0,662,0.048,0.274,100.0,55700.0,1,13450.0,6,MORTGAGE,EDUCATION,0
63,119100.0,655,0.211,0.609,60.2,18200.0,5,15132.0,6,MORTGAGE,PERSONAL,1
67,33400.0,637,0.198,0.558,79.1,9200.0,6,6933.0,6,MORTGAGE,VENTURE,0
65,109600.0,748,0.098,0.257,75.3,7200.0,3,5868.0,5,OWN,VENTURE,0
38,73300.0,589,0.046,0.325,85.9,22700.0,4,5495.0,9,RENT,DEBTCONSOLIDATION,0
58,52200.0,695,0.09,0.586,88.1,36400.0,4,11787.0,1,OWN,PERSONAL,1
55,36500.0,641,0.092,0.703,83.8,15900.0,0,7344.0,4,RENT,VENTURE,1
35,38900.0,612,0.093,0.054,57.9,31100.0,9,215.0,5,RENT,PERSONAL,1
45,204800.0,850,0.265,0.727,57.7,12500.0,0,38636.0,7,RENT,VENTURE,1
57,59900.0,701,0.026,0.336,50.0,9800.0,2,2593.0,5,RENT,PERSONAL,1
48,95700.0,715,0.342,0.409,80.4,17400.0,0,6199.0,3,MORTGAGE,PERSONAL,1
30,37300.0,755,0.083,0.371,62.3,3600.0,5,4751.0,6,MORTGAGE,VENTURE,0
59,37500.0,563,0.226,0.514,53.8,10400.0,1,5566.0,4,RENT,MEDICAL,1
37,114600.0,801,0.261,0.45,71.0,25900.0,0,7757.0,7,MORTGAGE,PERSONAL,0
59,26600.0,481,0.334,0.119,73.8,2700.0,0,163.0,6,RENT,PERSONAL,0
42,46700.0,612,0.275,0.535,81.0,6000.0,1,5894.0,7,RENT,PERSONAL,0
46,61100.0,635,0.126,0.297,82.1,13300.0,5,2496.0,9,RENT,DEBTCONSOLIDATION,0
64,64000.0,713,0.101,0.359,82.7,6400.0,6,1376.0,4,RENT,MEDICAL,0
45,53800.0,686,0.285,0.388,91.8,10500.0,0,1506.0,5,MORTGAGE,PERSONAL,0
37,75900.0,657,0.306,0.76,78.5,3500.0,0,16477.0,4,MORTGAGE,EDUCATION,1
33,90700.0,669,0.194,0.571,91.0,23000.0,4,10099.0,3,RENT,MEDICAL,1
40,93000.0,596,0.084,0.666,77.8,31600.0,15,8787.0,6,RENT,PERSONAL,0
45,33100.0,557,0.156,0.291,77.2,5100.0,4,3447.0,6,MORTGAGE,EDUCATION,0
24,50500.0,724,0.254,0.202,75.1,17000.0,6,3456.0,5,OWN,VENTURE,0
30,122600.0,722,0.074,0.415,81.6,12800.0,4,10846.0,7,RENT,EDUCATION,0
23,102400.0,788,0.231,0.081,89.9,20300.0,0,1215.0,6,RENT,VENTURE,0
61,26300.0,610,0.119,0.877,89.7,41200.0,14,5248.0,7,RENT,MEDICAL,1
65,73900.0,721,0.11,0.331,89.3,6600.0,0,7669.0,5,RENT,EDUCATION,0
38,18300.0,648,0.168,0.267,85.7,35400.0,7,263.0,4,MORTGAGE,DEBTCONSOLIDATION,1
67,61600.0,759,0.333,0.264,68.2,47900.0,19,4300.0,7,MORTGAGE,EDUCATION,0
56,187000.0,746,0.266,0.347,100.0,4400.0,1,19372.0,7,RENT,VENTURE,0
67,33900.0,685,0.229,0.068,66.0,29300.0,0,774.0,11,RENT,VENTURE,1
42,36300.0,644,0.535,0.281,83.5,8000.0,4,1283.0,4,RENT,DEBTCONSOLIDATION,1
54,94700.0,742,0.329,0.759,100.0,23000.0,7,8712.0,5,MORTGAGE,EDUCATION,0
67,23700.0,718,0.169,0.296,92.6,8500.0,14,880.0,6,MORTGAGE,PERSONAL,0
28,41000.0,618,0.154,0.683,73.6,10000.0,5,10529.0,5,RENT,EDUCATION,1
60,85600.0,570,0.289,0.015,96.6,9300.0,2,128.0,5,MORTGAGE,DEBTCONSOLIDATION,0
64,40900.0,648,0.23,0.409,84.3,7500.0,3,5313.0,4,OWN,EDUCATION,0
39,52000.0,783,0.065,0.545,72.2,24800.0,7,11205.0,7,MORTGAGE,EDUCATION,0
62,93600.0,755,0.101,0.53,84.6,20600.0,7,18911.0,6,OWN,PERSONAL,0
61,77100.0,586,0.064,0.638,77.6,21000.0,0,9516.0,7,MORTGAGE,VENTURE,0
57,70300.0,582,0.085,0.122,79.4,11300.0,4,2948.0,7,RENT,VENTURE,0
26,48900.0,765,0.117,0.097,82.5,12200.0,17,1350.0,7,RENT,DEBTCONSOLIDATION,0
46,74800.0,584,0.168,0.605,90.4,19100.0,7,16018.0,8,MORTGAGE,MEDICAL,0
54,55600.0,708,0.124,0.378,92.8,8300.0,0,2236.0,2,RENT,DEBTCONSOLIDATION,0
65,78800.0,623,0.126,0.165,73.3,10400.0,1,4131.0,6,RENT,PERSONAL,0
26,44400.0,791,0.238,0.519,86.3,28000.0,2,5883.0,7,RENT,MEDICAL,1
57,53700.0,612,0.169,0.105,78.8,19300.0,6,1348.0,6,RENT,MEDICAL,0
53,33100.0,755,0.35,0.253,91.2,33000.0,4,2555.0,5,OWN,DEBTCONSOLIDATION,0
42,58600.0,683,0.271,0.454,69.7,2500.0,0,3873.0,1,MORTGAGE,DEBTCONSOLIDATION,0
41,36800.0,688,0.243,0.292,81.8,41000.0,6,818.0,6,RENT,DEBTCONSOLIDATION,1
26,30700.0,522,0.293,0.289,60.1,28000.0,9,2003.0,4,RENT,EDUCATION,1
26,69900.0,504,0.08,0.668,90.5,28400.0,1,7272.0,11,RENT,EDUCATION,1
24,68000.0,653,0.26,0.5,100.0,4700.0,0,4751.0,8,MORTGAGE,PERSONAL,0
50,95800.0,688,0.109,0.311,100.0,9900.0,7,11902.0,6,MORTGAGE,VENTURE,0
31,46200.0,585,0.348,0.415,92.1,10900.0,5,2286.0,5,MORTGAGE,DEBTCONSOLIDATION,0
50,76500.0,588,0.195,0.368,88.9,16500.0,8,3729.0,4,RENT,DEBTCONSOLIDATION,0
51,83300.0,712,0.121,0.532,100.0,50800.0,4,7394.0,13,OWN,DEBTCONSOLIDATION,0
44,78200.0,712,0.379,0.574,75.3,16900.0,2,10052.0,8,MORTGAGE,MEDICAL,1
29,36500.0,659,0.251,0.355,79.0,33300.0,16,4589.0,8,MORTGAGE,PERSONAL,0
23,65500.0,728,0.152,0.286,99.0,38800.0,7,2093.0,1,MORTGAGE,MEDICAL,0
51,74500.0,581,0.395,0.289,80.3,23700.0,2,5718.0,3,RENT,EDUCATION,1
60,60100.0,643,0.409,0.591,70.9,17100.0,11,6357.0,6,MORTGAGE,EDUCATION,0
57,18000.0,793,0.161,0.77,63.8,34800.0,25,4559.0,7,RENT,VENTURE,1
56,65900.0,675,0.029,0.356,71.9,4900.0,1,6115.0,2,MORTGAGE,PERSONAL,0
44,225800.0,679,0.155,0.559,100.0,22800.0,11,41437.0,7,RENT,MEDICAL,0
51,48200.0,842,0.262,0.452,80.8,42800.0,0,7610.0,3,OWN,PERSONAL,1
26,38700.0,565,0.143,0.125,72.9,16200.0,1,1786.0,7,OWN,DEBTCONSOLIDATION,0
22,74900.0,729,0.073,0.353,80.9,22000.0,0,10536.0,5,RENT,PERSONAL,0
40,72200.0,794,0.197,0.506,85.9,29900.0,2,9740.0,4,MORTGAGE,DEBTCONSOLIDATION,0
48,122500.0,645,0.12,0.31,59.7,11200.0,4,10372.0,8,RENT,DEBTCONSOLIDATION,1
31,28100.0,734,0.297,0.086,71.3,75000.0,6,240.0,6,RENT,PERSONAL,1
24,92900.0,596,0.041,0.543,64.1,6300.0,11,4378.0,5,RENT,PERSONAL,1
35,85300.0,618,0.372,0.372,99.6,3900.0,0,7002.0,6,MORTGAGE,PERSONAL,0
26,55000.0,698,0.319,0.098,80.6,23700.0,4,1578.0,4,OWN,PERSONAL,0
50,73400.0,729,0.048,0.182,79.9,9400.0,4,1828.0,7,RENT,DEBTCONSOLIDATION,0
58,111000.0,754,0.087,0.493,79.8,16300.0,3,9002.0,8,RENT,VENTURE,0
22,101100.0,787,0.164,0.208,68.6,17400.0,5,6204.0,8,RENT,PERSONAL,1
35,30200.0,664,0.374,0.347,88.2,19600.0,3,1300.0,3,RENT,DEBTCONSOLIDATION,1
31,97900.0,759,0.104,0.367,100.0,5700.0,3,8353.0,6,MORTGAGE,VENTURE,0
28,57600.0,644,0.142,0.281,74.6,8500.0,11,3861.0,7,MORTGAGE,DEBTCONSOLIDATION,0
46,62600.0,737,0.296,0.467,92.7,31600.0,9,10844.0,3,RENT,VENTURE,0
65,62600.0,685,0.199,0.182,80.7,9700.0,4,2174.0,3,MORTGAGE,EDUCATION,0
64,54700.0,703,0.177,0.302,72.8,13000.0,0,2043.0,3,MORTGAGE,PERSONAL,0
25,122400.0,701,0.086,0.563,92.9,9400.0,15,7640.0,4,RENT,PERSONAL,0
26,56900.0,549,0.277,0.36,62.5,19700.0,4,3126.0,8,RENT,MEDICAL,1
46,30600.0,585,0.367,0.408,64.9,10400.0,8,1843.0,3,OWN,MEDICAL,1
24,47300.0,677,0.287,0.581,100.0,43300.0,0,8590.0,8,MORTGAGE,MEDICAL,1
39,66700.0,543,0.183,0.012,77.2,8000.0,11,206.0,6,MORTGAGE,DEBTCONSOLIDATION,0
40,125200.0,732,0.222,0.194,96.3,5100.0,5,7016.0,8,RENT,DEBTCONSOLIDATION,0
53,86000.0,735,0.133,0.47,80.6,6000.0,5,10938.0,3,MORTGAGE,EDUCATION,0
40,35900.0,694,0.263,0.482,51.5,30800.0,0,3780.0,12,RENT,EDUCATION,1
32,266000.0,585,0.253,0.356,90.2,5900.0,6,35501.0,6,RENT,EDUCATION,0
67,70200.0,773,0.232,0.573,86.4,5300.0,0,13519.0,14,MORTGAGE,DEBTCONSOLIDATION,0
21,128700.0,822,0.143,0.364,73.0,23500.0,0,5799.0,9,RENT,DEBTCONSOLIDATION,0
46,54700.0,681,0.175,0.729,95.2,48600.0,1,7907.0,6,MORTGAGE,DEBTCONSOLIDATION,1
34,82500.0,708,0.122,0.184,93.2,61800.0,0,2289.0,8,RENT,PERSONAL,0
58,99100.0,685,0.216,0.436,72.9,12600.0,0,13437.0,4,RENT,MEDICAL,1
57,124400.0,709,0.157,0.487,95.0,2000.0,6,10333.0,10,MORTGAGE,EDUCATION,0
31,112900.0,661,0.14,0.572,84.6,12100.0,9,17699.0,10,MORTGAGE,EDUCATION,0
56,101000.0,667,0.548,0.478,82.8,32500.0,0,7352.0,9,MORTGAGE,PERSONAL,1
33,49600.0,737,0.026,0.225,73.2,6600.0,8,1228.0,6,OWN,DEBTCONSOLIDATION,0
63,42500.0,845,0.238,0.39,71.0,9300.0,3,882.0,8,MORTGAGE,EDUCATION,0
23,73100.0,564,0.053,0.451,99.0,17200.0,15,13125.0,5,MORTGAGE,EDUCATION,0
53,104800.0,662,0.179,0.17,86.6,32000.0,0,2260.0,4,RENT,MEDICAL,0
26,52400.0,581,0.288,0.617,93.3,7000.0,0,11034.0,6,MORTGAGE,DEBTCONSOLIDATION,0
30,113400.0,789,0.093,0.335,76.2,29500.0,9,12830.0,10,MORTGAGE,VENTURE,0
25,143100.0,625,0.039,0.644,88.0,22900.0,2,12219.0,6,MORTGAGE,MEDICAL,0
43,34600.0,561,0.241,0.402,77.8,11600.0,3,2719.0,6,MORTGAGE,PERSONAL,0
30,36200.0,717,0.105,0.295,90.0,23900.0,3,3659.0,7,RENT,MEDICAL,1
64,55000.0,800,0.079,0.271,65.2,28200.0,8,4344.0,5,RENT,EDUCATION,1
22,72000.0,719,0.149,0.267,65.4,44400.0,0,3450.0,7,RENT,MEDICAL,1
33,43700.0,685,0.421,0.782,68.7,40200.0,4,13061.0,3,MORTGAGE,EDUCATION,1
60,134800.0,700,0.137,0.148,81.9,6300.0,2,3388.0,4,MORTGAGE,PERSONAL,0
22,77200.0,776,0.117,0.171,55.4,19500.0,2,1640.0,8,RENT,DEBTCONSOLIDATION,0
40,61300.0,604,0.147,0.727,87.5,13500.0,2,4517.0,5,RENT,MEDICAL,1
21,25300.0,661,0.069,0.482,89.4,18000.0,13,3603.0,5,OWN,EDUCATION,0
57,27200.0,636,0.15,0.201,61.0,14400.0,1,329.0,6,RENT,EDUCATION,1
29,70900.0,582,0.371,0.66,77.1,15600.0,3,16193.0,9,RENT,MEDICAL,1
37,18000.0,645,0.082,0.202,100.0,13800.0,3,569.0,4,MORTGAGE,VENTURE,0
29,109900.0,753,0.088,0.249,76.7,9000.0,6,4910.0,6,RENT,MEDICAL,0
31,54500.0,712,0.269,0.568,69.9,16500.0,3,10235.0,6,MORTGAGE,MEDICAL,1
35,350000.0,718,0.294,0.846,77.5,26600.0,4,99182.0,4,RENT,PERSONAL,1
44,239100.0,680,0.343,0.657,96.1,12200.0,2,29847.0,6,OWN,PERSONAL,0
58,53700.0,709,0.034,0.306,68.2,9700.0,6,4007.0,4,RENT,PERSONAL,0
55,56200.0,609,0.134,0.376,88.6,16200.0,3,6080.0,4,MORTGAGE,MEDICAL,0
50,108800.0,646,0.285,0.455,87.1,18100.0,1,14406.0,5,MORTGAGE,EDUCATION,0
51,166400.0,684,0.062,0.285,81.9,8600.0,8,11236.0,6,MORTGAGE,MEDICAL,0
25,22400.0,690,0.335,0.157,77.5,10500.0,7,1215.0,5,RENT,PERSONAL,1
64,20500.0,694,0.293,0.709,93.1,6300.0,4,5007.0,5,OWN,DEBTCONSOLIDATION,0
34,41200.0,659,0.06,0.351,68.3,17600.0,3,5019.0,2,MORTGAGE,MEDICAL,0
31,84900.0,641,0.13,0.192,86.8,11100.0,1,2345.0,8,RENT,PERSONAL,0
29,80700.0,850,0.139,0.293,63.4,36600.0,10,3308.0,7,MORTGAGE,EDUCATION,0
54,113800.0,738,0.233,0.455,93.6,20100.0,0,5123.0,4,RENT,DEBTCONSOLIDATION,0
32,29100.0,700,0.15,0.268,91.1,22700.0,2,2646.0,5,RENT,DEBTCONSOLIDATION,0
55,18000.0,652,0.101,0.317,77.0,15600.0,9,406.0,3,MORTGAGE,PERSONAL,0
55,100200.0,636,0.386,0.142,79.2,25900.0,4,1385.0,4,RENT,DEBTCONSOLIDATION,1
21,36400.0,660,0.127,0.402,87.7,4500.0,2,5475.0,8,RENT,MEDICAL,1
60,18000.0,691,0.177,0.429,65.7,13800.0,7,724.0,9,MORTGAGE,PERSONAL,0
42,65300.0,528,0.247,0.397,78.4,11200.0,22,2397.0,5,RENT,DEBTCONSOLIDATION,0
49,96400.0,552,0.131,0.681,82.0,31200.0,1,24171.0,8,OWN,MEDICAL,1
28,55600.0,622,0.252,0.211,61.5,5700.0,0,1860.0,7,RENT,PERSONAL,1
31,45500.0,685,0.142,0.613,92.8,16400.0,3,9999.0,4,OWN,DEBTCONSOLIDATION,1
61,54400.0,652,0.426,0.231,100.0,34500.0,1,2289.0,7,MORTGAGE,VENTURE,0
57,47900.0,780,0.115,0.577,100.0,13100.0,5,4996.0,5,RENT,PERSONAL,0
34,26700.0,558,0.146,0.428,58.6,13100.0,3,1112.0,3,RENT,EDUCATION,1
50,39000.0,613,0.314,0.771,95.9,17100.0,3,11171.0,3,OWN,EDUCATION,0
55,81900.0,784,0.337,0.321,74.4,12100.0,2,8323.0,5,RENT,MEDICAL,1
41,72600.0,679,0.178,0.368,80.7,18700.0,1,3446.0,7,MORTGAGE,PERSONAL,0
57,66200.0,736,0.43,0.653,70.2,30500.0,1,13173.0,3,OWN,DEBTCONSOLIDATION,1
25,33000.0,823,0.048,0.388,89.3,17600.0,2,1105.0,8,RENT,VENTURE,0
39,53700.0,617,0.173,0.587,52.0,13800.0,5,7355.0,4,RENT,PERSONAL,1
34,18000.0,662,0.141,0.14,67.6,24500.0,2,350.0,9,RENT,VENTURE,1
46,66600.0,649,0.192,0.616,54.9,40900.0,1,14265.0,5,RENT,DEBTCONSOLIDATION,1
24,141100.0,523,0.105,0.67,75.1,8900.0,2,21639.0,4,MORTGAGE,MEDICAL,1
45,24700.0,646,0.198,0.306,78.2,53100.0,23,2815.0,6,RENT,PERSONAL,1
65,42100.0,736,0.068,0.299,63.1,9400.0,0,3207.0,4,RENT,DEBTCONSOLIDATION,0
62,72900.0,710,0.168,0.631,88.3,18300.0,1,10414.0,6,MORTGAGE,VENTURE,0
45,127000.0,716,0.167,0.305,87.2,17700.0,1,11345.0,5,OWN,EDUCATION,0
38,45800.0,641,0.208,0.447,92.4,18400.0,18,6641.0,9,MORTGAGE,EDUCATION,0
60,39500.0,620,0.171,0.438,98.9,4400.0,2,957.0,5,RENT,EDUCATION,0
28,18400.0,765,0.133,0.757,78.8,5900.0,4,3243.0,7,RENT,PERSONAL,1
59,63700.0,632,0.092,0.247,84.7,10600.0,1,5058.0,2,MORTGAGE,DEBTCONSOLIDATION,0
60,203900.0,692,0.237,0.393,69.7,8800.0,0,15435.0,3,RENT,DEBTCONSOLIDATION,1
34,70700.0,682,0.13,0.364,82.8,20100.0,2,1693.0,5,MORTGAGE,DEBTCONSOLIDATION,0
52,59100.0,779,0.267,0.458,83.4,32300.0,5,1520.0,11,OWN,PERSONAL,0
58,72600.0,742,0.135,0.428,100.0,3300.0,5,10187.0,12,RENT,EDUCATION,0
53,59500.0,572,0.08,0.293,88.4,6200.0,7,2080.0,7,MORTGAGE,EDUCATION,0
43,36800.0,580,0.052,0.444,88.7,9600.0,9,1817.0,6,MORTGAGE,EDUCATION,0
35,98100.0,713,0.108,0.336,78.4,6300.0,0,4989.0,6,MORTGAGE,EDUCATION,0
53,68600.0,665,0.411,0.45,42.8,11000.0,0,2647.0,3,MORTGAGE,DEBTCONSOLIDATION,1
45,60500.0,635,0.058,0.269,82.3,7600.0,7,1117.0,8,RENT,DEBTCONSOLIDATION,0
37,33300.0,746,0.082,0.419,76.3,19500.0,2,4957.0,7,RENT,PERSONAL,0
53,130900.0,684,0.17,0.203,68.7,75000.0,14,4145.0,4,RENT,MEDICAL,1
67,89200.0,673,0.115,0.523,90.9,7600.0,14,11842.0,6,RENT,VENTURE,0
22,43000.0,728,0.167,0.488,93.8,33300.0,0,7349.0,5,MORTGAGE,PERSONAL,0
34,109200.0,641,0.242,0.274,69.9,75000.0,5,11732.0,9,MORTGAGE,PERSONAL,0
60,44400.0,787,0.373,0.413,82.5,8600.0,0,5336.0,4,RENT,PERSONAL,1
60,37500.0,610,0.129,0.257,80.7,62600.0,2,3687.0,10,RENT,VENTURE,1
59,38000.0,719,0.439,0.135,95.6,7500.0,9,1017.0,2,MORTGAGE,EDUCATION,0
26,20700.0,777,0.346,0.611,87.2,32800.0,3,4127.0,7,OWN,MEDICAL,1
26,79500.0,566,0.107,0.631,90.6,7900.0,0,18970.0,7,MORTGAGE,EDUCATION,0
23,20000.0,644,0.354,0.776,77.6,3700.0,1,1065.0,4,MORTGAGE,DEBTCONSOLIDATION,1
27,28700.0,755,0.096,0.397,87.0,28500.0,0,1836.0,7,RENT,PERSONAL,0
28,18000.0,756,0.059,0.059,92.5,19800.0,2,328.0,8,MORTGAGE,PERSONAL,0
62,56900.0,657,0.082,0.751,100.0,13000.0,5,6852.0,6,OWN,EDUCATION,0
35,54700.0,614,0.149,0.562,75.5,4300.0,5,1720.0,3,OWN,EDUCATION,0
67,49200.0,741,0.025,0.123,77.6,34400.0,6,2012.0,3,MORTGAGE,PERSONAL,0
49,32000.0,758,0.082,0.356,73.1,29300.0,2,1226.0,6,MORTGAGE,DEBTCONSOLIDATION,0
53,29600.0,582,0.038,0.758,76.6,3800.0,1,3642.0,9,MORTGAGE,MEDICAL,1
50,79100.0,579,0.446,0.336,98.6,16000.0,0,9799.0,7,MORTGAGE,DEBTCONSOLIDATION,0
59,43000.0,686,0.135,0.298,72.1,20000.0,14,1577.0,6,OWN,MEDICAL,0
47,72400.0,717,0.256,0.327,86.7,6100.0,0,8598.0,6,RENT,MEDICAL,1
56,35200.0,647,0.122,0.503,94.0,27500.0,0,3504.0,3,MORTGAGE,PERSONAL,0
49,66700.0,720,0.172,0.505,96.4,75000.0,0,12508.0,8,RENT,VENTURE,1
58,130900.0,616,0.05,0.193,99.5,28900.0,1,9017.0,2,MORTGAGE,PERSONAL,0
53,85100.0,511,0.103,0.532,87.6,46500.0,8,8843.0,5,MORTGAGE,EDUCATION,0
57,46700.0,638,0.204,0.26,86.5,25600.0,2,4525.0,4,RENT,MEDICAL,1
47,69900.0,674,0.049,0.069,75.2,6200.0,5,1309.0,5,MORTGAGE,EDUCATION,0
53,51800.0,649,0.112,0.507,58.4,24500.0,16,5685.0,9,MORTGAGE,PERSONAL,0
24,60200.0,583,0.193,0.164,74.9,5400.0,11,2327.0,5,MORTGAGE,VENTURE,0
42,49200.0,533,0.068,0.458,83.9,9400.0,0,1626.0,9,OWN,EDUCATION,0
22,54300.0,631,0.357,0.412,94.2,11300.0,2,7442.0,6,RENT,VENTURE,1
30,68000.0,737,0.155,0.064,100.0,10400.0,6,663.0,3,RENT,PERSONAL,0
25,33000.0,764,0.246,0.448,82.1,7700.0,19,2137.0,8,MORTGAGE,MEDICAL,0
30,32500.0,759,0.151,0.401,95.5,11200.0,6,3915.0,5,OWN,EDUCATION,0
53,26000.0,608,0.217,0.573,84.0,12300.0,1,2678.0,2,MORTGAGE,EDUCATION,0
58,22900.0,583,0.116,0.259,84.5,33000.0,0,1364.0,6,MORTGAGE,DEBTCONSOLIDATION,1
33,28800.0,707,0.071,0.192,78.4,18000.0,3,1092.0,7,MORTGAGE,EDUCATION,0
51,65900.0,717,0.068,0.457,76.3,26800.0,1,6825.0,3,RENT,MEDICAL,1
67,35000.0,700,0.235,0.454,75.0,11300.0,1,2030.0,2,RENT,DEBTCONSOLIDATION,1
56,81500.0,518,0.153,0.421,75.4,26300.0,5,12343.0,8,MORTGAGE,PERSONAL,0
65,61100.0,604,0.108,0.303,73.9,3500.0,3,4879.0,12,MORTGAGE,EDUCATION,0
44,18400.0,667,0.058,0.395,92.2,5500.0,0,958.0,9,RENT,PERSONAL,0
35,88700.0,706,0.151,0.269,97.2,27100.0,0,1957.0,6,OWN,MEDICAL,0
49,97400.0,727,0.161,0.569,72.9,8800.0,0,13158.0,7,RENT,PERSONAL,0
28,33000.0,680,0.232,0.396,71.3,14400.0,1,2794.0,9,RENT,MEDICAL,1
25,77000.0,694,0.231,0.732,79.8,2600.0,10,21214.0,2,RENT,EDUCATION,1
49,35800.0,676,0.324,0.26,71.5,10200.0,7,1217.0,8,RENT,DEBTCONSOLIDATION,1
67,63500.0,721,0.035,0.281,69.8,5600.0,2,6398.0,6,MORTGAGE,PERSONAL,0
24,28000.0,693,0.212,0.471,77.8,8300.0,6,4197.0,3,MORTGAGE,MEDICAL,0
32,20400.0,674,0.139,0.466,84.9,14600.0,2,2061.0,4,RENT,VENTURE,1
65,47600.0,649,0.15,0.478,84.8,14400.0,7,8096.0,5,RENT,MEDICAL,0
22,55600.0,676,0.116,0.24,78.2,11300.0,1,4693.0,8,MORTGAGE,EDUCATION,0
47,47200.0,706,0.054,0.723,75.7,25100.0,0,10239.0,8,RENT,EDUCATION,1
51,29400.0,690,0.101,0.241,89.3,9800.0,0,606.0,6,MORTGAGE,EDUCATION,0
56,47100.0,698,0.162,0.199,86.7,11100.0,1,994.0,6,RENT,PERSONAL,0
56,70400.0,770,0.219,0.479,84.1,5800.0,0,8668.0,8,MORTGAGE,EDUCATION,0
46,58300.0,689,0.237,0.578,75.2,31200.0,8,4579.0,5,RENT,MEDICAL,1
63,66800.0,621,0.072,0.068,98.0,7600.0,1,1103.0,5,MORTGAGE,DEBTCONSOLIDATION,0
47,40100.0,736,0.172,0.568,66.3,5000.0,3,5609.0,7,MORTGAGE,MEDICAL,1
25,120900.0,567,0.21,0.374,75.3,5700.0,7,11552.0,9,MORTGAGE,DEBTCONSOLIDATION,0
40,29600.0,588,0.18,0.496,70.2,15300.0,5,3662.0,5,OWN,PERSONAL,0
31,80200.0,695,0.022,0.513,82.0,12500.0,1,7518.0,8,RENT,VENTURE,1
30,121700.0,708,0.182,0.224,74.0,11400.0,0,3369.0,10,RENT,MEDICAL,0
60,79900.0,576,0.124,0.434,83.1,27000.0,12,8027.0,6,RENT,MEDICAL,1
58,53000.0,641,0.127,0.391,88.3,6700.0,4,4628.0,15,RENT,EDUCATION,0
26,43600.0,624,0.311,0.625,97.2,18900.0,6,3987.0,5,MORTGAGE,EDUCATION,0
28,111500.0,633,0.289,0.427,84.6,14300.0,2,3233.0,7,MORTGAGE,EDUCATION,0
43,25500.0,740,0.128,0.403,84.4,17800.0,1,1253.0,8,MORTGAGE,MEDICAL,0
67,33500.0,722,0.147,0.365,87.2,14500.0,3,2969.0,7,RENT,MEDICAL,0
46,47200.0,668,0.074,0.262,54.6,7900.0,0,2937.0,6,MORTGAGE,MEDICAL,0
66,125800.0,629,0.055,0.684,82.7,2800.0,8,8327.0,9,MORTGAGE,EDUCATION,0
63,75200.0,568,0.307,0.13,68.7,23600.0,5,2562.0,3,MORTGAGE,VENTURE,0
32,33500.0,776,0.368,0.124,74.2,13300.0,7,822.0,4,RENT,VENTURE,0
46,49700.0,714,0.29,0.151,80.6,14600.0,4,2092.0,6,RENT,VENTURE,1
33,41400.0,616,0.444,0.204,93.4,13100.0,4,3047.0,11,RENT,PERSONAL,1
60,39100.0,723,0.206,0.782,60.8,4700.0,4,4831.0,7,RENT,EDUCATION,1
38,107700.0,664,0.168,0.191,84.9,15700.0,7,3529.0,3,RENT,DEBTCONSOLIDATION,0
45,26300.0,648,0.228,0.736,83.2,13600.0,1,5553.0,5,MORTGAGE,MEDICAL,0
53,157200.0,702,0.199,0.508,87.2,12700.0,5,30522.0,9,MORTGAGE,MEDICAL,0
67,98400.0,614,0.195,0.592,100.0,44400.0,4,12824.0,1,OWN,DEBTCONSOLIDATION,0
60,115200.0,644,0.175,0.602,100.0,14600.0,3,7577.0,7,MORTGAGE,DEBTCONSOLIDATION,0
63,45400.0,679,0.189,0.379,85.5,12200.0,3,6491.0,7,RENT,DEBTCONSOLIDATION,0
32,54700.0,632,0.258,0.315,88.7,12000.0,1,3695.0,8,MORTGAGE,EDUCATION,0
64,25300.0,720,0.082,0.634,81.6,6300.0,0,3388.0,6,MORTGAGE,PERSONAL,0
56,43700.0,810,0.279,0.112,91.1,14700.0,7,1169.0,4,RENT,MEDICAL,0
24,80500.0,613,0.247,0.291,82.4,16100.0,12,3242.0,5,MORTGAGE,VENTURE,0
25,130300.0,545,0.036,0.203,87.1,8400.0,3,8587.0,6,MORTGAGE,VENTURE,0
57,30800.0,519,0.214,0.791,74.0,22500.0,9,6684.0,11,MORTGAGE,VENTURE,1
28,48100.0,658,0.291,0.311,84.8,18800.0,4,5747.0,7,RENT,PERSONAL,1
62,54700.0,620,0.098,0.746,98.3,12300.0,13,4952.0,3,RENT,EDUCATION,0
48,25900.0,685,0.264,0.718,88.8,23900.0,3,4960.0,10,OWN,PERSONAL,1
51,85400.0,679,0.348,0.315,83.4,10200.0,1,6209.0,5,RENT,VENTURE,1
29,38800.0,549,0.201,0.667,47.2,23400.0,10,9399.0,3,MORTGAGE,PERSONAL,1
49,53300.0,533,0.259,0.308,86.6,9500.0,8,995.0,7,RENT,MEDICAL,1
34,45700.0,692,0.067,0.484,81.0,40400.0,2,6996.0,6,OWN,EDUCATION,1
60,37300.0,680,0.289,0.257,69.1,8900.0,9,2570.0,10,RENT,MEDICAL,1
61,59600.0,638,0.195,0.581,81.2,12000.0,0,9095.0,7,OWN,EDUCATION,0
42,52600.0,545,0.331,0.373,81.3,7300.0,8,6992.0,6,RENT,VENTURE,0
31,47900.0,705,0.284,0.318,82.1,19600.0,5,3906.0,8,MORTGAGE,EDUCATION,0
43,38700.0,765,0.182,0.288,90.9,6000.0,2,3350.0,5,RENT,VENTURE,0
21,72500.0,690,0.195,0.464,79.5,12300.0,7,9285.0,5,MORTGAGE,EDUCATION,0
66,161500.0,606,0.139,0.26,79.1,5100.0,0,3121.0,1,OWN,EDUCATION,0
57,65100.0,673,0.198,0.404,77.8,19500.0,1,2354.0,6,RENT,MEDICAL,1
41,108800.0,567,0.366,0.439,84.9,20200.0,3,8047.0,4,RENT,EDUCATION,0
46,26000.0,749,0.175,0.83,88.5,14600.0,10,6183.0,4,RENT,MEDICAL,1
66,65800.0,676,0.364,0.194,97.5,9200.0,0,756.0,3,MORTGAGE,DEBTCONSOLIDATION,0
56,31000.0,537,0.371,0.776,88.4,21700.0,4,7708.0,10,MORTGAGE,EDUCATION,1
43,24700.0,647,0.095,0.258,94.9,6900.0,6,771.0,8,MORTGAGE,VENTURE,0
21,38400.0,704,0.162,0.338,92.2,7900.0,6,3191.0,3,OWN,DEBTCONSOLIDATION,0
60,122400.0,645,0.117,0.116,83.8,21700.0,4,1710.0,6,RENT,PERSONAL,0
35,105900.0,649,0.31,0.453,73.3,19600.0,14,5353.0,10,MORTGAGE,MEDICAL,0
41,69300.0,578,0.183,0.491,86.8,19600.0,3,5681.0,9,RENT,PERSONAL,1
67,23900.0,712,0.196,0.477,100.0,66700.0,10,4247.0,8,RENT,VENTURE,1
29,53200.0,621,0.302,0.26,95.0,15100.0,4,1843.0,6,RENT,EDUCATION,0
29,71800.0,508,0.433,0.408,97.3,10100.0,6,1962.0,7,OWN,MEDICAL,0
30,66500.0,642,0.432,0.523,59.9,12100.0,3,12478.0,4,RENT,MEDICAL,1
46,19800.0,743,0.156,0.601,58.4,3100.0,0,2423.0,11,RENT,MEDICAL,1
61,35100.0,640,0.379,0.266,76.2,17500.0,0,2496.0,13,RENT,DEBTCONSOLIDATION,1
55,57600.0,800,0.264,0.574,87.7,35900.0,5,11903.0,7,RENT,MEDICAL,1
45,82600.0,702,0.272,0.292,77.5,10500.0,2,7585.0,4,RENT,VENTURE,0
46,18000.0,695,0.447,0.321,79.6,33400.0,4,1900.0,7,MORTGAGE,DEBTCONSOLIDATION,1
31,54300.0,660,0.077,0.392,64.2,6800.0,6,4641.0,7,MORTGAGE,VENTURE,0
58,65200.0,664,0.165,0.639,74.7,7800.0,7,12106.0,7,MORTGAGE,DEBTCONSOLIDATION,0
22,99700.0,650,0.369,0.49,71.3,7700.0,3,18922.0,7,MORTGAGE,PERSONAL,0
27,90700.0,647,0.156,0.38,71.7,4800.0,1,12457.0,4,MORTGAGE,PERSONAL,0
38,84900.0,709,0.24,0.294,73.2,37100.0,7,6598.0,4,RENT,VENTURE,0
47,37100.0,599,0.132,0.504,68.8,19200.0,2,1494.0,5,RENT,DEBTCONSOLIDATION,1
54,19100.0,589,0.151,0.257,53.2,20600.0,13,1929.0,6,RENT,PERSONAL,1
47,47300.0,585,0.26,0.286,98.9,8000.0,8,1744.0,3,OWN,DEBTCONSOLIDATION,0
37,109200.0,823,0.295,0.174,80.6,23300.0,6,3349.0,9,MORTGAGE,PERSONAL,0
63,138100.0,709,0.136,0.757,73.8,9400.0,1,10363.0,7,MORTGAGE,EDUCATION,0
64,91700.0,692,0.293,0.094,80.3,9700.0,2,934.0,5,MORTGAGE,DEBTCONSOLIDATION,0
44,77500.0,590,0.171,0.271,86.0,28300.0,9,6900.0,7,RENT,PERSONAL,0
45,75200.0,716,0.281,0.257,83.4,7400.0,0,1834.0,3,RENT,VENTURE,0
27,42900.0,661,0.191,0.62,73.2,6600.0,7,3093.0,7,MORTGAGE,DEBTCONSOLIDATION,0
26,55400.0,686,0.236,0.202,93.9,6100.0,2,1231.0,9,MORTGAGE,MEDICAL,0
44,163000.0,596,0.184,0.225,74.9,12100.0,8,6586.0,2,MORTGAGE,PERSONAL,0
53,34000.0,682,0.058,0.473,79.2,56600.0,4,4714.0,8,RENT,VENTURE,1
49,157800.0,638,0.156,0.472,100.0,11100.0,3,20508.0,13,RENT,PERSONAL,0
63,49400.0,612,0.2,0.079,100.0,5400.0,6,1185.0,3,MORTGAGE,PERSONAL,0
42,132600.0,725,0.176,0.154,95.8,8600.0,8,6216.0,6,RENT,EDUCATION,0
46,25700.0,554,0.465,0.378,74.0,9600.0,5,496.0,7,RENT,VENTURE,1
48,85100.0,712,0.293,0.471,76.9,13800.0,2,11607.0,6,RENT,PERSONAL,1
41,38500.0,721,0.238,0.225,72.6,17200.0,1,2509.0,5,MORTGAGE,MEDICAL,1
27,25600.0,604,0.198,0.414,79.1,3100.0,9,760.0,7,MORTGAGE,DEBTCONSOLIDATION,0
37,68300.0,608,0.044,0.526,88.4,5700.0,3,7167.0,6,OWN,MEDICAL,0
40,109700.0,653,0.191,0.21,59.4,5400.0,7,1786.0,6,MORTGAGE,EDUCATION,0
61,36100.0,691,0.284,0.159,69.6,27300.0,27,670.0,6,MORTGAGE,EDUCATION,0
40,24400.0,658,0.124,0.117,83.3,6600.0,5,632.0,3,RENT,DEBTCONSOLIDATION,0
42,56700.0,702,0.124,0.33,80.8,16200.0,1,1014.0,3,RENT,PERSONAL,0
48,56800.0,802,0.082,0.62,76.6,18500.0,10,2932.0,2,RENT,EDUCATION,0
60,83200.0,631,0.094,0.173,65.2,9400.0,1,1147.0,5,OWN,VENTURE,0
27,105800.0,541,0.562,0.797,74.8,2400.0,1,7892.0,6,MORTGAGE,EDUCATION,1
21,57800.0,731,0.292,0.694,76.2,30300.0,0,2705.0,9,RENT,DEBTCONSOLIDATION,1
52,182300.0,796,0.242,0.665,66.0,33400.0,0,32032.0,5,RENT,MEDICAL,1
33,68500.0,699,0.239,0.645,72.0,13200.0,9,4971.0,5,RENT,MEDICAL,1
50,48600.0,588,0.426,0.268,79.7,8300.0,1,4584.0,8,RENT,DEBTCONSOLIDATION,1
43,22800.0,660,0.341,0.408,87.7,46900.0,0,3346.0,7,RENT,EDUCATION,1
39,51100.0,586,0.037,0.332,93.0,8100.0,2,4951.0,5,RENT,DEBTCONSOLIDATION,0
52,48900.0,718,0.104,0.804,69.4,23300.0,6,2860.0,9,MORTGAGE,PERSONAL,0
50,106500.0,568,0.252,0.442,77.8,4700.0,2,17043.0,5,RENT,PERSONAL,1
49,79000.0,647,0.216,0.255,79.0,18400.0,1,3959.0,9,RENT,PERSONAL,0
65,29500.0,594,0.201,0.373,79.6,5400.0,3,1248.0,2,MORTGAGE,PERSONAL,0
49,66400.0,679,0.075,0.637,78.8,17400.0,0,13644.0,7,MORTGAGE,PERSONAL,0
50,89600.0,642,0.165,0.624,67.9,13400.0,3,9580.0,3,RENT,EDUCATION,1
36,149800.0,683,0.272,0.325,87.7,10300.0,23,11058.0,4,OWN,DEBTCONSOLIDATION,0
60,102000.0,671,0.138,0.583,78.2,10100.0,8,18438.0,7,MORTGAGE,EDUCATION,0
39,94500.0,596,0.065,0.183,82.4,28500.0,0,1477.0,7,MORTGAGE,PERSONAL,0
38,62100.0,717,0.304,0.448,83.0,12600.0,5,3042.0,2,MORTGAGE,PERSONAL,0
21,75600.0,666,0.062,0.703,74.7,17600.0,3,20674.0,8,RENT,MEDICAL,1
34,126700.0,595,0.298,0.471,91.2,75000.0,8,17887.0,8,RENT,PERSONAL,0
67,26900.0,838,0.173,0.358,76.6,5600.0,0,1261.0,8,RENT,EDUCATION,1
22,48500.0,705,0.173,0.192,84.0,7800.0,1,2336.0,7,RENT,PERSONAL,0
48,37700.0,658,0.271,0.315,83.1,4200.0,7,1375.0,5,MORTGAGE,EDUCATION,0
50,75200.0,776,0.139,0.473,85.1,4100.0,9,12553.0,5,RENT,DEBTCONSOLIDATION,0
58,125300.0,808,0.373,0.306,94.9,50700.0,3,7937.0,5,MORTGAGE,DEBTCONSOLIDATION,0
24,41800.0,659,0.106,0.377,73.3,10000.0,0,5238.0,6,OWN,VENTURE,0
21,18000.0,696,0.268,0.679,81.9,2100.0,11,4769.0,8,RENT,PERSONAL,1
28,46800.0,595,0.127,0.326,81.5,11000.0,2,6001.0,4,RENT,DEBTCONSOLIDATION,0
49,103600.0,658,0.224,0.688,78.5,9500.0,0,6997.0,7,OWN,PERSONAL,0
59,82700.0,655,0.215,0.686,87.9,6400.0,8,21597.0,2,RENT,MEDICAL,1
23,77400.0,683,0.248,0.355,68.0,9800.0,2,3973.0,6,RENT,DEBTCONSOLIDATION,1
52,50600.0,694,0.076,0.197,98.8,14900.0,1,1753.0,3,RENT,EDUCATION,0
30,27800.0,711,0.331,0.723,99.3,10000.0,8,1448.0,5,OWN,PERSONAL,0
30,81600.0,687,0.293,0.28,74.4,24300.0,3,6305.0,10,RENT,MEDICAL,1
39,36300.0,579,0.238,0.358,80.8,12800.0,4,3579.0,6,MORTGAGE,DEBTCONSOLIDATION,0
66,222000.0,599,0.124,0.295,60.5,13500.0,8,21085.0,12,MORTGAGE,VENTURE,0
54,84300.0,629,0.124,0.629,74.2,11700.0,3,20213.0,5,OWN,EDUCATION,0
53,42300.0,648,0.327,0.524,100.0,5600.0,0,4430.0,6,MORTGAGE,PERSONAL,0
43,41500.0,748,0.087,0.28,89.2,5800.0,16,2238.0,8,MORTGAGE,EDUCATION,0
48,56600.0,582,0.144,0.342,90.2,14500.0,1,5298.0,3,MORTGAGE,PERSONAL,0
52,51900.0,643,0.407,0.619,76.1,7900.0,25,9111.0,6,MORTGAGE,DEBTCONSOLIDATION,0
27,117000.0,741,0.151,0.413,80.8,20300.0,0,9946.0,7,RENT,EDUCATION,1
49,67000.0,647,0.244,0.084,81.3,10600.0,3,2092.0,3,MORTGAGE,DEBTCONSOLIDATION,0
28,38600.0,704,0.154,0.741,65.2,7800.0,6,1952.0,8,RENT,MEDICAL,1
21,186100.0,659,0.4,0.377,83.4,16000.0,11,22082.0,8,MORTGAGE,VENTURE,0
23,61700.0,689,0.418,0.326,91.0,13600.0,7,2470.0,6,MORTGAGE,DEBTCONSOLIDATION,0
44,95000.0,652,0.332,0.353,100.0,4200.0,1,7491.0,7,RENT,DEBTCONSOLIDATION,0
43,41600.0,720,0.219,0.379,84.9,3700.0,1,5487.0,5,MORTGAGE,DEBTCONSOLIDATION,0
28,74400.0,554,0.21,0.074,80.4,19900.0,2,910.0,4,RENT,EDUCATION,0
67,72200.0,642,0.288,0.328,80.4,7900.0,0,8641.0,3,MORTGAGE,VENTURE,0
57,19300.0,692,0.305,0.777,86.4,14900.0,5,3115.0,3,RENT,EDUCATION,1
23,200600.0,710,0.191,0.282,91.2,15700.0,14,16742.0,7,OWN,MEDICAL,0
53,129900.0,781,0.304,0.655,94.8,31000.0,5,25775.0,5,MORTGAGE,MEDICAL,1
48,47200.0,640,0.225,0.59,56.5,42400.0,3,3934.0,6,OWN,PERSONAL,1
67,30900.0,780,0.064,0.119,94.8,6000.0,3,1343.0,2,MORTGAGE,DEBTCONSOLIDATION,0
28,73800.0,620,0.13,0.193,67.6,12000.0,4,1333.0,6,MORTGAGE,EDUCATION,0
54,63100.0,769,0.25,0.211,70.2,12300.0,6,3415.0,7,RENT,EDUCATION,0
55,74100.0,731,0.243,0.276,79.5,38700.0,7,7672.0,3,MORTGAGE,EDUCATION,0
52,67200.0,601,0.249,0.069,88.0,4900.0,5,282.0,3,RENT,MEDICAL,0
44,81100.0,693,0.414,0.389,66.2,36500.0,6,7443.0,3,MORTGAGE,MEDICAL,1
34,142700.0,666,0.059,0.289,74.9,19800.0,15,5619.0,4,OWN,MEDICAL,0
52,84200.0,716,0.241,0.307,85.4,9100.0,11,3034.0,4,RENT,EDUCATION,0
66,31900.0,653,0.346,0.179,87.8,24600.0,8,753.0,5,MORTGAGE,PERSONAL,0
63,135600.0,646,0.243,0.284,87.5,10300.0,0,14093.0,10,MORTGAGE,EDUCATION,0
36,160200.0,772,0.129,0.584,93.3,4300.0,5,18611.0,6,RENT,EDUCATION,0
24,350000.0,662,0.096,0.463,95.7,14500.0,3,21482.0,5,RENT,MEDICAL,0
57,30500.0,731,0.077,0.44,83.3,11100.0,4,5028.0,11,RENT,VENTURE,0
41,69300.0,653,0.142,0.234,81.2,9500.0,5,2636.0,8,RENT,VENTURE,0
34,18000.0,794,0.242,0.279,72.5,7700.0,6,1523.0,5,OWN,DEBTCONSOLIDATION,0
51,83400.0,619,0.181,0.204,75.1,20600.0,10,4049.0,7,MORTGAGE,PERSONAL,0
38,43100.0,623,0.487,0.431,65.6,13200.0,12,5344.0,4,MORTGAGE,MEDICAL,1
27,189900.0,784,0.07,0.566,98.7,9600.0,4,12246.0,3,MORTGAGE,MEDICAL,0
30,37600.0,636,0.171,0.269,81.2,8700.0,11,2908.0,6,RENT,MEDICAL,1
27,21700.0,790,0.094,0.223,90.9,9700.0,7,1776.0,4,OWN,MEDICAL,0
53,45100.0,736,0.053,0.424,100.0,8900.0,1,1631.0,3,MORTGAGE,DEBTCONSOLIDATION,0
43,18300.0,658,0.509,0.454,100.0,10100.0,0,1365.0,4,OWN,PERSONAL,0
41,94000.0,534,0.352,0.389,95.3,22200.0,0,14276.0,7,MORTGAGE,EDUCATION,0
39,18000.0,668,0.208,0.645,77.5,10300.0,4,1496.0,5,RENT,MEDICAL,1
39,60900.0,677,0.302,0.125,91.6,14900.0,3,539.0,5,MORTGAGE,MEDICAL,0
56,18000.0,757,0.109,0.211,81.9,10200.0,5,263.0,8,MORTGAGE,PERSONAL,0
49,49400.0,789,0.1,0.656,70.7,3900.0,9,4743.0,7,MORTGAGE,MEDICAL,0
38,160500.0,618,0.023,0.387,71.1,15600.0,0,13864.0,8,RENT,VENTURE,0
22,74300.0,730,0.285,0.651,92.2,8100.0,9,6970.0,5,MORTGAGE,EDUCATION,0
21,35700.0,727,0.362,0.6,90.8,21300.0,0,3177.0,5,RENT,DEBTCONSOLIDATION,1
67,58800.0,750,0.154,0.758,96.6,42600.0,10,15198.0,6,MORTGAGE,VENTURE,0
25,60500.0,707,0.06,0.297,79.2,8400.0,9,5722.0,5,MORTGAGE,MEDICAL,0
40,79500.0,524,0.277,0.194,76.7,25200.0,5,2449.0,4,RENT,PERSONAL,0
31,26400.0,658,0.241,0.804,68.9,10000.0,1,3623.0,5,MORTGAGE,DEBTCONSOLIDATION,1
62,85400.0,583,0.266,0.074,62.1,10800.0,0,2461.0,4,RENT,MEDICAL,1
22,18000.0,654,0.121,0.364,71.8,17400.0,7,2506.0,6,MORTGAGE,PERSONAL,0
23,41000.0,743,0.165,0.196,74.2,3400.0,1,3139.0,5,MORTGAGE,PERSONAL,0
43,44700.0,692,0.346,0.425,68.4,4000.0,2,7195.0,4,RENT,EDUCATION,1
32,87600.0,756,0.091,0.445,75.8,13900.0,3,10519.0,5,MORTGAGE,PERSONAL,0
40,60700.0,695,0.282,0.26,100.0,2100.0,5,2492.0,6,RENT,PERSONAL,0
25,25800.0,572,0.197,0.307,73.7,28600.0,3,3084.0,5,MORTGAGE,VENTURE,0
57,33200.0,480,0.221,0.635,59.8,34000.0,5,6535.0,8,RENT,EDUCATION,1
58,67500.0,681,0.301,0.015,83.8,17100.0,8,303.0,2,RENT,EDUCATION,0
50,57100.0,653,0.44,0.216,89.7,12200.0,6,4060.0,6,RENT,DEBTCONSOLIDATION,0
29,42300.0,596,0.185,0.707,71.4,29000.0,1,7760.0,6,RENT,MEDICAL,1
54,44900.0,542,0.061,0.518,91.1,9600.0,11,5911.0,8,MORTGAGE,EDUCATION,0
64,90900.0,614,0.023,0.526,100.0,10300.0,3,8437.0,6,MORTGAGE,EDUCATION,0
55,43900.0,655,0.327,0.425,79.2,12100.0,3,1917.0,6,MORTGAGE,DEBTCONSOLIDATION,0
42,56800.0,719,0.137,0.169,90.9,7500.0,4,1953.0,9,MORTGAGE,EDUCATION,0
64,220100.0,684,0.189,0.328,93.1,33000.0,3,16682.0,1,MORTGAGE,EDUCATION,0
44,25500.0,790,0.04,0.083,86.9,32300.0,7,756.0,7,RENT,EDUCATION,0
37,19700.0,592,0.098,0.698,92.9,6900.0,2,2620.0,11,RENT,EDUCATION,1
30,95800.0,736,0.143,0.421,88.4,7900.0,7,14481.0,6,MORTGAGE,VENTURE,0
50,39800.0,673,0.32,0.558,70.6,10500.0,7,3578.0,6,RENT,DEBTCONSOLIDATION,1
66,49500.0,722,0.16,0.198,55.1,31000.0,1,3731.0,7,MORTGAGE,PERSONAL,1
43,37500.0,637,0.406,0.106,84.2,10400.0,0,253.0,8,MORTGAGE,DEBTCONSOLIDATION,0
52,51200.0,750,0.09,0.693,79.2,14900.0,9,8298.0,3,MORTGAGE,EDUCATION,0
37,156200.0,692,0.063,0.315,62.5,6300.0,0,7998.0,8,MORTGAGE,VENTURE,0
37,96900.0,619,0.176,0.836,79.4,38800.0,0,12398.0,7,MORTGAGE,MEDICAL,0
34,100400.0,669,0.169,0.185,80.4,5900.0,2,1445.0,2,MORTGAGE,PERSONAL,0
29,25600.0,652,0.113,0.377,85.6,10000.0,1,2784.0,6,RENT,DEBTCONSOLIDATION,1
60,30000.0,706,0.222,0.454,95.4,4000.0,1,2552.0,5,RENT,MEDICAL,1
22,18000.0,581,0.158,0.632,72.3,31700.0,0,4348.0,5,OWN,MEDICAL,1
65,36800.0,667,0.135,0.198,57.2,13100.0,6,2181.0,4,RENT,MEDICAL,1
45,106300.0,699,0.325,0.589,77.2,46400.0,7,12836.0,6,RENT,VENTURE,1
59,81600.0,672,0.299,0.147,91.8,6700.0,0,3233.0,11,MORTGAGE,PERSONAL,0
29,52400.0,771,0.268,0.761,98.1,27800.0,3,2915.0,7,OWN,VENTURE,0
42,59100.0,728,0.459,0.475,74.8,17600.0,0,7192.0,8,MORTGAGE,EDUCATION,0
63,39600.0,669,0.133,0.213,89.0,7700.0,3,2388.0,11,RENT,EDUCATION,0
66,67700.0,686,0.268,0.557,68.8,8400.0,2,3287.0,3,MORTGAGE,PERSONAL,0
24,94800.0,692,0.364,0.406,82.1,19600.0,1,11118.0,5,OWN,PERSONAL,0
46,22700.0,700,0.25,0.095,47.8,13000.0,14,466.0,9,MORTGAGE,DEBTCONSOLIDATION,0
49,71700.0,533,0.366,0.338,78.1,8300.0,15,5280.0,6,RENT,EDUCATION,0
65,104800.0,647,0.139,0.532,85.8,45400.0,4,16907.0,9,MORTGAGE,VENTURE,0
54,46700.0,558,0.227,0.539,76.5,13800.0,1,5221.0,7,OWN,EDUCATION,0
43,91200.0,765,0.219,0.795,65.2,10300.0,4,9572.0,7,RENT,DEBTCONSOLIDATION,1
57,324100.0,665,0.073,0.387,82.9,6300.0,13,19366.0,10,MORTGAGE,MEDICAL,0
31,56200.0,655,0.196,0.342,100.0,9300.0,2,5928.0,3,RENT,EDUCATION,0
26,75800.0,737,0.104,0.746,72.0,3000.0,0,4232.0,5,RENT,VENTURE,1
38,38500.0,701,0.328,0.18,73.4,13400.0,5,2386.0,7,MORTGAGE,MEDICAL,0
41,66800.0,585,0.105,0.109,79.1,22300.0,5,1848.0,4,MORTGAGE,MEDICAL,0
62,78900.0,664,0.414,0.378,100.0,36500.0,0,9080.0,5,RENT,VENTURE,1
56,67300.0,644,0.347,0.228,66.0,10000.0,9,2613.0,6,MORTGAGE,DEBTCONSOLIDATION,0
61,32500.0,539,0.05,0.125,72.8,18700.0,5,520.0,3,MORTGAGE,EDUCATION,0
58,67800.0,618,0.099,0.13,90.1,10500.0,1,2923.0,6,MORTGAGE,MEDICAL,0
54,144000.0,656,0.139,0.187,67.2,3800.0,0,2310.0,5,MORTGAGE,EDUCATION,0
37,78400.0,661,0.259,0.224,71.7,3200.0,17,1898.0,3,RENT,EDUCATION,0
57,106600.0,558,0.379,0.496,100.0,12400.0,7,7916.0,5,RENT,PERSONAL,0
45,51900.0,756,0.216,0.364,100.0,3200.0,2,3267.0,5,MORTGAGE,EDUCATION,0
58,93900.0,662,0.392,0.326,89.1,11200.0,2,3713.0,6,MORTGAGE,PERSONAL,0
32,70800.0,672,0.154,0.277,85.9,9900.0,3,7245.0,4,MORTGAGE,MEDICAL,0
43,33800.0,700,0.198,0.238,75.0,3900.0,6,479.0,8,MORTGAGE,PERSONAL,0
62,72500.0,610,0.164,0.59,82.1,2000.0,0,14168.0,9,RENT,PERSONAL,0
42,33000.0,704,0.347,0.481,72.8,8000.0,1,3077.0,6,RENT,MEDICAL,1
41,41000.0,642,0.165,0.26,100.0,37300.0,0,3653.0,4,RENT,EDUCATION,0
47,67100.0,602,0.375,0.58,83.8,15900.0,21,12788.0,5,MORTGAGE,EDUCATION,0
51,71600.0,713,0.24,0.312,80.1,7900.0,10,2063.0,8,RENT,MEDICAL,1
26,29300.0,781,0.103,0.252,82.7,7500.0,4,2091.0,9,OWN,PERSONAL,0
47,112700.0,724,0.242,0.122,74.4,16800.0,2,2509.0,5,RENT,PERSONAL,0
60,84400.0,739,0.167,0.232,88.2,14000.0,1,6606.0,6,MORTGAGE,PERSONAL,0
54,39200.0,630,0.289,0.322,79.4,21100.0,4,4391.0,6,MORTGAGE,DEBTCONSOLIDATION,0
32,23800.0,550,0.334,0.845,100.0,45300.0,5,2336.0,6,RENT,VENTURE,1
65,54900.0,781,0.317,0.62,76.8,28600.0,5,7404.0,6,MORTGAGE,EDUCATION,1
27,45800.0,824,0.238,0.18,92.0,28100.0,0,2127.0,5,OWN,EDUCATION,0
30,64100.0,785,0.152,0.47,100.0,12100.0,6,7243.0,6,RENT,MEDICAL,0
65,48200.0,644,0.201,0.259,48.5,2700.0,10,1724.0,7,MORTGAGE,PERSONAL,0
37,18000.0,583,0.088,0.396,76.8,2900.0,0,1036.0,4,MORTGAGE,DEBTCONSOLIDATION,0
46,47400.0,590,0.434,0.668,100.0,18300.0,7,11094.0,7,MORTGAGE,MEDICAL,1
41,49800.0,543,0.156,0.472,55.0,8800.0,8,1444.0,2,RENT,DEBTCONSOLIDATION,1
48,87600.0,661,0.254,0.512,96.3,41000.0,1,6361.0,5,MORTGAGE,DEBTCONSOLIDATION,0
66,39400.0,790,0.051,0.251,85.9,36200.0,6,1267.0,7,RENT,MEDICAL,0
22,163900.0,659,0.219,0.548,100.0,14100.0,0,16143.0,3,RENT,MEDICAL,1
63,19000.0,692,0.05,0.447,78.4,9300.0,5,2464.0,6,RENT,EDUCATION,0
21,131500.0,773,0.411,0.355,85.2,6800.0,3,11031.0,4,RENT,DEBTCONSOLIDATION,1
56,52300.0,639,0.153,0.315,68.0,40200.0,9,3941.0,7,MORTGAGE,DEBTCONSOLIDATION,0
46,100300.0,822,0.262,0.234,79.3,14600.0,3,7181.0,3,MORTGAGE,PERSONAL,0
49,62800.0,819,0.255,0.361,72.7,7900.0,2,7578.0,11,RENT,VENTURE,0
41,118600.0,660,0.072,0.454,75.0,12200.0,13,5705.0,3,MORTGAGE,PERSONAL,0
31,47500.0,626,0.14,0.235,83.8,11000.0,13,980.0,6,RENT,PERSONAL,0
60,31000.0,722,0.148,0.439,72.6,45900.0,0,2115.0,7,RENT,EDUCATION,1
31,140400.0,643,0.03,0.538,55.2,15100.0,3,25655.0,6,RENT,VENTURE,1
56,55900.0,583,0.259,0.513,84.9,13500.0,0,6871.0,1,RENT,PERSONAL,0
59,68400.0,766,0.041,0.366,84.6,5100.0,1,2503.0,8,RENT,EDUCATION,0
60,125600.0,761,0.283,0.62,90.9,18500.0,5,8356.0,7,RENT,MEDICAL,1
55,32200.0,681,0.236,0.733,81.9,13800.0,0,8601.0,2,OWN,VENTURE,1
54,85600.0,575,0.332,0.373,69.0,19400.0,0,5697.0,7,MORTGAGE,EDUCATION,1
67,42000.0,577,0.024,0.784,100.0,13900.0,6,4588.0,11,RENT,MEDICAL,1
44,55300.0,678,0.405,0.23,77.9,10500.0,5,3724.0,11,RENT,MEDICAL,1
42,62500.0,632,0.015,0.714,70.4,13800.0,11,15676.0,2,RENT,EDUCATION,1
25,24300.0,644,0.26,0.558,99.5,7800.0,3,2778.0,3,RENT,DEBTCONSOLIDATION,1
53,37500.0,746,0.05,0.311,100.0,14900.0,14,3812.0,7,OWN,EDUCATION,0
56,134700.0,724,0.165,0.267,48.8,33000.0,4,7211.0,6,MORTGAGE,VENTURE,0
67,101900.0,773,0.05,0.458,70.9,24800.0,2,13628.0,7,MORTGAGE,VENTURE,0
40,57700.0,595,0.134,0.149,79.8,10900.0,4,2160.0,6,MORTGAGE,MEDICAL,0
39,69300.0,644,0.247,0.484,85.3,11500.0,6,12177.0,4,RENT,EDUCATION,1
55,50200.0,726,0.224,0.33,89.9,20100.0,2,2713.0,8,MORTGAGE,DEBTCONSOLIDATION,0
63,135100.0,703,0.145,0.231,100.0,17300.0,2,9976.0,4,RENT,VENTURE,0
37,53100.0,784,0.342,0.689,68.9,13400.0,4,10587.0,3,RENT,MEDICAL,1
65,68800.0,701,0.054,0.342,83.9,9000.0,3,8084.0,5,MORTGAGE,EDUCATION,0
63,119100.0,808,0.047,0.635,64.3,7200.0,3,19863.0,7,MORTGAGE,MEDICAL,0
54,37600.0,710,0.052,0.132,84.7,7100.0,20,1047.0,4,MORTGAGE,PERSONAL,0
29,152600.0,749,0.162,0.212,100.0,11900.0,0,2178.0,5,RENT,MEDICAL,0
46,23900.0,645,0.038,0.404,48.5,16900.0,5,3321.0,8,RENT,VENTURE,1
22,159200.0,671,0.194,0.504,64.8,4000.0,12,29565.0,1,MORTGAGE,DEBTCONSOLIDATION,0
29,47900.0,738,0.16,0.244,91.4,22300.0,1,2424.0,2,MORTGAGE,VENTURE,0
29,51800.0,790,0.129,0.145,91.7,6300.0,1,960.0,5,MORTGAGE,PERSONAL,0
60,19300.0,724,0.056,0.802,72.0,8300.0,2,4280.0,5,RENT,PERSONAL,1
37,45600.0,663,0.304,0.094,91.8,11200.0,0,397.0,7,RENT,EDUCATION,0
21,32100.0,773,0.178,0.67,97.7,17500.0,4,1383.0,6,MORTGAGE,EDUCATION,1
45,41600.0,505,0.164,0.137,88.6,38400.0,5,864.0,10,MORTGAGE,PERSONAL,0
63,55100.0,563,0.119,0.673,99.5,9600.0,8,10679.0,3,RENT,DEBTCONSOLIDATION,0
60,106400.0,721,0.201,0.511,85.9,28500.0,0,18213.0,8,MORTGAGE,MEDICAL,0
62,67800.0,671,0.394,0.446,78.9,10100.0,2,3172.0,8,RENT,DEBTCONSOLIDATION,1
45,72000.0,715,0.094,0.467,85.4,33900.0,7,12816.0,6,MORTGAGE,EDUCATION,0
59,31000.0,674,0.098,0.725,92.1,12700.0,7,5467.0,8,RENT,VENTURE,0
55,35300.0,712,0.066,0.654,62.7,4700.0,0,8631.0,10,OWN,MEDICAL,1
23,176200.0,608,0.205,0.33,85.2,8100.0,0,5956.0,8,MORTGAGE,PERSONAL,0
57,38500.0,712,0.276,0.829,80.5,13500.0,7,6712.0,6,RENT,EDUCATION,1
64,161700.0,744,0.077,0.254,75.6,11500.0,0,8247.0,9,OWN,EDUCATION,0
64,51700.0,761,0.164,0.067,68.4,6600.0,4,672.0,2,RENT,PERSONAL,0
50,60000.0,821,0.148,0.389,59.4,5300.0,0,8771.0,6,RENT,EDUCATION,1
58,113800.0,688,0.228,0.157,75.8,23400.0,1,6205.0,7,RENT,MEDICAL,1
54,128400.0,690,0.237,0.649,74.9,2700.0,0,27333.0,6,RENT,PERSONAL,1
32,56000.0,555,0.131,0.696,93.3,19000.0,6,5852.0,3,OWN,EDUCATION,0
39,47400.0,630,0.058,0.248,95.6,6200.0,5,1983.0,6,RENT,DEBTCONSOLIDATION,0
57,57900.0,655,0.064,0.303,71.8,50300.0,0,2469.0,8,MORTGAGE,MEDICAL,1
64,73300.0,748,0.105,0.391,71.7,3200.0,0,9393.0,3,OWN,VENTURE,0
37,102200.0,624,0.206,0.273,75.3,3100.0,3,5231.0,8,MORTGAGE,EDUCATION,0
30,60000.0,729,0.078,0.51,95.4,9900.0,1,12012.0,4,RENT,MEDICAL,1
67,86800.0,669,0.209,0.551,73.9,27200.0,0,8490.0,4,RENT,VENTURE,1
32,160000.0,656,0.201,0.033,100.0,61300.0,1,578.0,4,RENT,EDUCATION,0
36,75300.0,688,0.47,0.386,83.5,26700.0,1,10913.0,9,OWN,EDUCATION,0
44,72200.0,640,0.365,0.159,87.3,14800.0,5,3719.0,10,OWN,DEBTCONSOLIDATION,0
39,24100.0,637,0.551,0.195,76.4,6800.0,9,1194.0,4,MORTGAGE,VENTURE,0
28,18000.0,542,0.231,0.675,100.0,7800.0,1,4258.0,7,RENT,DEBTCONSOLIDATION,1
51,75600.0,651,0.224,0.6,87.2,8400.0,1,17341.0,10,MORTGAGE,PERSONAL,0
41,56600.0,634,0.081,0.382,76.2,10000.0,2,7599.0,8,MORTGAGE,VENTURE,0
37,44000.0,631,0.362,0.547,66.2,11200.0,0,8823.0,9,MORTGAGE,PERSONAL,1
43,69300.0,701,0.111,0.39,90.2,15400.0,14,3917.0,6,RENT,PERSONAL,0
57,57700.0,719,0.095,0.453,74.3,8900.0,1,5980.0,2,RENT,PERSONAL,1
36,117800.0,687,0.373,0.224,79.9,15000.0,0,8664.0,6,MORTGAGE,VENTURE,0
26,63000.0,744,0.285,0.365,70.8,17400.0,4,5383.0,6,RENT,MEDICAL,1
28,38200.0,713,0.082,0.199,70.9,6200.0,3,2088.0,5,RENT,MEDICAL,1
45,108500.0,647,0.098,0.529,74.7,5600.0,4,21409.0,5,MORTGAGE,EDUCATION,0
38,52600.0,635,0.114,0.653,81.2,28800.0,17,5268.0,6,MORTGAGE,PERSONAL,0
45,82100.0,693,0.178,0.205,67.7,14600.0,1,4019.0,3,MORTGAGE,VENTURE,0
32,45000.0,713,0.261,0.328,79.0,12000.0,2,3649.0,4,RENT,VENTURE,1
35,40500.0,774,0.307,0.189,73.4,4900.0,2,1346.0,7,MORTGAGE,VENTURE,0
46,63000.0,759,0.183,0.642,80.5,22900.0,4,7236.0,3,MORTGAGE,DEBTCONSOLIDATION,0
61,60300.0,629,0.15,0.348,93.0,13300.0,4,6697.0,4,MORTGAGE,DEBTCONSOLIDATION,0
65,79800.0,662,0.26,0.382,84.5,38100.0,3,11441.0,6,MORTGAGE,EDUCATION,0
46,51000.0,720,0.178,0.597,74.7,15300.0,2,8276.0,6,OWN,PERSONAL,1
67,19900.0,750,0.089,0.661,81.4,11100.0,2,2904.0,9,MORTGAGE,EDUCATION,0
52,46200.0,740,0.369,0.62,89.2,8700.0,7,8955.0,3,RENT,DEBTCONSOLIDATION,0
30,96400.0,665,0.158,0.898,90.4,40400.0,4,34561.0,6,RENT,PERSONAL,1
36,50100.0,575,0.098,0.711,84.5,26700.0,6,2808.0,6,MORTGAGE,VENTURE,0
27,51600.0,595,0.134,0.561,100.0,15600.0,1,8049.0,3,RENT,DEBTCONSOLIDATION,0
37,108200.0,690,0.277,0.63,71.4,25800.0,12,16676.0,7,MORTGAGE,PERSONAL,0
43,39100.0,695,0.084,0.529,88.3,16900.0,0,5452.0,7,RENT,VENTURE,1
46,23700.0,587,0.366,0.271,81.2,3800.0,4,372.0,5,RENT,PERSONAL,1
41,54400.0,673,0.236,0.65,94.2,25800.0,8,13595.0,6,MORTGAGE,DEBTCONSOLIDATION,0
42,44800.0,717,0.28,0.459,82.1,21800.0,10,1643.0,7,RENT,DEBTCONSOLIDATION,1
27,33500.0,583,0.245,0.35,100.0,6200.0,1,1848.0,2,MORTGAGE,EDUCATION,0
34,53900.0,752,0.083,0.441,83.1,20200.0,3,3670.0,5,RENT,PERSONAL,1
35,80400.0,641,0.248,0.654,90.8,7400.0,0,16121.0,9,MORTGAGE,PERSONAL,0
27,59500.0,764,0.064,0.683,79.6,9900.0,7,11575.0,4,RENT,MEDICAL,1
29,72000.0,629,0.238,0.491,86.1,14900.0,0,2531.0,1,RENT,DEBTCONSOLIDATION,0
28,177700.0,593,0.14,0.424,74.7,14300.0,2,7715.0,7,MORTGAGE,DEBTCONSOLIDATION,0
43,48700.0,635,0.143,0.549,87.2,12600.0,23,4320.0,8,MORTGAGE,MEDICAL,0
49,70800.0,662,0.084,0.726,58.4,4300.0,12,15237.0,8,MORTGAGE,PERSONAL,0
38,44100.0,640,0.153,0.391,75.5,13800.0,2,6470.0,4,RENT,PERSONAL,0
51,36000.0,653,0.231,0.68,73.7,43100.0,1,3927.0,4,MORTGAGE,EDUCATION,1
50,42200.0,695,0.064,0.315,100.0,16100.0,1,3110.0,10,MORTGAGE,DEBTCONSOLIDATION,0
59,44900.0,657,0.104,0.673,73.3,11800.0,5,5452.0,6,MORTGAGE,MEDICAL,1
55,74300.0,665,0.198,0.34,76.2,21700.0,6,6368.0,8,MORTGAGE,MEDICAL,0
38,245100.0,541,0.019,0.19,72.9,14800.0,1,12564.0,6,RENT,MEDICAL,0
62,39000.0,699,0.036,0.274,86.9,9900.0,1,2473.0,6,RENT,PERSONAL,0
59,46600.0,663,0.091,0.231,78.0,25300.0,1,2004.0,9,OWN,DEBTCONSOLIDATION,0
37,57600.0,790,0.199,0.326,76.5,16100.0,2,6721.0,5,OWN,VENTURE,0
34,75900.0,599,0.224,0.377,100.0,17800.0,12,9462.0,5,RENT,EDUCATION,0
51,70100.0,534,0.244,0.278,83.8,11600.0,0,7784.0,3,RENT,PERSONAL,0
44,129400.0,716,0.22,0.675,90.1,12500.0,5,16984.0,4,MORTGAGE,VENTURE,0
55,18000.0,695,0.236,0.308,86.9,23400.0,9,352.0,9,MORTGAGE,DEBTCONSOLIDATION,1
64,18000.0,594,0.11,0.63,71.9,9400.0,6,3152.0,6,RENT,PERSONAL,1
65,44500.0,555,0.187,0.634,75.1,67800.0,1,9147.0,3,OWN,PERSONAL,1
54,115700.0,785,0.214,0.158,68.5,8800.0,3,6908.0,5,MORTGAGE,MEDICAL,0
23,23400.0,776,0.26,0.395,67.3,8700.0,12,496.0,4,MORTGAGE,MEDICAL,1
57,18000.0,483,0.03,0.441,82.4,27600.0,0,2841.0,8,MORTGAGE,PERSONAL,1
63,84300.0,635,0.162,0.668,83.2,13100.0,21,13000.0,8,RENT,MEDICAL,1
60,69300.0,794,0.247,0.519,80.5,20300.0,0,6517.0,3,RENT,PERSONAL,1
46,31100.0,634,0.095,0.5,86.5,38700.0,0,1985.0,6,RENT,MEDICAL,1
43,33100.0,633,0.116,0.376,80.0,17800.0,8,4169.0,7,OWN,PERSONAL,0
64,33500.0,648,0.079,0.051,96.9,16900.0,8,303.0,4,RENT,EDUCATION,0
59,64000.0,585,0.38,0.676,76.0,9100.0,0,11318.0,5,MORTGAGE,DEBTCONSOLIDATION,1
35,41100.0,542,0.094,0.417,93.8,7400.0,0,3926.0,9,MORTGAGE,EDUCATION,0
24,80500.0,748,0.123,0.399,91.1,4600.0,14,4564.0,6,RENT,EDUCATION,0
49,18000.0,531,0.141,0.747,51.2,8100.0,1,4380.0,4,MORTGAGE,EDUCATION,1
42,35800.0,688,0.075,0.588,63.9,9600.0,0,3249.0,4,RENT,MEDICAL,1
45,30500.0,736,0.208,0.594,61.3,7900.0,1,5898.0,10,RENT,PERSONAL,1
33,51300.0,561,0.161,0.251,85.6,11200.0,6,2489.0,7,MORTGAGE,DEBTCONSOLIDATION,0
38,43400.0,600,0.438,0.242,69.0,9600.0,12,636.0,5,MORTGAGE,EDUCATION,0
53,96600.0,760,0.111,0.372,94.5,24100.0,0,11449.0,5,MORTGAGE,DEBTCONSOLIDATION,0
36,19600.0,709,0.049,0.786,68.9,5300.0,1,5619.0,8,OWN,PERSONAL,0
65,61500.0,623,0.369,0.433,84.1,26700.0,2,2448.0,4,RENT,EDUCATION,0
62,83700.0,760,0.162,0.431,69.8,21500.0,6,9193.0,1,MORTGAGE,DEBTCONSOLIDATION,0
64,182400.0,760,0.142,0.111,88.9,7000.0,5,1521.0,3,MORTGAGE,PERSONAL,0
22,44800.0,690,0.178,0.179,78.2,5500.0,1,2730.0,5,MORTGAGE,MEDICAL,0
55,72700.0,602,0.29,0.491,76.6,19800.0,0,14128.0,7,MORTGAGE,EDUCATION,1
62,20300.0,638,0.413,0.706,73.7,19800.0,1,3200.0,11,MORTGAGE,MEDICAL,1
54,18000.0,691,0.054,0.481,68.7,7700.0,1,1383.0,6,MORTGAGE,PERSONAL,0
50,99400.0,655,0.451,0.524,86.3,5300.0,0,18022.0,8,RENT,DEBTCONSOLIDATION,1
33,59700.0,740,0.061,0.543,73.8,10100.0,18,7530.0,8,MORTGAGE,MEDICAL,0
33,121400.0,555,0.358,0.642,100.0,2000.0,1,16146.0,4,MORTGAGE,DEBTCONSOLIDATION,1
38,26300.0,557,0.076,0.349,100.0,19600.0,9,1191.0,5,OWN,VENTURE,0
52,81800.0,683,0.196,0.062,78.8,8600.0,3,1347.0,6,RENT,PERSONAL,0
52,183700.0,633,0.105,0.694,77.1,15300.0,17,33429.0,5,RENT,DEBTCONSOLIDATION,0
55,77000.0,622,0.162,0.548,79.7,46800.0,0,5991.0,8,MORTGAGE,EDUCATION,1
59,70700.0,537,0.293,0.508,100.0,10100.0,0,4453.0,6,RENT,MEDICAL,1
66,60200.0,671,0.288,0.571,100.0,21500.0,0,6995.0,5,RENT,PERSONAL,0
49,23300.0,666,0.231,0.647,58.4,11200.0,6,3132.0,6,RENT,PERSONAL,1
49,135000.0,719,0.095,0.624,98.0,9800.0,1,7998.0,6,MORTGAGE,EDUCATION,0
64,41500.0,675,0.236,0.592,78.5,38900.0,10,3602.0,4,MORTGAGE,DEBTCONSOLIDATION,0
36,81000.0,660,0.107,0.31,72.1,9100.0,5,2665.0,6,OWN,MEDICAL,0
64,23400.0,758,0.194,0.258,95.4,19600.0,4,2207.0,6,RENT,EDUCATION,0
67,29500.0,571,0.253,0.397,83.0,16700.0,3,890.0,6,MORTGAGE,DEBTCONSOLIDATION,0
30,141600.0,710,0.079,0.287,98.4,17900.0,1,14531.0,3,RENT,PERSONAL,0
50,48600.0,544,0.095,0.688,93.4,20700.0,0,7850.0,2,RENT,MEDICAL,1
45,143200.0,607,0.089,0.188,86.0,19200.0,2,7615.0,13,RENT,EDUCATION,0
59,57100.0,579,0.169,0.343,100.0,9000.0,0,7308.0,4,RENT,PERSONAL,0
40,19800.0,728,0.229,0.318,80.2,9900.0,11,1120.0,7,RENT,DEBTCONSOLIDATION,1
25,102300.0,665,0.133,0.093,68.8,16200.0,8,2815.0,5,MORTGAGE,MEDICAL,0
21,42000.0,668,0.396,0.147,100.0,3600.0,4,1760.0,3,MORTGAGE,PERSONAL,0
50,91100.0,586,0.069,0.34,79.2,17300.0,3,12263.0,7,MORTGAGE,PERSONAL,0
23,60800.0,647,0.221,0.494,84.1,8900.0,3,1986.0,4,RENT,DEBTCONSOLIDATION,0
65,23700.0,612,0.398,0.675,75.3,27800.0,3,3350.0,7,MORTGAGE,PERSONAL,1
34,66100.0,698,0.029,0.35,83.2,3400.0,6,9169.0,6,MORTGAGE,DEBTCONSOLIDATION,0
50,223600.0,595,0.078,0.194,85.8,18500.0,0,7147.0,3,MORTGAGE,PERSONAL,0
24,80500.0,769,0.053,0.143,68.7,16100.0,3,4466.0,3,OWN,DEBTCONSOLIDATION,0
38,57800.0,544,0.133,0.183,68.9,14900.0,8,3552.0,2,MORTGAGE,MEDICAL,0
57,114100.0,609,0.06,0.665,71.4,33700.0,3,12805.0,5,MORTGAGE,DEBTCONSOLIDATION,1
45,67900.0,795,0.086,0.615,80.5,13500.0,0,2513.0,4,RENT,MEDICAL,1
21,67900.0,637,0.357,0.501,87.2,15900.0,1,5039.0,3,MORTGAGE,VENTURE,0
66,31100.0,571,0.24,0.184,97.6,5700.0,5,534.0,6,MORTGAGE,EDUCATION,0
35,68900.0,686,0.281,0.481,100.0,14600.0,13,6627.0,4,OWN,PERSONAL,0
29,111400.0,634,0.126,0.432,84.2,11200.0,11,18231.0,8,MORTGAGE,PERSONAL,0
35,36300.0,607,0.296,0.206,76.6,11000.0,8,1716.0,3,RENT,EDUCATION,1
44,140700.0,587,0.069,0.161,53.4,4400.0,14,4681.0,6,OWN,EDUCATION,0
24,56700.0,850,0.145,0.623,85.1,44800.0,1,4434.0,3,MORTGAGE,EDUCATION,0
32,35100.0,651,0.114,0.478,80.0,6800.0,0,4488.0,9,RENT,DEBTCONSOLIDATION,1
57,108900.0,525,0.31,0.324,77.7,10900.0,2,7388.0,8,MORTGAGE,PERSONAL,0
57,50400.0,782,0.173,0.384,74.1,4700.0,4,6202.0,9,MORTGAGE,PERSONAL,0
63,94400.0,715,0.153,0.413,74.5,4800.0,1,8992.0,5,RENT,PERSONAL,0
26,50300.0,612,0.141,0.308,85.9,4900.0,0,5582.0,6,RENT,VENTURE,0
59,57800.0,600,0.289,0.396,89.7,39500.0,3,7417.0,9,MORTGAGE,VENTURE,0
66,80500.0,720,0.15,0.326,81.7,4300.0,1,2645.0,4,RENT,PERSONAL,0
44,71300.0,651,0.054,0.515,91.4,8900.0,6,3584.0,9,RENT,PERSONAL,0
31,18100.0,525,0.431,0.503,97.4,10100.0,0,533.0,5,RENT,PERSONAL,1
33,30600.0,804,0.213,0.587,80.9,8000.0,15,3218.0,4,MORTGAGE,PERSONAL,0
54,104600.0,637,0.034,0.672,96.7,7300.0,10,4858.0,4,RENT,VENTURE,0
45,55300.0,782,0.177,0.503,70.6,9900.0,10,5771.0,5,RENT,DEBTCONSOLIDATION,1
27,43700.0,765,0.039,0.745,85.5,5600.0,7,4378.0,4,RENT,DEBTCONSOLIDATION,0
24,26500.0,594,0.11,0.391,77.4,25600.0,5,2325.0,9,RENT,EDUCATION,1
28,31300.0,747,0.343,0.555,87.9,39700.0,0,1831.0,6,MORTGAGE,DEBTCONSOLIDATION,1
40,18000.0,621,0.241,0.431,56.1,32100.0,5,1879.0,6,RENT,VENTURE,1
49,56300.0,529,0.111,0.597,96.1,3500.0,6,13050.0,5,MORTGAGE,PERSONAL,0
65,41800.0,638,0.428,0.399,81.4,3300.0,0,4554.0,9,MORTGAGE,DEBTCONSOLIDATION,0
66,33500.0,699,0.05,0.672,87.2,4500.0,4,5573.0,8,RENT,MEDICAL,1
30,57500.0,635,0.141,0.499,72.6,19500.0,3,9348.0,4,MORTGAGE,MEDICAL,0
63,74500.0,646,0.207,0.181,100.0,9300.0,3,700.0,4,RENT,MEDICAL,0
54,210200.0,755,0.319,0.107,86.1,71500.0,1,3348.0,6,RENT,PERSONAL,0
46,24200.0,677,0.202,0.318,77.4,13600.0,6,3043.0,3,MORTGAGE,PERSONAL,0
61,120000.0,606,0.137,0.546,56.8,28200.0,12,21223.0,7,MORTGAGE,EDUCATION,1
23,107400.0,722,0.048,0.521,77.8,28600.0,7,4566.0,7,RENT,MEDICAL,1
26,37500.0,684,0.229,0.574,54.2,6600.0,2,3536.0,8,RENT,PERSONAL,1
25,67600.0,480,0.117,0.515,83.5,7400.0,20,7100.0,6,MORTGAGE,PERSONAL,0
25,45500.0,702,0.399,0.294,89.1,39400.0,2,5045.0,8,RENT,DEBTCONSOLIDATION,1
67,66900.0,699,0.136,0.438,90.5,4000.0,1,7477.0,4,RENT,EDUCATION,1
43,148100.0,671,0.032,0.575,71.7,11900.0,17,6560.0,4,RENT,PERSONAL,0
29,86100.0,736,0.111,0.182,74.4,21800.0,7,3576.0,8,RENT,PERSONAL,0
55,81200.0,619,0.084,0.459,80.9,18700.0,7,5639.0,7,RENT,EDUCATION,0
40,46200.0,695,0.145,0.115,75.4,10100.0,0,895.0,7,RENT,DEBTCONSOLIDATION,0
62,24600.0,552,0.12,0.502,62.1,9800.0,1,1111.0,4,RENT,EDUCATION,1
55,52800.0,700,0.175,0.345,74.6,5500.0,0,3836.0,4,MORTGAGE,VENTURE,0
38,123500.0,816,0.095,0.738,86.8,7000.0,7,25914.0,5,MORTGAGE,EDUCATION,0
37,23900.0,595,0.119,0.601,76.5,41800.0,1,4537.0,3,MORTGAGE,EDUCATION,1
44,31800.0,613,0.34,0.582,79.2,15400.0,0,5430.0,5,RENT,PERSONAL,1
23,64600.0,616,0.307,0.589,75.8,8700.0,1,10699.0,7,MORTGAGE,VENTURE,0
52,33200.0,679,0.253,0.635,100.0,20600.0,5,7468.0,5,MORTGAGE,VENTURE,0
55,37200.0,590,0.151,0.344,83.5,9700.0,2,2128.0,5,RENT,MEDICAL,0
58,46400.0,701,0.199,0.692,84.7,6200.0,14,4017.0,8,MORTGAGE,VENTURE,0
33,26400.0,733,0.08,0.698,75.1,8900.0,2,1498.0,5,MORTGAGE,EDUCATION,0
67,33400.0,710,0.091,0.781,87.7,5000.0,8,2817.0,5,MORTGAGE,MEDICAL,1
45,91300.0,537,0.121,0.421,83.2,40800.0,3,3932.0,4,MORTGAGE,DEBTCONSOLIDATION,0
29,27300.0,744,0.384,0.49,61.1,20700.0,6,4941.0,3,RENT,PERSONAL,1
24,23000.0,740,0.079,0.533,100.0,20600.0,0,1387.0,8,MORTGAGE,MEDICAL,0
34,41000.0,732,0.223,0.402,80.7,9200.0,6,1366.0,4,MORTGAGE,PERSONAL,0
57,92900.0,697,0.304,0.467,88.4,12800.0,0,8247.0,5,MORTGAGE,EDUCATION,0
54,53200.0,686,0.453,0.281,74.4,9400.0,5,1635.0,9,RENT,MEDICAL,1
31,45300.0,747,0.418,0.394,87.4,5000.0,3,1708.0,8,RENT,VENTURE,1
61,61500.0,814,0.305,0.513,90.0,25100.0,1,5579.0,8,OWN,EDUCATION,0
23,21000.0,598,0.166,0.596,64.4,23300.0,3,4653.0,5,MORTGAGE,VENTURE,1
48,80600.0,750,0.179,0.601,88.3,17600.0,9,2938.0,7,OWN,PERSONAL,0
49,75400.0,663,0.062,0.556,80.7,13600.0,0,5144.0,4,OWN,PERSONAL,0
29,46800.0,660,0.056,0.666,69.7,7200.0,0,10550.0,6,RENT,MEDICAL,1
23,109500.0,554,0.152,0.335,100.0,16900.0,3,4983.0,9,RENT,PERSONAL,0
45,30400.0,648,0.284,0.416,70.8,6800.0,4,2585.0,9,MORTGAGE,MEDICAL,0
54,117800.0,595,0.287,0.917,84.8,7400.0,2,9127.0,6,RENT,VENTURE,1
32,65700.0,635,0.31,0.23,67.1,6800.0,1,4961.0,7,OWN,DEBTCONSOLIDATION,0
62,48900.0,587,0.259,0.564,68.8,8500.0,0,8488.0,5,RENT,VENTURE,1
29,59200.0,636,0.148,0.511,94.7,7900.0,0,2868.0,3,RENT,DEBTCONSOLIDATION,0
35,56100.0,639,0.168,0.106,77.8,22300.0,0,2270.0,6,MORTGAGE,MEDICAL,0
60,124500.0,677,0.193,0.659,99.3,6600.0,11,21063.0,4,MORTGAGE,VENTURE,0
45,31400.0,548,0.061,0.697,77.1,13200.0,0,7208.0,3,RENT,DEBTCONSOLIDATION,1
25,37900.0,561,0.064,0.306,76.5,20400.0,1,3680.0,6,MORTGAGE,MEDICAL,0
31,111500.0,697,0.29,0.441,72.9,31200.0,21,11392.0,1,MORTGAGE,DEBTCONSOLIDATION,0
54,41900.0,610,0.099,0.364,76.1,17500.0,13,4753.0,8,RENT,MEDICAL,0
44,102800.0,750,0.1,0.608,89.4,3500.0,0,8327.0,5,MORTGAGE,PERSONAL,0
35,166000.0,686,0.242,0.609,83.0,11400.0,4,5807.0,6,OWN,EDUCATION,0
58,47000.0,715,0.06,0.505,78.3,22000.0,5,4028.0,4,MORTGAGE,EDUCATION,0
28,90100.0,775,0.137,0.166,90.3,6700.0,0,1546.0,4,MORTGAGE,VENTURE,0
25,30000.0,646,0.304,0.641,88.6,33900.0,6,7565.0,5,MORTGAGE,MEDICAL,1
46,94200.0,626,0.228,0.646,78.6,33300.0,22,22715.0,9,MORTGAGE,DEBTCONSOLIDATION,0
38,67500.0,735,0.046,0.35,100.0,19000.0,2,2373.0,5,RENT,DEBTCONSOLIDATION,0
26,79500.0,708,0.173,0.627,63.5,26100.0,2,8494.0,6,MORTGAGE,MEDICAL,1
57,40600.0,655,0.036,0.523,86.9,31100.0,5,4847.0,4,MORTGAGE,EDUCATION,0
33,22100.0,774,0.051,0.255,80.5,14000.0,6,1068.0,8,MORTGAGE,DEBTCONSOLIDATION,0
48,81000.0,654,0.031,0.371,88.0,24700.0,7,8865.0,7,MORTGAGE,MEDICAL,0
25,18000.0,672,0.236,0.419,83.3,6000.0,0,1706.0,6,RENT,DEBTCONSOLIDATION,0
33,49500.0,671,0.096,0.391,85.2,22200.0,8,4797.0,7,MORTGAGE,PERSONAL,0
37,105300.0,599,0.107,0.735,60.5,17600.0,9,22226.0,5,RENT,DEBTCONSOLIDATION,1
60,67200.0,675,0.106,0.305,84.7,75000.0,0,1195.0,5,MORTGAGE,EDUCATION,0
65,192700.0,774,0.077,0.41,94.5,10200.0,0,4294.0,2,RENT,MEDICAL,0
52,110800.0,703,0.125,0.539,74.8,32600.0,4,6709.0,6,RENT,DEBTCONSOLIDATION,0
49,40400.0,672,0.138,0.583,94.0,26000.0,3,7099.0,4,RENT,MEDICAL,1
23,60900.0,657,0.451,0.107,77.8,12400.0,19,874.0,6,OWN,DEBTCONSOLIDATION,0
60,58200.0,694,0.377,0.586,74.9,3800.0,1,12689.0,5,RENT,PERSONAL,1
54,23200.0,726,0.291,0.713,75.2,10100.0,4,1282.0,9,RENT,MEDICAL,1
60,34100.0,715,0.194,0.208,69.7,12400.0,3,1794.0,6,RENT,MEDICAL,1
47,42800.0,645,0.137,0.162,82.9,26100.0,3,409.0,7,RENT,EDUCATION,1
33,18000.0,694,0.396,0.223,74.5,16200.0,5,1566.0,4,RENT,PERSONAL,1
65,61600.0,705,0.215,0.318,75.4,13700.0,3,2444.0,3,MORTGAGE,VENTURE,0
53,51600.0,594,0.197,0.351,73.8,23800.0,0,4631.0,8,MORTGAGE,DEBTCONSOLIDATION,0
26,21900.0,682,0.23,0.519,85.9,23000.0,9,4360.0,6,MORTGAGE,MEDICAL,1
44,76300.0,507,0.353,0.416,66.8,26300.0,1,1924.0,5,MORTGAGE,PERSONAL,0
39,92000.0,706,0.19,0.691,89.1,7400.0,1,14587.0,10,MORTGAGE,VENTURE,0
36,68600.0,719,0.059,0.663,88.0,26400.0,5,10659.0,5,RENT,DEBTCONSOLIDATION,1
60,49300.0,726,0.023,0.549,88.1,33200.0,3,4683.0,7,MORTGAGE,VENTURE,0
48,85400.0,640,0.083,0.337,70.2,75000.0,4,8032.0,8,RENT,EDUCATION,1
53,90100.0,693,0.216,0.174,84.9,18900.0,3,3761.0,8,MORTGAGE,DEBTCONSOLIDATION,0
61,72000.0,776,0.107,0.333,97.6,28700.0,2,3289.0,4,RENT,DEBTCONSOLIDATION,0
33,36500.0,776,0.258,0.19,67.5,18400.0,3,2059.0,8,RENT,VENTURE,1
63,70700.0,667,0.299,0.818,84.2,20800.0,0,12328.0,7,MORTGAGE,DEBTCONSOLIDATION,1
65,122700.0,680,0.232,0.752,68.6,28700.0,17,19802.0,4,RENT,VENTURE,1
45,41900.0,753,0.073,0.436,78.7,4300.0,4,7000.0,6,RENT,DEBTCONSOLIDATION,0
62,210800.0,557,0.095,0.243,81.6,16400.0,1,12154.0,9,RENT,VENTURE,0
56,43700.0,645,0.419,0.754,74.4,16800.0,6,10696.0,6,MORTGAGE,PERSONAL,1
47,61000.0,770,0.41,0.408,73.0,8700.0,10,8800.0,9,RENT,PERSONAL,1
58,40000.0,743,0.419,0.678,85.1,4600.0,1,6868.0,1,MORTGAGE,PERSONAL,1
27,68500.0,697,0.314,0.224,69.9,9700.0,1,4990.0,7,RENT,PERSONAL,1
25,21100.0,557,0.408,0.604,88.2,16700.0,2,2018.0,5,MORTGAGE,MEDICAL,1
63,43100.0,666,0.06,0.567,100.0,11500.0,1,2778.0,12,MORTGAGE,VENTURE,0
65,31100.0,625,0.11,0.307,66.7,16300.0,8,2802.0,6,MORTGAGE,PERSONAL,0
51,64900.0,694,0.262,0.553,65.9,7000.0,4,13429.0,7,MORTGAGE,PERSONAL,0
43,108700.0,609,0.074,0.658,63.8,14900.0,0,4640.0,10,RENT,VENTURE,1
62,88200.0,593,0.188,0.339,76.3,17000.0,28,9480.0,8,RENT,PERSONAL,0
30,18000.0,515,0.105,0.37,92.3,5500.0,4,399.0,6,OWN,VENTURE,0
52,203900.0,761,0.389,0.636,93.4,5100.0,11,27299.0,8,RENT,PERSONAL,1
63,71500.0,640,0.186,0.219,87.1,23400.0,3,4494.0,4,RENT,DEBTCONSOLIDATION,0
50,37600.0,681,0.118,0.535,84.4,14700.0,4,3859.0,4,RENT,PERSONAL,0
59,65800.0,669,0.411,0.155,97.3,6500.0,3,1584.0,9,RENT,PERSONAL,0
51,66600.0,589,0.099,0.276,76.1,10000.0,2,2121.0,10,OWN,MEDICAL,1
38,40100.0,575,0.197,0.517,88.7,18600.0,1,8132.0,7,MORTGAGE,VENTURE,0
56,67400.0,594,0.334,0.356,100.0,7000.0,16,5989.0,9,RENT,DEBTCONSOLIDATION,0
22,41600.0,615,0.076,0.558,96.8,39400.0,1,2199.0,7,MORTGAGE,DEBTCONSOLIDATION,0
34,47000.0,697,0.165,0.335,68.5,19800.0,3,1053.0,5,MORTGAGE,EDUCATION,0
33,39700.0,610,0.068,0.569,75.1,23900.0,0,3054.0,5,RENT,PERSONAL,1
49,25300.0,800,0.236,0.183,100.0,15100.0,25,1104.0,9,RENT,EDUCATION,0
32,65300.0,747,0.322,0.27,75.1,20500.0,4,5522.0,11,MORTGAGE,PERSONAL,0
59,85100.0,730,0.145,0.776,100.0,58700.0,8,25975.0,10,MORTGAGE,VENTURE,0
22,81500.0,661,0.191,0.362,76.8,9800.0,4,10087.0,7,RENT,VENTURE,0
52,97900.0,783,0.312,0.395,79.6,10200.0,8,10216.0,8,MORTGAGE,MEDICAL,0
33,72700.0,653,0.118,0.593,71.0,58300.0,3,12212.0,8,OWN,PERSONAL,0
66,43500.0,667,0.099,0.286,73.0,33200.0,2,2895.0,4,MORTGAGE,DEBTCONSOLIDATION,0
47,99100.0,682,0.22,0.616,79.7,11800.0,3,12337.0,6,MORTGAGE,EDUCATION,0
61,26500.0,722,0.204,0.357,84.2,7700.0,0,3071.0,4,RENT,DEBTCONSOLIDATION,0
37,34900.0,717,0.126,0.328,77.2,10000.0,2,1283.0,5,OWN,VENTURE,0
60,33600.0,634,0.311,0.376,90.4,55500.0,15,2108.0,4,OWN,EDUCATION,1
51,114500.0,630,0.201,0.754,77.2,14200.0,5,33889.0,10,MORTGAGE,PERSONAL,0
54,105400.0,717,0.274,0.092,57.2,27900.0,12,2425.0,8,MORTGAGE,MEDICAL,0
44,80200.0,723,0.299,0.285,79.5,15800.0,1,5131.0,3,MORTGAGE,EDUCATION,0
65,113900.0,640,0.142,0.648,76.3,16700.0,3,25668.0,10,OWN,DEBTCONSOLIDATION,0
55,35300.0,550,0.19,0.585,99.8,20300.0,0,6540.0,8,MORTGAGE,DEBTCONSOLIDATION,0
26,73800.0,654,0.186,0.318,92.8,12300.0,5,3852.0,6,MORTGAGE,VENTURE,0
39,55500.0,716,0.135,0.881,93.9,11200.0,7,13157.0,5,RENT,PERSONAL,0
50,99500.0,805,0.156,0.642,90.4,40400.0,6,7339.0,10,MORTGAGE,DEBTCONSOLIDATION,0
27,55900.0,580,0.316,0.752,87.3,11500.0,0,2881.0,8,RENT,VENTURE,1
30,47500.0,638,0.189,0.444,87.2,19300.0,1,8361.0,5,MORTGAGE,MEDICAL,0
61,82800.0,640,0.111,0.472,93.1,28400.0,5,12038.0,2,RENT,EDUCATION,1
52,101300.0,771,0.062,0.06,89.0,19900.0,7,2284.0,10,MORTGAGE,MEDICAL,0
54,40100.0,667,0.068,0.204,75.7,22800.0,1,2791.0,7,RENT,EDUCATION,1
48,57700.0,601,0.064,0.367,65.0,4300.0,2,4231.0,3,RENT,MEDICAL,0
35,31700.0,711,0.401,0.476,59.4,15700.0,2,5304.0,9,MORTGAGE,VENTURE,1
50,18000.0,639,0.275,0.197,71.8,32900.0,0,1154.0,8,MORTGAGE,VENTURE,1
57,67500.0,578,0.19,0.163,73.2,64800.0,4,1545.0,9,MORTGAGE,EDUCATION,0
49,86300.0,603,0.389,0.237,80.9,30200.0,5,5483.0,8,RENT,PERSONAL,1
42,70100.0,800,0.236,0.365,80.5,16000.0,1,4011.0,4,MORTGAGE,EDUCATION,0
24,18600.0,698,0.051,0.602,100.0,20200.0,5,1477.0,4,MORTGAGE,DEBTCONSOLIDATION,0
40,48500.0,678,0.077,0.624,88.7,22200.0,1,2379.0,6,MORTGAGE,MEDICAL,0
52,18000.0,651,0.159,0.069,73.1,3200.0,6,298.0,11,OWN,PERSONAL,0
56,136200.0,691,0.141,0.168,98.5,6000.0,3,4287.0,4,MORTGAGE,EDUCATION,0
24,31200.0,691,0.208,0.814,79.2,14800.0,10,2052.0,7,MORTGAGE,MEDICAL,1
47,127200.0,691,0.295,0.461,88.8,12700.0,3,17675.0,6,RENT,EDUCATION,1
37,105600.0,678,0.124,0.698,87.6,10300.0,1,22339.0,4,RENT,PERSONAL,0
32,34900.0,735,0.505,0.557,82.5,17500.0,8,2573.0,4,MORTGAGE,MEDICAL,1
42,30300.0,671,0.237,0.503,99.0,19000.0,7,5861.0,3,MORTGAGE,MEDICAL,0
37,73900.0,596,0.249,0.271,75.0,4600.0,0,6454.0,10,RENT,MEDICAL,1
30,36100.0,624,0.179,0.321,83.5,5100.0,0,3846.0,1,RENT,PERSONAL,0
21,63700.0,521,0.306,0.403,71.2,10000.0,0,1317.0,7,RENT,VENTURE,1
42,44800.0,822,0.189,0.342,86.2,19800.0,9,6013.0,6,MORTGAGE,VENTURE,0
46,20600.0,734,0.11,0.351,86.9,11600.0,1,2868.0,10,MORTGAGE,EDUCATION,0
38,18000.0,607,0.22,0.076,83.0,9100.0,3,311.0,4,RENT,PERSONAL,1
34,68600.0,648,0.241,0.3,82.8,36300.0,4,8124.0,4,RENT,MEDICAL,1
67,42700.0,622,0.146,0.228,79.9,21300.0,6,2573.0,6,MORTGAGE,DEBTCONSOLIDATION,0
49,43000.0,785,0.114,0.139,86.5,11800.0,8,579.0,5,RENT,MEDICAL,0
32,90900.0,563,0.172,0.315,89.4,47300.0,3,9592.0,6,RENT,VENTURE,1
56,121100.0,678,0.202,0.313,67.5,14300.0,2,9299.0,9,MORTGAGE,MEDICAL,1
55,50800.0,661,0.242,0.187,78.7,26100.0,1,1613.0,3,OWN,PERSONAL,0
32,48800.0,732,0.273,0.127,77.7,6800.0,4,822.0,17,RENT,EDUCATION,0
27,80800.0,662,0.212,0.601,89.9,5000.0,3,11247.0,9,MORTGAGE,DEBTCONSOLIDATION,0
49,26500.0,538,0.138,0.494,96.5,7600.0,1,3824.0,7,OWN,MEDICAL,0
31,68500.0,651,0.234,0.51,87.1,19400.0,2,12470.0,5,MORTGAGE,PERSONAL,0
53,83400.0,597,0.136,0.236,83.7,12200.0,6,5108.0,3,RENT,PERSONAL,0
26,90100.0,675,0.075,0.556,72.8,11900.0,4,9786.0,7,MORTGAGE,PERSONAL,0
67,18700.0,777,0.121,0.664,100.0,15800.0,3,3368.0,9,RENT,MEDICAL,1
35,37900.0,539,0.166,0.522,70.9,14900.0,1,4430.0,5,MORTGAGE,PERSONAL,0
52,35300.0,609,0.21,0.451,66.9,31600.0,5,4429.0,10,MORTGAGE,DEBTCONSOLIDATION,1
31,63600.0,628,0.153,0.586,90.6,9100.0,4,9807.0,10,MORTGAGE,EDUCATION,0
43,79900.0,641,0.22,0.483,75.9,4900.0,3,15149.0,7,MORTGAGE,EDUCATION,0
46,147000.0,725,0.185,0.367,91.2,42000.0,1,14447.0,10,OWN,EDUCATION,0
54,44500.0,656,0.164,0.226,99.2,9600.0,0,2935.0,4,RENT,MEDICAL,0
66,44400.0,701,0.059,0.303,78.8,31000.0,2,4875.0,6,RENT,DEBTCONSOLIDATION,1
54,119300.0,623,0.044,0.06,87.5,17700.0,11,2645.0,8,MORTGAGE,DEBTCONSOLIDATION,0
49,71500.0,687,0.072,0.886,76.6,37400.0,7,6291.0,1,MORTGAGE,PERSONAL,0
24,128100.0,728,0.138,0.238,82.9,8600.0,11,6367.0,2,RENT,DEBTCONSOLIDATION,0
37,71200.0,615,0.098,0.878,80.5,24600.0,9,23753.0,2,RENT,MEDICAL,1
55,29900.0,728,0.172,0.297,93.5,11000.0,3,3427.0,5,RENT,VENTURE,0
33,26900.0,673,0.082,0.348,75.5,8400.0,3,1091.0,3,RENT,MEDICAL,1
61,23600.0,748,0.144,0.209,73.9,43300.0,0,1013.0,6,RENT,VENTURE,1
59,89100.0,654,0.058,0.682,79.6,7900.0,6,8965.0,5,RENT,EDUCATION,1
35,122200.0,698,0.09,0.651,90.0,7700.0,2,25994.0,9,MORTGAGE,EDUCATION,0
49,181600.0,666,0.252,0.322,72.4,6100.0,0,20364.0,10,RENT,MEDICAL,0
49,99300.0,662,0.275,0.389,67.8,9800.0,0,8275.0,4,RENT,MEDICAL,1
31,120300.0,689,0.11,0.607,96.1,14900.0,5,20919.0,5,MORTGAGE,EDUCATION,0
52,42300.0,710,0.122,0.32,55.3,11900.0,3,4798.0,13,MORTGAGE,VENTURE,0
22,29900.0,576,0.157,0.528,66.4,17500.0,0,4710.0,12,MORTGAGE,VENTURE,1
67,99700.0,777,0.375,0.443,100.0,4400.0,8,4626.0,2,MORTGAGE,EDUCATION,0
34,76900.0,530,0.175,0.116,61.0,13000.0,4,2669.0,10,RENT,PERSONAL,0
40,63900.0,618,0.091,0.387,76.7,4900.0,0,2612.0,6,RENT,PERSONAL,0
42,75500.0,662,0.34,0.3,74.2,9800.0,1,6315.0,7,RENT,DEBTCONSOLIDATION,1
31,72700.0,700,0.056,0.275,54.5,11300.0,6,3333.0,2,RENT,EDUCATION,1
47,129400.0,788,0.165,0.374,70.0,13100.0,0,3376.0,10,MORTGAGE,MEDICAL,1
23,130200.0,530,0.357,0.249,85.2,17200.0,6,4191.0,6,RENT,VENTURE,0
37,83000.0,631,0.077,0.5,91.1,5500.0,3,8878.0,6,MORTGAGE,PERSONAL,0
64,99500.0,510,0.172,0.597,95.2,9800.0,7,23636.0,5,MORTGAGE,VENTURE,0
48,81500.0,672,0.165,0.576,77.5,66100.0,9,6549.0,6,RENT,PERSONAL,1
49,45400.0,690,0.476,0.719,59.8,12600.0,7,12815.0,4,MORTGAGE,PERSONAL,1
41,94300.0,789,0.266,0.342,82.6,11700.0,0,5724.0,7,MORTGAGE,EDUCATION,0
67,25900.0,679,0.31,0.609,98.5,3500.0,3,6088.0,8,RENT,EDUCATION,0
36,112700.0,748,0.22,0.414,100.0,15000.0,1,17946.0,3,OWN,PERSONAL,0
57,29200.0,713,0.273,0.471,93.8,4400.0,3,1376.0,8,RENT,MEDICAL,1
40,71100.0,637,0.16,0.375,65.6,2400.0,16,9067.0,2,RENT,MEDICAL,0
26,36100.0,564,0.213,0.64,79.7,18200.0,0,5338.0,6,RENT,DEBTCONSOLIDATION,1
39,83500.0,690,0.062,0.306,84.8,18100.0,10,7414.0,3,MORTGAGE,VENTURE,0
25,58700.0,558,0.035,0.155,86.7,4300.0,23,2926.0,5,RENT,MEDICAL,0
23,23000.0,767,0.515,0.376,60.7,5000.0,23,809.0,3,MORTGAGE,MEDICAL,1
21,77100.0,657,0.44,0.31,100.0,7700.0,7,7879.0,4,MORTGAGE,MEDICAL,0
58,42300.0,759,0.342,0.367,97.8,52000.0,3,2421.0,8,RENT,EDUCATION,1
35,101600.0,633,0.24,0.485,82.0,16200.0,0,15095.0,3,MORTGAGE,VENTURE,0
54,59900.0,690,0.498,0.818,83.5,20000.0,4,12288.0,6,RENT,VENTURE,1
55,75900.0,685,0.181,0.516,76.0,31600.0,4,11343.0,7,RENT,MEDICAL,1
45,33700.0,666,0.431,0.338,96.8,38800.0,1,3053.0,4,RENT,PERSONAL,1
44,42000.0,637,0.318,0.742,68.1,14800.0,4,10398.0,3,MORTGAGE,DEBTCONSOLIDATION,1
32,45500.0,699,0.3,0.303,83.4,18400.0,0,5006.0,5,RENT,PERSONAL,1
38,100100.0,600,0.22,0.771,72.0,13500.0,5,15990.0,2,OWN,PERSONAL,1
35,163800.0,579,0.339,0.377,81.8,3400.0,11,11564.0,2,RENT,PERSONAL,0
64,36900.0,763,0.068,0.49,96.0,16400.0,3,2437.0,4,OWN,DEBTCONSOLIDATION,0
36,114200.0,724,0.325,0.505,74.3,9100.0,7,19311.0,2,RENT,PERSONAL,1
47,18000.0,674,0.326,0.291,84.2,2000.0,5,2035.0,9,MORTGAGE,DEBTCONSOLIDATION,0
28,29200.0,794,0.408,0.81,80.5,7700.0,0,2800.0,5,MORTGAGE,PERSONAL,1
66,33700.0,649,0.307,0.336,73.2,9500.0,0,2381.0,9,RENT,VENTURE,1
45,26600.0,769,0.24,0.326,74.6,25400.0,7,2772.0,7,RENT,PERSONAL,1
37,23200.0,683,0.292,0.293,74.7,12000.0,0,1853.0,3,RENT,MEDICAL,1
49,76700.0,593,0.192,0.204,60.3,7900.0,15,5246.0,6,RENT,EDUCATION,0
28,52700.0,808,0.137,0.467,80.1,5300.0,11,1370.0,7,MORTGAGE,PERSONAL,0
35,75200.0,744,0.187,0.405,82.9,11400.0,2,11237.0,2,MORTGAGE,EDUCATION,0
47,90600.0,660,0.108,0.287,63.8,14800.0,1,1858.0,4,MORTGAGE,PERSONAL,0
66,70200.0,724,0.222,0.266,76.6,19700.0,4,3845.0,2,RENT,PERSONAL,0
27,88800.0,639,0.292,0.695,79.3,23600.0,4,9042.0,6,RENT,VENTURE,1
23,57400.0,732,0.062,0.408,91.7,4900.0,0,8779.0,9,MORTGAGE,DEBTCONSOLIDATION,0
49,29400.0,490,0.23,0.411,100.0,15900.0,1,1768.0,8,MORTGAGE,EDUCATION,0
64,112900.0,593,0.123,0.358,86.7,11800.0,5,7302.0,6,MORTGAGE,EDUCATION,0
44,42000.0,743,0.302,0.409,65.5,11100.0,8,6200.0,6,RENT,MEDICAL,1
23,34200.0,651,0.227,0.51,70.9,15300.0,1,4153.0,4,OWN,MEDICAL,1
40,53800.0,685,0.236,0.182,82.9,44100.0,6,3568.0,3,RENT,PERSONAL,0
66,34600.0,568,0.042,0.397,76.6,10800.0,10,3865.0,3,RENT,DEBTCONSOLIDATION,0
35,46600.0,808,0.147,0.578,81.5,14300.0,0,2093.0,12,RENT,VENTURE,0
45,73600.0,759,0.208,0.291,91.9,6600.0,2,4330.0,8,RENT,VENTURE,0
50,73800.0,654,0.279,0.366,79.9,6100.0,9,3018.0,6,RENT,EDUCATION,0
34,34900.0,639,0.191,0.768,100.0,5900.0,2,1951.0,6,MORTGAGE,VENTURE,0
27,44700.0,747,0.231,0.342,63.1,4400.0,1,2765.0,5,RENT,VENTURE,1
37,114100.0,818,0.034,0.29,88.5,8300.0,6,12175.0,7,RENT,DEBTCONSOLIDATION,0
64,80600.0,741,0.185,0.177,62.0,45800.0,2,1301.0,4,MORTGAGE,PERSONAL,0
40,207900.0,832,0.419,0.453,71.8,7600.0,6,4932.0,10,RENT,PERSONAL,1
56,121500.0,600,0.253,0.497,92.1,10500.0,0,22782.0,7,MORTGAGE,MEDICAL,0
29,119000.0,608,0.133,0.667,57.3,4900.0,4,18695.0,4,MORTGAGE,EDUCATION,1
58,26000.0,580,0.231,0.484,85.6,11400.0,2,3089.0,7,MORTGAGE,DEBTCONSOLIDATION,0
42,94700.0,703,0.163,0.438,67.1,6200.0,29,15553.0,3,RENT,PERSONAL,0
22,58000.0,683,0.261,0.178,81.2,10500.0,4,3046.0,11,RENT,EDUCATION,1
44,43000.0,658,0.3,0.587,74.4,10400.0,5,8566.0,4,RENT,EDUCATION,1
28,66200.0,730,0.26,0.452,82.2,12300.0,0,9565.0,11,RENT,DEBTCONSOLIDATION,0
31,105600.0,762,0.247,0.3,86.8,29000.0,24,8368.0,9,MORTGAGE,PERSONAL,0
33,80900.0,555,0.15,0.347,94.7,46500.0,0,8167.0,8,MORTGAGE,VENTURE,0
37,35300.0,625,0.118,0.308,83.7,46200.0,0,2677.0,7,RENT,DEBTCONSOLIDATION,1
28,93500.0,731,0.25,0.76,89.4,14400.0,0,12392.0,5,MORTGAGE,VENTURE,0
41,40800.0,634,0.087,0.364,81.2,15100.0,10,2226.0,8,MORTGAGE,MEDICAL,0
38,68200.0,610,0.178,0.581,65.9,14300.0,6,4421.0,6,MORTGAGE,MEDICAL,1
50,49900.0,746,0.317,0.269,68.3,22900.0,18,2334.0,6,MORTGAGE,PERSONAL,0
38,52500.0,573,0.469,0.396,99.9,8200.0,0,5237.0,5,RENT,EDUCATION,1
66,94800.0,647,0.343,0.461,67.4,6600.0,5,11172.0,4,OWN,MEDICAL,1
67,32100.0,694,0.34,0.318,84.3,3300.0,3,2952.0,7,MORTGAGE,MEDICAL,0
51,192400.0,626,0.043,0.23,84.1,24900.0,5,15833.0,4,MORTGAGE,PERSONAL,0
58,20100.0,728,0.246,0.555,83.4,15600.0,3,3103.0,6,OWN,PERSONAL,0
52,41800.0,627,0.274,0.434,94.3,7500.0,5,1992.0,6,RENT,EDUCATION,0
31,74800.0,775,0.131,0.148,74.3,41100.0,11,653.0,9,RENT,MEDICAL,0
65,85000.0,660,0.186,0.244,79.5,8400.0,4,2466.0,5,RENT,PERSONAL,0
45,56400.0,720,0.254,0.364,77.9,38400.0,11,7552.0,6,RENT,EDUCATION,0
53,57800.0,725,0.113,0.2,54.8,7300.0,7,2875.0,11,RENT,EDUCATION,0
58,76600.0,622,0.357,0.106,72.9,15200.0,10,2818.0,7,MORTGAGE,VENTURE,0
61,52100.0,515,0.298,0.33,94.8,18200.0,5,2270.0,8,RENT,EDUCATION,0
28,138100.0,697,0.187,0.182,100.0,9200.0,3,7502.0,2,MORTGAGE,VENTURE,0
31,99100.0,675,0.358,0.609,93.4,5400.0,0,18473.0,6,MORTGAGE,PERSONAL,0
42,101100.0,711,0.061,0.641,86.7,13700.0,9,21602.0,4,MORTGAGE,EDUCATION,0
44,33500.0,653,0.125,0.451,65.5,7800.0,1,3587.0,3,OWN,EDUCATION,0
61,57100.0,637,0.251,0.188,84.2,4400.0,0,3518.0,1,MORTGAGE,EDUCATION,0
37,50000.0,820,0.367,0.216,83.2,3800.0,3,4076.0,3,RENT,PERSONAL,1
32,32700.0,559,0.226,0.149,100.0,15200.0,5,1876.0,5,MORTGAGE,DEBTCONSOLIDATION,0
66,74300.0,725,0.274,0.374,61.0,2700.0,5,2609.0,3,MORTGAGE,VENTURE,0
52,43400.0,626,0.063,0.276,67.0,10900.0,5,3216.0,6,MORTGAGE,PERSONAL,0
35,88700.0,644,0.274,0.381,96.5,22700.0,5,3032.0,2,RENT,PERSONAL,0
36,31500.0,646,0.353,0.439,100.0,4600.0,8,5157.0,3,RENT,VENTURE,1
42,168000.0,609,0.397,0.75,86.0,5200.0,7,48433.0,6,RENT,EDUCATION,1
48,35000.0,712,0.116,0.083,77.6,16600.0,8,653.0,8,RENT,MEDICAL,0
40,68300.0,774,0.14,0.331,88.9,2100.0,3,8726.0,7,MORTGAGE,VENTURE,0
53,96300.0,705,0.189,0.071,100.0,12700.0,0,2176.0,12,MORTGAGE,PERSONAL,0
30,42500.0,677,0.372,0.101,74.2,9500.0,5,1260.0,4,RENT,MEDICAL,1
60,99900.0,596,0.026,0.293,87.6,36600.0,1,7413.0,4,RENT,MEDICAL,1
52,28600.0,708,0.065,0.297,79.6,40800.0,9,1634.0,10,RENT,PERSONAL,1
53,143100.0,831,0.114,0.533,86.4,16800.0,6,29542.0,5,OWN,EDUCATION,0
22,60400.0,641,0.197,0.308,91.3,8100.0,7,2213.0,11,RENT,PERSONAL,0
53,41900.0,641,0.182,0.647,75.0,14100.0,1,8970.0,6,MORTGAGE,DEBTCONSOLIDATION,0
53,50000.0,627,0.134,0.483,93.8,24600.0,5,4313.0,8,MORTGAGE,PERSONAL,0
61,97300.0,633,0.072,0.81,76.1,21700.0,3,24719.0,2,RENT,VENTURE,1
33,42200.0,464,0.256,0.443,88.9,2600.0,1,2006.0,3,MORTGAGE,EDUCATION,0
50,38200.0,700,0.187,0.365,58.7,4800.0,8,2519.0,4,RENT,MEDICAL,1
53,52400.0,606,0.19,0.411,91.2,22600.0,3,8209.0,6,MORTGAGE,MEDICAL,0
33,29500.0,549,0.376,0.008,71.4,5400.0,1,58.0,3,RENT,DEBTCONSOLIDATION,0
46,178500.0,726,0.18,0.739,76.0,16800.0,1,29276.0,5,MORTGAGE,MEDICAL,1
42,42600.0,588,0.196,0.168,54.9,23600.0,1,2242.0,7,RENT,DEBTCONSOLIDATION,1
59,98600.0,644,0.228,0.278,79.3,20200.0,1,5372.0,6,MORTGAGE,DEBTCONSOLIDATION,0
22,67900.0,779,0.243,0.541,97.9,18600.0,1,8175.0,5,MORTGAGE,MEDICAL,0
58,33200.0,564,0.123,0.47,63.2,9400.0,2,3842.0,6,OWN,MEDICAL,1
59,59700.0,555,0.457,0.395,84.3,5100.0,5,9350.0,4,MORTGAGE,DEBTCONSOLIDATION,0
46,95800.0,690,0.075,0.191,57.5,46800.0,16,6073.0,7,MORTGAGE,PERSONAL,0
66,53500.0,756,0.322,0.358,80.2,3400.0,1,1224.0,5,MORTGAGE,MEDICAL,1
35,122500.0,551,0.286,0.384,92.3,14400.0,1,15253.0,6,MORTGAGE,MEDICAL,0
54,110500.0,700,0.169,0.356,80.7,9000.0,0,8892.0,6,MORTGAGE,EDUCATION,0
62,103900.0,713,0.185,0.648,91.4,33700.0,1,8802.0,6,MORTGAGE,VENTURE,0
64,45400.0,515,0.056,0.462,76.0,13600.0,2,7314.0,6,RENT,EDUCATION,1
60,31300.0,729,0.328,0.769,100.0,7200.0,3,3483.0,8,MORTGAGE,VENTURE,0
31,41400.0,735,0.209,0.236,95.2,9600.0,1,1584.0,6,OWN,DEBTCONSOLIDATION,0
23,67400.0,646,0.269,0.76,84.5,24800.0,0,3691.0,4,MORTGAGE,MEDICAL,1
26,83100.0,763,0.397,0.225,100.0,28100.0,4,7332.0,4,RENT,DEBTCONSOLIDATION,0
29,18000.0,755,0.071,0.655,98.7,20900.0,2,3872.0,4,OWN,EDUCATION,0
26,59600.0,677,0.154,0.258,75.6,14300.0,2,1566.0,5,RENT,PERSONAL,0
29,65800.0,636,0.299,0.466,88.0,6700.0,11,6787.0,8,RENT,MEDICAL,1
59,50700.0,597,0.152,0.474,78.4,8000.0,4,4034.0,6,RENT,EDUCATION,1
51,129900.0,667,0.193,0.412,93.0,18400.0,2,3283.0,9,RENT,EDUCATION,0
52,77100.0,712,0.257,0.462,100.0,27100.0,1,13341.0,7,RENT,PERSONAL,0
61,131400.0,645,0.104,0.37,64.2,4700.0,2,16715.0,5,RENT,DEBTCONSOLIDATION,0
32,52600.0,505,0.32,0.153,83.4,4000.0,9,3182.0,9,RENT,PERSONAL,0
28,105100.0,765,0.248,0.383,99.5,11500.0,16,5429.0,5,RENT,EDUCATION,0
28,159700.0,684,0.304,0.368,91.1,15600.0,2,17325.0,6,RENT,MEDICAL,1
48,131500.0,641,0.188,0.41,87.1,14900.0,1,4926.0,5,MORTGAGE,VENTURE,0
40,31100.0,734,0.163,0.405,94.9,19300.0,12,2532.0,13,RENT,MEDICAL,1
67,51400.0,784,0.34,0.339,65.9,9100.0,0,6035.0,5,RENT,PERSONAL,0
27,48700.0,459,0.04,0.588,88.8,31500.0,1,1513.0,2,MORTGAGE,PERSONAL,0
31,80300.0,702,0.155,0.268,96.8,38400.0,1,4697.0,6,RENT,MEDICAL,1
40,90400.0,563,0.095,0.131,88.8,19300.0,4,2394.0,5,RENT,PERSONAL,0
36,36200.0,707,0.216,0.239,67.4,9300.0,2,2525.0,5,RENT,MEDICAL,1
24,62400.0,679,0.143,0.349,77.5,2000.0,1,2902.0,7,MORTGAGE,PERSONAL,0
26,18000.0,717,0.255,0.326,82.1,8300.0,7,649.0,10,RENT,PERSONAL,0
42,142200.0,632,0.135,0.034,72.2,14600.0,5,1343.0,7,MORTGAGE,PERSONAL,0
46,44000.0,529,0.211,0.325,71.2,20800.0,27,3924.0,4,MORTGAGE,VENTURE,0
23,61900.0,636,0.099,0.276,87.9,10400.0,1,5350.0,5,MORTGAGE,MEDICAL,0
61,49700.0,700,0.21,0.448,100.0,12300.0,9,3037.0,6,RENT,PERSONAL,0
62,119100.0,746,0.044,0.315,59.4,43400.0,1,2090.0,5,MORTGAGE,PERSONAL,0
34,18000.0,582,0.337,0.699,76.2,6200.0,0,4495.0,2,MORTGAGE,EDUCATION,0
31,59300.0,747,0.257,0.758,73.3,4100.0,0,5494.0,1,RENT,MEDICAL,1
38,56200.0,621,0.366,0.431,100.0,2500.0,3,4755.0,4,RENT,MEDICAL,1
32,45600.0,697,0.18,0.534,90.7,25900.0,8,5210.0,11,OWN,PERSONAL,0
43,168700.0,631,0.405,0.141,98.7,5200.0,0,2749.0,7,OWN,EDUCATION,0
32,35200.0,683,0.355,0.184,92.6,10400.0,8,1504.0,10,RENT,EDUCATION,1
33,95100.0,736,0.257,0.479,96.2,23600.0,6,16855.0,6,RENT,EDUCATION,0
45,74100.0,577,0.278,0.377,85.4,39200.0,0,4050.0,2,RENT,DEBTCONSOLIDATION,0
65,127600.0,619,0.044,0.373,87.7,13800.0,0,11048.0,7,MORTGAGE,EDUCATION,0
39,40100.0,683,0.194,0.336,88.3,6600.0,0,2129.0,7,RENT,MEDICAL,1
66,38600.0,850,0.233,0.377,82.4,16900.0,5,5723.0,4,RENT,DEBTCONSOLIDATION,1
56,115600.0,605,0.052,0.475,82.1,6300.0,4,6985.0,9,MORTGAGE,PERSONAL,0
65,77300.0,823,0.196,0.651,87.7,12600.0,2,4442.0,8,OWN,VENTURE,0
28,23700.0,820,0.224,0.378,87.4,5000.0,0,895.0,10,RENT,VENTURE,1
49,43300.0,662,0.098,0.304,84.5,7400.0,2,2349.0,6,MORTGAGE,DEBTCONSOLIDATION,0
52,75500.0,647,0.227,0.343,84.2,64200.0,5,6306.0,5,RENT,MEDICAL,1
64,99000.0,618,0.184,0.596,90.5,28200.0,0,16746.0,8,RENT,DEBTCONSOLIDATION,1
38,39800.0,664,0.236,0.67,80.5,8300.0,9,6582.0,11,RENT,MEDICAL,0
26,18000.0,564,0.213,0.567,67.4,9800.0,0,3745.0,1,MORTGAGE,PERSONAL,1
38,82000.0,664,0.126,0.363,84.5,22000.0,4,5242.0,6,RENT,VENTURE,0
39,28800.0,782,0.173,0.318,71.2,10000.0,1,2741.0,2,RENT,PERSONAL,0
42,18000.0,624,0.247,0.465,94.5,31200.0,0,1204.0,3,OWN,DEBTCONSOLIDATION,1
57,18000.0,651,0.106,0.258,75.0,4400.0,2,1340.0,2,RENT,PERSONAL,0
52,97600.0,542,0.273,0.6,76.0,12700.0,5,21903.0,5,MORTGAGE,VENTURE,0
61,64700.0,698,0.115,0.174,87.0,7600.0,0,4418.0,2,MORTGAGE,PERSONAL,0
23,52300.0,689,0.262,0.489,81.9,16000.0,3,7810.0,6,RENT,MEDICAL,1
48,137800.0,674,0.32,0.237,96.2,14500.0,2,12406.0,8,RENT,PERSONAL,0
30,87800.0,653,0.093,0.534,79.5,13600.0,2,13510.0,4,RENT,MEDICAL,1
55,157900.0,648,0.204,0.427,78.5,18000.0,14,26101.0,6,RENT,MEDICAL,0
49,26000.0,707,0.267,0.353,72.8,16200.0,2,3344.0,4,MORTGAGE,PERSONAL,1
35,58600.0,667,0.266,0.07,67.8,6000.0,23,358.0,6,RENT,PERSONAL,0
53,22700.0,693,0.195,0.7,75.7,12300.0,3,3431.0,6,OWN,VENTURE,1
27,52200.0,686,0.055,0.596,86.9,12400.0,9,5339.0,5,OWN,VENTURE,0
32,51600.0,754,0.291,0.367,97.4,12900.0,2,1126.0,5,OWN,EDUCATION,0
50,87200.0,720,0.235,0.452,92.2,62200.0,0,8412.0,5,MORTGAGE,PERSONAL,0
41,61500.0,684,0.224,0.448,75.2,13600.0,0,2808.0,2,MORTGAGE,VENTURE,0
51,87000.0,783,0.232,0.449,83.9,42000.0,4,2452.0,5,RENT,MEDICAL,1
44,91300.0,701,0.349,0.498,82.3,3400.0,13,9355.0,4,MORTGAGE,EDUCATION,0
40,218200.0,767,0.219,0.595,95.9,8900.0,0,17051.0,7,RENT,DEBTCONSOLIDATION,0
57,49600.0,715,0.233,0.475,97.8,11200.0,5,8890.0,9,RENT,EDUCATION,0
24,34000.0,531,0.122,0.567,58.6,39300.0,4,6447.0,9,MORTGAGE,VENTURE,1
48,69400.0,767,0.275,0.344,98.7,2900.0,5,9183.0,5,MORTGAGE,DEBTCONSOLIDATION,0
64,37000.0,680,0.063,0.327,63.2,26300.0,1,4338.0,5,RENT,DEBTCONSOLIDATION,1
40,145700.0,666,0.268,0.191,85.3,19400.0,0,8482.0,4,MORTGAGE,DEBTCONSOLIDATION,0
44,50500.0,691,0.139,0.268,56.9,19500.0,0,3508.0,4,RENT,MEDICAL,1
52,42600.0,644,0.258,0.297,94.2,11600.0,1,922.0,6,OWN,PERSONAL,0
61,45100.0,687,0.065,0.241,77.9,14900.0,1,1555.0,6,MORTGAGE,DEBTCONSOLIDATION,0
56,92100.0,625,0.014,0.107,90.1,12900.0,0,2944.0,5,MORTGAGE,DEBTCONSOLIDATION,0
54,54500.0,765,0.289,0.204,78.5,8300.0,1,2117.0,5,RENT,PERSONAL,0
56,40700.0,661,0.146,0.623,93.7,25100.0,3,4155.0,6,RENT,DEBTCONSOLIDATION,1
22,162600.0,641,0.327,0.392,62.0,14100.0,14,5506.0,8,OWN,DEBTCONSOLIDATION,0
35,35800.0,600,0.255,0.155,89.3,7700.0,12,414.0,8,MORTGAGE,MEDICAL,0
54,61200.0,690,0.287,0.496,87.0,17800.0,1,3749.0,5,RENT,VENTURE,0
56,88600.0,684,0.227,0.603,86.5,11500.0,0,18277.0,7,MORTGAGE,DEBTCONSOLIDATION,0
26,22500.0,699,0.261,0.645,88.2,9800.0,27,4093.0,6,OWN,EDUCATION,0
59,79900.0,592,0.173,0.498,95.6,4100.0,3,6738.0,3,OWN,MEDICAL,0
62,31800.0,549,0.105,0.292,93.8,9300.0,19,663.0,9,OWN,PERSONAL,0
32,98100.0,716,0.073,0.433,65.1,8900.0,3,4924.0,8,RENT,EDUCATION,0
23,33600.0,781,0.106,0.306,83.4,16500.0,10,2133.0,5,MORTGAGE,DEBTCONSOLIDATION,0
65,90700.0,593,0.258,0.205,86.3,10200.0,2,1927.0,14,OWN,PERSONAL,0
38,116300.0,789,0.387,0.734,81.2,75000.0,4,27053.0,7,RENT,DEBTCONSOLIDATION,1
60,100400.0,691,0.106,0.792,83.9,4600.0,3,25924.0,5,MORTGAGE,MEDICAL,1
41,69600.0,669,0.243,0.734,87.7,5600.0,1,5002.0,4,MORTGAGE,VENTURE,0
35,52100.0,640,0.149,0.302,91.1,9200.0,7,4790.0,3,MORTGAGE,EDUCATION,0
53,42400.0,566,0.185,0.272,88.8,17200.0,0,2644.0,6,MORTGAGE,PERSONAL,0
55,144700.0,744,0.134,0.704,92.4,10600.0,2,39406.0,6,RENT,MEDICAL,1
46,39400.0,611,0.128,0.852,100.0,8700.0,10,10932.0,5,RENT,EDUCATION,0
28,32100.0,611,0.279,0.475,79.5,5800.0,3,3886.0,8,RENT,MEDICAL,1
56,89300.0,744,0.039,0.803,80.4,18000.0,0,18735.0,6,OWN,PERSONAL,0
50,37100.0,528,0.198,0.654,90.4,75000.0,1,2733.0,4,RENT,DEBTCONSOLIDATION,1
43,33900.0,555,0.072,0.418,81.9,6400.0,0,5141.0,4,RENT,EDUCATION,0
62,25200.0,668,0.216,0.262,77.9,20000.0,1,1622.0,3,RENT,MEDICAL,1
64,44800.0,691,0.271,0.39,76.5,40100.0,0,4384.0,6,OWN,MEDICAL,1
34,57000.0,706,0.281,0.441,89.5,14700.0,6,6319.0,13,RENT,EDUCATION,1
34,69300.0,647,0.103,0.562,87.4,16900.0,5,5713.0,8,MORTGAGE,DEBTCONSOLIDATION,0
22,106000.0,850,0.056,0.302,100.0,12600.0,0,10699.0,5,MORTGAGE,MEDICAL,0
57,82100.0,652,0.012,0.672,69.7,46800.0,2,19410.0,7,RENT,VENTURE,1
25,53400.0,652,0.053,0.117,70.0,23400.0,1,942.0,5,MORTGAGE,PERSONAL,0
58,53200.0,610,0.421,0.44,82.8,29600.0,2,4790.0,4,RENT,PERSONAL,1
65,81300.0,679,0.313,0.255,72.6,12200.0,4,2336.0,4,MORTGAGE,PERSONAL,0
61,128500.0,716,0.254,0.247,60.6,21500.0,11,4237.0,8,RENT,EDUCATION,0
67,64600.0,760,0.027,0.452,76.9,12700.0,11,4894.0,4,RENT,VENTURE,1
34,45200.0,558,0.177,0.235,100.0,22900.0,2,3884.0,8,RENT,PERSONAL,0
59,33000.0,651,0.1,0.411,100.0,10100.0,2,3651.0,6,MORTGAGE,EDUCATION,0
45,25200.0,703,0.113,0.322,88.5,30300.0,3,2076.0,8,RENT,PERSONAL,1
40,89300.0,714,0.228,0.456,68.6,19600.0,3,15529.0,6,RENT,PERSONAL,1
22,84700.0,670,0.37,0.393,72.6,9700.0,0,10884.0,4,MORTGAGE,PERSONAL,0
59,84700.0,710,0.38,0.275,83.1,24700.0,4,1295.0,8,RENT,MEDICAL,1
26,55400.0,609,0.472,0.59,76.0,10700.0,4,3057.0,9,OWN,PERSONAL,0
37,139300.0,786,0.14,0.476,84.0,5600.0,2,9065.0,7,RENT,EDUCATION,0
45,44800.0,744,0.127,0.518,82.5,11000.0,2,3629.0,8,MORTGAGE,EDUCATION,0
48,106200.0,569,0.235,0.699,67.3,11000.0,13,25382.0,5,MORTGAGE,PERSONAL,0
22,58500.0,589,0.197,0.623,81.4,5900.0,4,11643.0,10,MORTGAGE,MEDICAL,1
55,41600.0,591,0.218,0.195,87.6,18900.0,8,819.0,5,RENT,PERSONAL,0
57,85400.0,720,0.088,0.383,77.5,17900.0,15,7748.0,4,MORTGAGE,VENTURE,0
25,76600.0,573,0.141,0.264,93.4,13200.0,8,1783.0,4,OWN,EDUCATION,0
21,74200.0,645,0.216,0.388,82.7,23700.0,14,3182.0,9,MORTGAGE,MEDICAL,0
60,62900.0,704,0.206,0.596,80.4,10300.0,7,5052.0,6,RENT,PERSONAL,1
32,58500.0,665,0.278,0.111,82.7,4700.0,0,2382.0,7,MORTGAGE,PERSONAL,0
56,251000.0,689,0.279,0.441,75.5,8500.0,1,19703.0,6,RENT,EDUCATION,1
65,121900.0,590,0.074,0.348,86.9,7500.0,1,15719.0,7,MORTGAGE,VENTURE,0
43,92400.0,714,0.097,0.392,71.7,10300.0,1,11328.0,4,MORTGAGE,EDUCATION,0
67,64000.0,624,0.133,0.172,100.0,14300.0,2,3438.0,4,RENT,VENTURE,0
51,109600.0,645,0.202,0.093,100.0,55100.0,8,3376.0,6,MORTGAGE,VENTURE,0
31,81700.0,687,0.072,0.101,81.1,4600.0,2,690.0,10,RENT,VENTURE,0
30,60800.0,677,0.078,0.295,88.8,24900.0,6,6011.0,5,RENT,DEBTCONSOLIDATION,0
23,49900.0,671,0.189,0.683,89.2,6600.0,11,4717.0,9,MORTGAGE,EDUCATION,0
34,57000.0,613,0.127,0.116,89.1,18400.0,0,2608.0,8,OWN,PERSONAL,0
36,18000.0,647,0.391,0.695,90.2,8600.0,0,4339.0,6,RENT,PERSONAL,1
30,67900.0,670,0.056,0.475,91.1,15700.0,10,12863.0,2,RENT,PERSONAL,0
49,44700.0,566,0.452,0.284,90.3,41900.0,1,4799.0,6,OWN,PERSONAL,1
30,155700.0,635,0.093,0.426,72.6,4700.0,0,11667.0,4,MORTGAGE,EDUCATION,0
32,60600.0,699,0.273,0.367,87.3,16600.0,1,8442.0,7,OWN,MEDICAL,0
50,29300.0,574,0.451,0.07,73.1,17100.0,1,340.0,5,RENT,VENTURE,1
61,58100.0,756,0.111,0.661,88.3,27300.0,7,10782.0,7,RENT,PERSONAL,0
21,32000.0,765,0.25,0.444,93.2,14000.0,5,4781.0,2,RENT,MEDICAL,1
25,79500.0,576,0.12,0.317,86.5,75000.0,0,4629.0,4,MORTGAGE,DEBTCONSOLIDATION,0
40,71300.0,771,0.223,0.346,91.0,30600.0,4,2994.0,4,RENT,VENTURE,0
28,106400.0,659,0.268,0.153,84.6,20800.0,1,5913.0,5,RENT,PERSONAL,0
63,37300.0,701,0.258,0.22,100.0,17300.0,1,707.0,7,RENT,MEDICAL,0
32,61100.0,632,0.037,0.244,86.9,20200.0,4,2650.0,5,MORTGAGE,MEDICAL,0
21,26400.0,739,0.096,0.748,71.0,14700.0,5,4724.0,4,RENT,EDUCATION,1
40,91200.0,700,0.045,0.283,76.2,14800.0,2,8560.0,4,OWN,MEDICAL,0
48,81700.0,608,0.165,0.318,87.2,4600.0,7,9200.0,2,RENT,PERSONAL,0
63,80600.0,582,0.455,0.52,97.8,20100.0,9,9601.0,6,OWN,EDUCATION,1
57,59900.0,560,0.405,0.318,86.8,20000.0,12,4775.0,8,RENT,EDUCATION,0
67,76800.0,684,0.167,0.093,84.7,17100.0,4,2492.0,3,MORTGAGE,EDUCATION,0
57,156800.0,712,0.085,0.463,68.6,17400.0,1,15496.0,7,OWN,PERSONAL,0
32,50500.0,718,0.458,0.381,100.0,22700.0,6,4727.0,3,MORTGAGE,EDUCATION,0
57,65100.0,661,0.439,0.234,66.1,18500.0,0,860.0,4,RENT,DEBTCONSOLIDATION,1
64,31200.0,583,0.133,0.71,63.5,14200.0,0,8482.0,6,MORTGAGE,DEBTCONSOLIDATION,1
48,35600.0,618,0.084,0.369,76.4,16800.0,8,3263.0,3,RENT,EDUCATION,0
67,63500.0,756,0.164,0.246,89.1,31600.0,12,4759.0,4,MORTGAGE,PERSONAL,0
35,116100.0,633,0.059,0.298,77.2,37300.0,0,4732.0,4,MORTGAGE,MEDICAL,0
26,51300.0,680,0.137,0.434,74.6,6700.0,1,6230.0,3,MORTGAGE,MEDICAL,0
64,52000.0,589,0.033,0.285,72.1,10200.0,4,3127.0,11,RENT,DEBTCONSOLIDATION,0
40,46900.0,695,0.099,0.614,100.0,26000.0,13,2573.0,6,RENT,DEBTCONSOLIDATION,0
34,43400.0,635,0.136,0.254,86.0,19800.0,4,3754.0,6,RENT,VENTURE,0
22,71500.0,748,0.343,0.211,92.8,8600.0,8,5186.0,7,RENT,DEBTCONSOLIDATION,0
29,24400.0,728,0.196,0.307,100.0,14000.0,12,542.0,7,OWN,PERSONAL,0
57,129100.0,632,0.144,0.402,100.0,23200.0,3,9690.0,6,RENT,MEDICAL,0
40,40200.0,660,0.126,0.552,71.2,51200.0,6,3295.0,2,MORTGAGE,DEBTCONSOLIDATION,1
46,92300.0,628,0.437,0.448,85.0,69400.0,5,9541.0,9,RENT,MEDICAL,1
49,27900.0,563,0.092,0.38,91.4,3700.0,5,2344.0,9,RENT,DEBTCONSOLIDATION,0
21,89400.0,605,0.021,0.445,83.3,24200.0,3,11129.0,6,MORTGAGE,DEBTCONSOLIDATION,0
55,89600.0,684,0.318,0.388,73.9,8600.0,4,4750.0,3,RENT,PERSONAL,0
26,75400.0,694,0.154,0.052,50.0,30000.0,4,500.0,3,RENT,DEBTCONSOLIDATION,1
57,33000.0,681,0.124,0.287,98.2,5100.0,5,2871.0,5,RENT,PERSONAL,0
25,69500.0,647,0.111,0.624,100.0,8300.0,3,16986.0,4,RENT,EDUCATION,0
53,29400.0,739,0.202,0.485,90.8,11800.0,1,5436.0,7,RENT,VENTURE,1
34,51400.0,674,0.301,0.319,81.7,21400.0,5,5365.0,5,MORTGAGE,PERSONAL,0
32,111000.0,722,0.297,0.294,75.4,10300.0,2,2402.0,11,MORTGAGE,EDUCATION,0
62,96600.0,536,0.243,0.624,83.6,8000.0,0,8030.0,5,RENT,PERSONAL,1
40,60400.0,375,0.339,0.544,98.0,4000.0,9,9574.0,8,RENT,VENTURE,0
44,33400.0,691,0.09,0.539,88.6,8400.0,1,2764.0,3,RENT,DEBTCONSOLIDATION,0
63,88200.0,563,0.016,0.202,55.9,21400.0,3,3345.0,10,MORTGAGE,VENTURE,0
54,60600.0,654,0.367,0.721,100.0,37900.0,6,16769.0,4,RENT,MEDICAL,1
45,18000.0,647,0.141,0.302,90.1,6400.0,5,436.0,9,RENT,DEBTCONSOLIDATION,0
49,95800.0,789,0.333,0.255,69.1,6900.0,0,8585.0,8,RENT,DEBTCONSOLIDATION,1
59,59000.0,699,0.051,0.703,89.1,8000.0,1,2804.0,7,MORTGAGE,MEDICAL,0
51,123200.0,682,0.201,0.539,84.5,12300.0,0,11175.0,7,RENT,DEBTCONSOLIDATION,0
67,31000.0,732,0.105,0.496,84.5,15300.0,0,3758.0,7,RENT,DEBTCONSOLIDATION,1
63,18000.0,697,0.188,0.338,69.9,10800.0,1,1063.0,2,RENT,PERSONAL,1
43,70800.0,635,0.251,0.799,78.9,4400.0,3,21779.0,8,OWN,DEBTCONSOLIDATION,0
64,71300.0,750,0.277,0.446,62.7,3200.0,0,7204.0,5,MORTGAGE,PERSONAL,0
58,21700.0,586,0.158,0.3,96.7,9500.0,17,1998.0,9,RENT,EDUCATION,0
40,33300.0,694,0.082,0.111,71.7,19400.0,6,1093.0,8,RENT,MEDICAL,1
43,312700.0,553,0.155,0.06,95.5,13400.0,4,6422.0,4,MORTGAGE,PERSONAL,0
65,49800.0,685,0.391,0.199,89.4,43400.0,5,3492.0,5,RENT,DEBTCONSOLIDATION,1
36,92800.0,684,0.198,0.666,77.2,4600.0,2,13177.0,4,RENT,VENTURE,1
62,40500.0,795,0.038,0.146,73.0,14400.0,3,2082.0,5,OWN,MEDICAL,0
28,18000.0,552,0.133,0.477,84.5,35500.0,10,2393.0,8,MORTGAGE,DEBTCONSOLIDATION,1
41,54100.0,624,0.217,0.258,95.0,10800.0,6,4049.0,12,RENT,DEBTCONSOLIDATION,0
21,51100.0,731,0.367,0.32,91.8,5500.0,4,1809.0,7,MORTGAGE,EDUCATION,0
28,47100.0,695,0.424,0.136,88.8,2000.0,14,870.0,5,RENT,PERSONAL,0
49,55900.0,683,0.275,0.796,80.0,10700.0,5,12934.0,5,MORTGAGE,MEDICAL,1
52,70200.0,598,0.118,0.743,91.8,9300.0,2,7457.0,8,RENT,VENTURE,0
58,54700.0,625,0.11,0.2,63.5,8500.0,0,2423.0,6,MORTGAGE,DEBTCONSOLIDATION,0
25,28000.0,763,0.181,0.342,85.0,16500.0,2,2121.0,6,OWN,PERSONAL,0
67,80200.0,666,0.19,0.424,82.1,47600.0,12,4486.0,7,MORTGAGE,EDUCATION,0
42,18600.0,698,0.121,0.194,67.3,5100.0,0,896.0,5,RENT,VENTURE,0
67,18000.0,661,0.047,0.193,77.8,6800.0,1,859.0,7,MORTGAGE,MEDICAL,0
54,93300.0,581,0.245,0.467,100.0,12100.0,8,4146.0,11,RENT,PERSONAL,0
21,81200.0,740,0.115,0.435,88.9,22100.0,2,6478.0,6,RENT,MEDICAL,0
46,57800.0,707,0.259,0.685,93.3,10200.0,1,7049.0,9,RENT,DEBTCONSOLIDATION,1
63,25900.0,842,0.237,0.697,76.6,20100.0,8,4454.0,6,RENT,DEBTCONSOLIDATION,1
30,39200.0,593,0.355,0.21,61.8,4900.0,4,2571.0,7,OWN,DEBTCONSOLIDATION,1
50,51100.0,731,0.437,0.609,100.0,13800.0,3,1755.0,4,RENT,EDUCATION,1
38,23000.0,571,0.059,0.231,73.2,13200.0,1,512.0,7,MORTGAGE,PERSONAL,0
37,38400.0,681,0.082,0.661,78.0,40000.0,5,3952.0,2,MORTGAGE,DEBTCONSOLIDATION,1
46,88600.0,743,0.405,0.38,65.8,29600.0,9,11233.0,7,RENT,VENTURE,1
28,141000.0,514,0.305,0.196,98.7,14500.0,6,6030.0,11,MORTGAGE,VENTURE,0
67,46600.0,654,0.078,0.406,86.0,6900.0,4,4329.0,9,RENT,EDUCATION,0
60,94300.0,627,0.415,0.154,80.4,2600.0,2,2806.0,5,MORTGAGE,PERSONAL,0
32,19000.0,617,0.053,0.656,89.4,7200.0,9,2434.0,5,RENT,VENTURE,1
47,88900.0,698,0.066,0.078,77.6,61700.0,4,2719.0,7,RENT,EDUCATION,0
28,37000.0,754,0.157,0.439,74.7,3800.0,11,5921.0,4,RENT,VENTURE,0
45,72000.0,660,0.311,0.337,67.8,7000.0,1,7378.0,5,MORTGAGE,DEBTCONSOLIDATION,1
66,51600.0,685,0.135,0.452,66.3,14600.0,5,3812.0,6,MORTGAGE,EDUCATION,0
24,132200.0,678,0.236,0.43,94.9,32400.0,13,13063.0,8,MORTGAGE,VENTURE,0
53,35400.0,670,0.029,0.3,97.2,5500.0,2,3094.0,8,OWN,MEDICAL,0
21,87300.0,588,0.488,0.506,61.7,18500.0,15,8309.0,7,RENT,MEDICAL,1
39,50600.0,753,0.122,0.233,81.4,7700.0,2,2754.0,10,OWN,DEBTCONSOLIDATION,0
51,54400.0,692,0.241,0.448,83.3,5700.0,2,2461.0,10,RENT,EDUCATION,1
36,53600.0,699,0.204,0.352,74.2,8800.0,8,1561.0,11,RENT,DEBTCONSOLIDATION,0
34,36000.0,609,0.199,0.105,72.2,12900.0,1,410.0,5,MORTGAGE,PERSONAL,0
25,59400.0,635,0.076,0.535,83.2,5500.0,6,9994.0,7,MORTGAGE,EDUCATION,0
61,57700.0,656,0.033,0.249,73.6,29200.0,1,1674.0,5,RENT,EDUCATION,1
46,69200.0,554,0.113,0.226,82.4,36900.0,4,5844.0,4,RENT,PERSONAL,1
48,63000.0,543,0.256,0.535,69.0,8100.0,7,6033.0,4,RENT,PERSONAL,1
22,96600.0,624,0.125,0.237,75.0,23000.0,0,2499.0,4,RENT,PERSONAL,0
26,104200.0,709,0.298,0.637,78.7,4600.0,0,22490.0,6,RENT,MEDICAL,1
29,31900.0,621,0.289,0.435,78.0,11700.0,13,2912.0,4,RENT,MEDICAL,1
53,100800.0,593,0.042,0.272,95.8,24000.0,8,5099.0,8,RENT,EDUCATION,0
61,29400.0,608,0.152,0.365,75.4,22100.0,10,1774.0,7,RENT,EDUCATION,0
45,85200.0,635,0.234,0.46,93.3,14800.0,2,6493.0,9,MORTGAGE,VENTURE,0
33,86800.0,643,0.098,0.444,46.3,30900.0,6,10876.0,14,RENT,DEBTCONSOLIDATION,1
29,19000.0,832,0.352,0.58,82.0,8000.0,31,2636.0,4,RENT,EDUCATION,1
33,63300.0,749,0.157,0.561,56.9,14200.0,2,7588.0,5,MORTGAGE,DEBTCONSOLIDATION,0
51,45200.0,746,0.052,0.292,96.8,13900.0,9,2725.0,6,OWN,EDUCATION,0
61,38000.0,757,0.354,0.637,100.0,17900.0,0,2413.0,5,RENT,EDUCATION,1
31,134700.0,595,0.219,0.186,81.6,20400.0,3,8512.0,8,MORTGAGE,MEDICAL,0
24,40400.0,578,0.197,0.298,100.0,5400.0,2,4507.0,6,OWN,EDUCATION,0
54,36900.0,586,0.169,0.392,72.4,21500.0,3,4785.0,4,RENT,EDUCATION,1
58,62700.0,770,0.07,0.483,93.8,5700.0,0,6297.0,7,OWN,DEBTCONSOLIDATION,0
66,90300.0,628,0.115,0.52,92.1,25400.0,2,18325.0,5,RENT,EDUCATION,0
24,55000.0,576,0.022,0.53,80.2,45500.0,0,7769.0,4,RENT,PERSONAL,1
58,120600.0,637,0.223,0.324,81.9,9400.0,3,12540.0,7,MORTGAGE,EDUCATION,0
39,82300.0,652,0.144,0.04,86.0,6900.0,2,1019.0,6,MORTGAGE,EDUCATION,0
26,18000.0,690,0.081,0.276,84.5,42800.0,2,1479.0,8,OWN,MEDICAL,1
54,43600.0,688,0.055,0.224,86.1,12700.0,14,2683.0,8,RENT,MEDICAL,0
38,42700.0,607,0.088,0.184,100.0,5200.0,0,975.0,4,OWN,PERSONAL,0
33,79800.0,721,0.11,0.911,100.0,7000.0,8,11127.0,8,MORTGAGE,VENTURE,0
61,18000.0,622,0.116,0.857,92.2,7300.0,2,5559.0,3,RENT,MEDICAL,1
43,276300.0,658,0.37,0.205,100.0,31000.0,1,6400.0,6,RENT,MEDICAL,1
39,82300.0,721,0.121,0.609,68.9,6600.0,1,5172.0,5,RENT,PERSONAL,1
65,65500.0,621,0.124,0.626,91.9,2600.0,11,6128.0,6,OWN,EDUCATION,0
31,121700.0,627,0.311,0.196,92.3,12900.0,8,4219.0,6,RENT,MEDICAL,1
21,244300.0,714,0.085,0.874,77.1,16400.0,0,52012.0,4,RENT,PERSONAL,1
44,101000.0,605,0.49,0.306,100.0,19900.0,0,8095.0,3,MORTGAGE,PERSONAL,0
27,105800.0,641,0.114,0.374,100.0,2000.0,5,12929.0,6,RENT,EDUCATION,0
45,64800.0,711,0.229,0.568,88.4,11700.0,1,2786.0,5,RENT,PERSONAL,1
41,55000.0,824,0.37,0.117,73.5,9900.0,12,791.0,5,MORTGAGE,EDUCATION,0
35,45000.0,715,0.21,0.328,63.6,17900.0,7,3348.0,4,RENT,DEBTCONSOLIDATION,1
21,36500.0,705,0.03,0.264,69.6,3300.0,10,1328.0,7,MORTGAGE,MEDICAL,0
32,39600.0,709,0.142,0.054,100.0,14800.0,1,761.0,11,RENT,MEDICAL,0
27,26600.0,589,0.244,0.356,78.7,15200.0,0,2595.0,2,MORTGAGE,DEBTCONSOLIDATION,0
35,57200.0,678,0.034,0.276,95.8,29600.0,13,3498.0,3,RENT,PERSONAL,0
41,21800.0,667,0.034,0.443,86.4,17100.0,2,484.0,7,OWN,DEBTCONSOLIDATION,0
39,67100.0,694,0.368,0.585,57.7,21700.0,2,13759.0,2,MORTGAGE,PERSONAL,1
49,58600.0,678,0.197,0.742,78.9,5600.0,5,9188.0,9,RENT,MEDICAL,1
45,65400.0,698,0.054,0.333,70.5,12400.0,2,5140.0,2,RENT,DEBTCONSOLIDATION,1
53,43800.0,646,0.114,0.634,92.0,33200.0,10,8175.0,4,RENT,EDUCATION,1
52,350000.0,674,0.175,0.339,92.7,9400.0,15,44863.0,6,RENT,PERSONAL,0
55,135400.0,577,0.222,0.237,79.8,23000.0,2,3381.0,5,RENT,EDUCATION,1
64,28400.0,646,0.082,0.511,100.0,6800.0,1,1087.0,7,MORTGAGE,PERSONAL,0
58,68900.0,774,0.244,0.287,95.0,11300.0,0,1832.0,11,RENT,VENTURE,0
46,41600.0,693,0.233,0.238,76.9,4300.0,1,3062.0,8,RENT,DEBTCONSOLIDATION,0
31,32600.0,668,0.167,0.104,88.5,12500.0,0,323.0,3,RENT,DEBTCONSOLIDATION,0
55,26800.0,812,0.149,0.452,72.5,7400.0,0,2730.0,1,OWN,PERSONAL,0
28,77600.0,567,0.138,0.518,78.0,29700.0,0,11949.0,4,OWN,DEBTCONSOLIDATION,0
66,39800.0,586,0.212,0.049,89.3,55200.0,3,584.0,3,RENT,VENTURE,1
34,107000.0,798,0.12,0.336,82.7,4000.0,6,6911.0,6,RENT,VENTURE,0
30,108700.0,673,0.172,0.122,65.0,5600.0,20,3906.0,7,RENT,MEDICAL,0
22,136500.0,651,0.135,0.304,87.0,25400.0,0,15872.0,7,RENT,EDUCATION,0
66,35900.0,580,0.15,0.172,78.2,7800.0,5,369.0,6,RENT,EDUCATION,0
29,79600.0,703,0.24,0.207,72.4,12500.0,4,4696.0,8,MORTGAGE,MEDICAL,0
23,87500.0,710,0.281,0.673,68.9,38300.0,3,13716.0,2,RENT,DEBTCONSOLIDATION,1
41,45000.0,587,0.179,0.312,79.7,39100.0,6,1747.0,4,RENT,EDUCATION,0
46,37700.0,659,0.49,0.109,85.1,5300.0,1,648.0,7,RENT,DEBTCONSOLIDATION,0
28,157300.0,644,0.172,0.242,79.2,51500.0,1,13057.0,7,MORTGAGE,PERSONAL,0
22,68600.0,689,0.134,0.684,85.7,21300.0,2,11985.0,3,MORTGAGE,PERSONAL,0
26,87700.0,586,0.037,0.283,78.9,26900.0,1,1367.0,6,MORTGAGE,MEDICAL,0
48,36600.0,763,0.135,0.577,89.1,8300.0,3,8191.0,5,RENT,DEBTCONSOLIDATION,1
49,28800.0,738,0.218,0.125,80.2,7800.0,0,1019.0,5,RENT,DEBTCONSOLIDATION,0
46,42500.0,642,0.399,0.324,62.4,3900.0,1,2822.0,7,OWN,PERSONAL,0
45,55600.0,653,0.19,0.519,67.6,5600.0,0,8637.0,9,OWN,PERSONAL,0
32,31600.0,659,0.136,0.696,75.7,21500.0,0,2674.0,4,MORTGAGE,PERSONAL,0
25,59500.0,611,0.172,0.389,97.1,18400.0,2,3267.0,3,MORTGAGE,VENTURE,0
54,21700.0,636,0.437,0.288,70.5,23100.0,4,645.0,6,RENT,EDUCATION,1
57,30600.0,649,0.29,0.656,86.7,15700.0,0,3793.0,6,OWN,EDUCATION,0
35,89500.0,790,0.293,0.362,86.9,13100.0,25,11879.0,7,RENT,DEBTCONSOLIDATION,0
64,86000.0,740,0.154,0.405,67.4,8100.0,1,6479.0,5,RENT,MEDICAL,1
56,47300.0,740,0.341,0.192,78.8,10900.0,0,1370.0,11,MORTGAGE,DEBTCONSOLIDATION,0
35,32500.0,697,0.065,0.434,83.9,25000.0,0,4179.0,7,MORTGAGE,PERSONAL,0
63,32300.0,586,0.355,0.454,78.6,23600.0,5,5196.0,11,OWN,VENTURE,0
43,47900.0,666,0.123,0.313,88.8,15900.0,5,2031.0,6,MORTGAGE,PERSONAL,0
26,88100.0,742,0.178,0.362,88.3,6900.0,11,10613.0,6,RENT,VENTURE,0
66,104500.0,575,0.121,0.675,84.5,9500.0,0,11052.0,6,MORTGAGE,EDUCATION,0
64,44400.0,717,0.259,0.169,93.0,5200.0,2,1025.0,5,RENT,PERSONAL,0
63,30000.0,844,0.239,0.384,82.0,10400.0,11,2483.0,5,MORTGAGE,PERSONAL,0
65,70300.0,749,0.264,0.286,83.4,4100.0,7,1475.0,9,RENT,DEBTCONSOLIDATION,0
41,36500.0,776,0.058,0.465,85.4,10500.0,1,5971.0,2,RENT,VENTURE,0
43,43900.0,686,0.091,0.56,68.8,8400.0,11,8752.0,2,MORTGAGE,DEBTCONSOLIDATION,0
63,132600.0,742,0.198,0.289,89.0,13200.0,5,11001.0,6,MORTGAGE,PERSONAL,0
36,98300.0,616,0.185,0.462,74.6,7700.0,1,7085.0,5,MORTGAGE,VENTURE,0
67,65800.0,729,0.23,0.174,79.4,22300.0,0,1240.0,4,OWN,PERSONAL,0
35,27900.0,719,0.062,0.506,88.6,4200.0,3,4159.0,3,RENT,EDUCATION,0
45,68000.0,691,0.058,0.087,87.4,4400.0,6,509.0,8,MORTGAGE,MEDICAL,0
56,113300.0,768,0.195,0.437,64.9,11000.0,1,9600.0,6,MORTGAGE,EDUCATION,0
31,47800.0,629,0.494,0.619,65.1,16100.0,0,2399.0,7,OWN,PERSONAL,1
35,134700.0,655,0.074,0.315,70.0,10000.0,0,8455.0,4,MORTGAGE,DEBTCONSOLIDATION,0
24,130000.0,677,0.051,0.354,84.4,10600.0,9,4467.0,6,RENT,PERSONAL,0
41,162500.0,592,0.166,0.312,97.7,14300.0,0,3106.0,5,MORTGAGE,VENTURE,0
33,71900.0,687,0.348,0.664,76.2,18900.0,4,9902.0,5,OWN,VENTURE,0
42,85200.0,541,0.324,0.518,70.7,9900.0,7,10976.0,9,OWN,EDUCATION,0
39,139900.0,748,0.153,0.476,70.8,15300.0,7,13569.0,10,MORTGAGE,EDUCATION,0
54,78300.0,673,0.283,0.572,87.2,26600.0,5,5001.0,7,RENT,PERSONAL,1
34,44300.0,630,0.076,0.379,94.9,5100.0,5,1295.0,9,OWN,EDUCATION,0
24,45700.0,607,0.358,0.253,94.2,32400.0,3,1089.0,4,MORTGAGE,EDUCATION,0
66,69100.0,652,0.125,0.394,73.9,30700.0,2,8290.0,5,RENT,PERSONAL,1
47,27600.0,721,0.201,0.517,63.8,7400.0,0,793.0,4,RENT,EDUCATION,1
49,54900.0,711,0.2,0.536,83.0,19200.0,3,10363.0,6,MORTGAGE,DEBTCONSOLIDATION,0
67,115600.0,617,0.221,0.548,99.8,4600.0,0,21794.0,12,OWN,VENTURE,0
48,18000.0,606,0.077,0.098,87.2,16500.0,3,632.0,6,MORTGAGE,PERSONAL,0
55,150300.0,719,0.507,0.52,65.7,34700.0,6,27946.0,4,RENT,MEDICAL,1
28,117400.0,615,0.095,0.132,81.2,6400.0,2,4395.0,6,OWN,EDUCATION,0
36,45400.0,674,0.369,0.346,69.9,7900.0,3,5445.0,5,MORTGAGE,DEBTCONSOLIDATION,0
62,83000.0,679,0.263,0.717,86.0,17200.0,9,18187.0,6,MORTGAGE,DEBTCONSOLIDATION,0
56,60000.0,693,0.143,0.439,81.5,10500.0,5,4084.0,5,MORTGAGE,VENTURE,0
50,125200.0,734,0.052,0.14,78.7,15300.0,0,5509.0,7,RENT,PERSONAL,0
38,108000.0,575,0.142,0.472,74.4,73900.0,3,13532.0,5,OWN,PERSONAL,0
22,25800.0,526,0.055,0.294,87.1,10000.0,2,452.0,3,RENT,VENTURE,0
33,85200.0,627,0.125,0.683,96.3,4500.0,1,18925.0,8,OWN,MEDICAL,0
24,52900.0,805,0.094,0.513,100.0,8400.0,5,9628.0,4,OWN,PERSONAL,0
46,62900.0,821,0.048,0.316,87.0,15200.0,2,4594.0,6,RENT,PERSONAL,0
45,38700.0,807,0.113,0.651,97.2,5500.0,7,5554.0,7,RENT,EDUCATION,0
50,170900.0,655,0.383,0.264,69.9,8300.0,4,9003.0,4,RENT,DEBTCONSOLIDATION,1
31,111800.0,536,0.101,0.561,78.0,30600.0,0,18916.0,7,RENT,MEDICAL,1
27,38400.0,494,0.119,0.64,70.5,41900.0,2,3082.0,8,MORTGAGE,EDUCATION,1
51,26900.0,623,0.053,0.722,76.1,10100.0,1,6232.0,13,RENT,PERSONAL,1
64,47500.0,655,0.238,0.583,69.7,10300.0,0,4218.0,9,OWN,PERSONAL,1
30,77700.0,767,0.149,0.452,100.0,5700.0,8,4970.0,1,MORTGAGE,EDUCATION,0
59,69200.0,735,0.183,0.234,77.5,16000.0,2,5396.0,7,MORTGAGE,VENTURE,0
33,127000.0,687,0.19,0.395,80.3,71200.0,4,5570.0,7,MORTGAGE,MEDICAL,0
51,96200.0,603,0.146,0.386,63.4,10300.0,10,13066.0,10,RENT,MEDICAL,0
27,107100.0,597,0.357,0.316,57.9,10600.0,3,13275.0,5,MORTGAGE,EDUCATION,0
62,72800.0,689,0.118,0.156,100.0,18900.0,1,1839.0,8,RENT,EDUCATION,0
62,26000.0,722,0.308,0.306,79.1,9700.0,7,2982.0,6,MORTGAGE,VENTURE,0
56,53200.0,699,0.084,0.263,100.0,9900.0,2,3473.0,2,RENT,VENTURE,0
40,113100.0,592,0.249,0.187,80.2,35100.0,4,2977.0,3,RENT,DEBTCONSOLIDATION,0
24,58100.0,718,0.033,0.306,67.1,5400.0,11,3705.0,4,RENT,DEBTCONSOLIDATION,0
27,81000.0,701,0.125,0.137,82.3,6300.0,3,3662.0,6,MORTGAGE,MEDICAL,0
21,49500.0,589,0.225,0.503,82.9,21000.0,2,7054.0,6,RENT,MEDICAL,1
64,32300.0,611,0.149,0.277,83.7,12000.0,6,1997.0,10,RENT,EDUCATION,0
65,55600.0,721,0.465,0.32,81.2,6300.0,0,2492.0,4,RENT,DEBTCONSOLIDATION,1
62,72100.0,652,0.209,0.509,63.8,16400.0,12,11157.0,8,OWN,DEBTCONSOLIDATION,0
67,40400.0,789,0.176,0.264,63.6,10600.0,12,1703.0,8,RENT,PERSONAL,0
33,52000.0,707,0.207,0.576,96.0,15100.0,4,4967.0,5,RENT,EDUCATION,0
42,34100.0,633,0.196,0.184,100.0,11000.0,0,1954.0,8,OWN,EDUCATION,0
41,117200.0,669,0.125,0.571,78.6,4700.0,3,16426.0,4,MORTGAGE,EDUCATION,0
42,50200.0,674,0.131,0.514,60.0,28000.0,2,2968.0,6,MORTGAGE,EDUCATION,0
48,143200.0,615,0.262,0.035,96.4,43700.0,1,1456.0,3,MORTGAGE,MEDICAL,0
29,149800.0,601,0.216,0.176,71.8,7000.0,0,3699.0,6,MORTGAGE,VENTURE,0
46,57000.0,722,0.063,0.343,86.2,41200.0,1,6181.0,13,MORTGAGE,DEBTCONSOLIDATION,0
29,32700.0,733,0.212,0.516,75.7,12400.0,4,3671.0,9,OWN,MEDICAL,1
35,18000.0,715,0.124,0.718,76.1,2000.0,5,3338.0,4,MORTGAGE,EDUCATION,0
30,24800.0,783,0.194,0.505,71.6,18000.0,19,3261.0,4,MORTGAGE,MEDICAL,0
44,26300.0,629,0.16,0.302,98.8,2900.0,1,805.0,1,RENT,PERSONAL,0
62,136900.0,795,0.048,0.56,87.4,9500.0,1,21287.0,12,RENT,EDUCATION,0
28,64200.0,602,0.245,0.416,86.0,21900.0,0,9441.0,8,MORTGAGE,MEDICAL,0
44,75600.0,594,0.344,0.065,82.5,18600.0,13,1778.0,1,MORTGAGE,DEBTCONSOLIDATION,0
36,18000.0,538,0.38,0.412,86.6,8100.0,2,2158.0,5,MORTGAGE,MEDICAL,1
46,29200.0,636,0.081,0.051,67.8,20700.0,12,580.0,6,MORTGAGE,PERSONAL,0
47,102000.0,632,0.128,0.271,88.3,25100.0,11,7170.0,10,MORTGAGE,PERSONAL,0
57,71100.0,709,0.096,0.324,96.5,8800.0,0,3207.0,6,RENT,EDUCATION,0
24,54800.0,688,0.109,0.592,84.6,10500.0,1,9118.0,4,MORTGAGE,PERSONAL,0
44,84000.0,580,0.165,0.608,92.4,15400.0,1,18805.0,5,MORTGAGE,EDUCATION,0
39,159800.0,640,0.16,0.635,77.1,5900.0,1,17818.0,3,RENT,DEBTCONSOLIDATION,0
56,52400.0,642,0.355,0.323,86.9,7600.0,2,2415.0,7,RENT,VENTURE,0
59,62400.0,536,0.098,0.422,77.4,26900.0,3,10224.0,9,MORTGAGE,MEDICAL,0
30,67200.0,596,0.325,0.113,62.2,66700.0,7,2417.0,6,OWN,EDUCATION,0
45,251500.0,612,0.227,0.448,79.2,20400.0,1,7597.0,5,MORTGAGE,VENTURE,0
38,18000.0,777,0.358,0.319,95.5,16100.0,1,1415.0,5,MORTGAGE,DEBTCONSOLIDATION,1
39,90200.0,684,0.189,0.158,66.0,48100.0,4,1882.0,2,RENT,EDUCATION,0
56,55900.0,719,0.129,0.272,100.0,7000.0,0,2287.0,9,MORTGAGE,VENTURE,0
30,84100.0,557,0.021,0.253,75.4,14200.0,3,1716.0,6,MORTGAGE,PERSONAL,0
53,40400.0,759,0.093,0.773,88.8,23900.0,1,4086.0,8,RENT,PERSONAL,1
25,58100.0,767,0.087,0.436,100.0,7500.0,1,5746.0,5,RENT,DEBTCONSOLIDATION,0
67,91800.0,520,0.117,0.623,100.0,4200.0,7,4432.0,6,RENT,PERSONAL,0
55,350000.0,617,0.174,0.243,100.0,23800.0,6,30736.0,3,OWN,PERSONAL,0
64,97200.0,707,0.276,0.461,72.9,26000.0,1,14401.0,7,MORTGAGE,MEDICAL,1
54,36000.0,718,0.291,0.309,95.7,24100.0,2,2041.0,7,MORTGAGE,VENTURE,0
53,46400.0,619,0.186,0.514,74.9,24400.0,0,2280.0,6,MORTGAGE,PERSONAL,1
41,45600.0,647,0.061,0.215,70.7,14200.0,0,3901.0,4,MORTGAGE,EDUCATION,0
37,20400.0,625,0.198,0.348,75.0,14800.0,4,1755.0,6,OWN,MEDICAL,1
42,49100.0,678,0.173,0.442,97.2,15700.0,2,4298.0,6,RENT,MEDICAL,1
57,92900.0,759,0.19,0.08,76.4,29000.0,1,888.0,3,RENT,EDUCATION,0
35,27900.0,612,0.353,0.37,72.7,16200.0,0,1250.0,6,RENT,PERSONAL,1
55,112300.0,745,0.06,0.128,100.0,14200.0,5,4724.0,4,RENT,VENTURE,0
48,80200.0,611,0.161,0.197,80.4,16900.0,1,3665.0,7,RENT,MEDICAL,1
27,38500.0,606,0.056,0.236,89.8,18300.0,11,3584.0,3,OWN,PERSONAL,0
52,55000.0,731,0.12,0.457,70.7,6400.0,1,9641.0,7,OWN,MEDICAL,0
31,156200.0,739,0.059,0.749,77.3,35300.0,1,14319.0,5,RENT,VENTURE,1
30,93000.0,733,0.208,0.634,79.6,8400.0,9,23572.0,7,RENT,PERSONAL,0
29,60200.0,571,0.31,0.586,75.1,14000.0,4,13945.0,7,RENT,VENTURE,1
34,51900.0,635,0.211,0.187,81.0,6900.0,0,3200.0,3,RENT,EDUCATION,0
33,62700.0,731,0.05,0.291,71.3,11600.0,3,3409.0,3,RENT,VENTURE,0
45,44000.0,673,0.143,0.844,81.1,19400.0,1,4770.0,6,MORTGAGE,VENTURE,0
22,18000.0,589,0.114,0.786,95.7,16600.0,6,1218.0,5,MORTGAGE,MEDICAL,1
55,203900.0,704,0.027,0.432,61.9,9200.0,0,6007.0,4,OWN,PERSONAL,0
27,65700.0,616,0.397,0.469,80.4,8300.0,12,10393.0,5,MORTGAGE,EDUCATION,0
41,76000.0,804,0.384,0.46,76.2,16000.0,3,13318.0,8,OWN,MEDICAL,1
38,57800.0,785,0.082,0.282,75.1,28500.0,6,5222.0,2,MORTGAGE,PERSONAL,0
23,38500.0,715,0.255,0.465,100.0,36500.0,6,5651.0,6,MORTGAGE,EDUCATION,1
62,53600.0,772,0.173,0.598,99.4,54700.0,0,6260.0,9,RENT,VENTURE,1
59,22900.0,674,0.161,0.319,76.1,8200.0,10,2005.0,8,OWN,PERSONAL,0
61,234700.0,727,0.505,0.308,65.7,7800.0,1,20597.0,1,OWN,VENTURE,1
31,28500.0,780,0.237,0.524,100.0,12300.0,1,2091.0,10,MORTGAGE,EDUCATION,0
59,32200.0,688,0.095,0.211,86.8,11800.0,3,2096.0,9,OWN,MEDICAL,0
44,46000.0,650,0.153,0.554,68.1,4900.0,20,2577.0,6,MORTGAGE,PERSONAL,0
66,129700.0,542,0.142,0.292,71.1,24100.0,1,5783.0,5,RENT,EDUCATION,1
39,60400.0,663,0.243,0.521,83.3,7800.0,16,8068.0,6,MORTGAGE,MEDICAL,0
24,28500.0,731,0.122,0.481,100.0,8500.0,2,3274.0,7,RENT,DEBTCONSOLIDATION,0
46,127100.0,740,0.271,0.16,77.6,18100.0,8,6032.0,8,OWN,MEDICAL,0
58,92800.0,707,0.202,0.554,87.4,5800.0,3,13059.0,6,MORTGAGE,MEDICAL,0
62,82700.0,629,0.019,0.178,74.9,11200.0,1,991.0,10,MORTGAGE,DEBTCONSOLIDATION,0
52,92000.0,521,0.069,0.423,87.7,22400.0,10,15263.0,8,RENT,PERSONAL,0
59,251900.0,632,0.097,0.606,62.4,13800.0,0,48424.0,7,MORTGAGE,DEBTCONSOLIDATION,0
65,222100.0,647,0.155,0.119,89.7,22500.0,5,9466.0,7,MORTGAGE,VENTURE,0
66,39700.0,646,0.089,0.07,84.9,26600.0,8,921.0,7,MORTGAGE,PERSONAL,0
56,158600.0,716,0.077,0.371,72.1,12600.0,8,7316.0,8,MORTGAGE,EDUCATION,0
60,75400.0,818,0.274,0.294,41.8,2000.0,5,8345.0,6,RENT,MEDICAL,1
57,80800.0,679,0.296,0.519,100.0,31600.0,1,16540.0,7,RENT,PERSONAL,1
53,21700.0,653,0.162,0.592,61.1,12900.0,3,996.0,2,MORTGAGE,EDUCATION,1
56,54100.0,650,0.15,0.457,97.1,23200.0,4,2607.0,8,MORTGAGE,DEBTCONSOLIDATION,0
23,36800.0,679,0.151,0.36,72.1,34800.0,11,5254.0,6,MORTGAGE,PERSONAL,1
29,98400.0,607,0.387,0.64,86.6,3700.0,0,9617.0,4,RENT,DEBTCONSOLIDATION,1
28,113900.0,679,0.08,0.437,89.4,13300.0,3,16771.0,5,MORTGAGE,DEBTCONSOLIDATION,0
53,18000.0,703,0.462,0.166,100.0,39400.0,2,227.0,13,RENT,PERSONAL,1
26,59100.0,685,0.115,0.289,69.0,11600.0,2,5233.0,5,RENT,DEBTCONSOLIDATION,1
61,117400.0,704,0.139,0.413,81.5,26500.0,1,14327.0,4,MORTGAGE,VENTURE,0
59,53500.0,702,0.139,0.602,70.4,6200.0,1,12180.0,4,RENT,DEBTCONSOLIDATION,1
24,92700.0,537,0.082,0.216,69.5,18700.0,7,6108.0,6,MORTGAGE,DEBTCONSOLIDATION,0
33,73900.0,717,0.042,0.206,83.1,5600.0,3,982.0,2,MORTGAGE,PERSONAL,0
22,73500.0,619,0.129,0.235,92.1,25100.0,3,3587.0,4,RENT,MEDICAL,0
25,50900.0,587,0.178,0.502,100.0,9700.0,11,4389.0,6,RENT,MEDICAL,0
64,28900.0,587,0.339,0.453,79.4,36300.0,1,3270.0,6,RENT,VENTURE,1
47,30500.0,702,0.142,0.542,81.2,37300.0,1,3305.0,2,MORTGAGE,MEDICAL,1
52,91600.0,653,0.17,0.353,81.9,8800.0,1,4795.0,4,RENT,DEBTCONSOLIDATION,0
41,60600.0,543,0.148,0.45,84.0,43300.0,5,7673.0,7,OWN,MEDICAL,0
28,55100.0,705,0.288,0.593,85.0,8900.0,4,5192.0,4,RENT,EDUCATION,0
58,46400.0,562,0.146,0.635,68.1,21500.0,3,10246.0,7,MORTGAGE,DEBTCONSOLIDATION,0
28,49900.0,680,0.238,0.546,48.9,13100.0,5,4442.0,4,MORTGAGE,MEDICAL,1
23,112200.0,687,0.119,0.369,78.8,9900.0,3,9538.0,11,RENT,EDUCATION,0
64,49000.0,736,0.182,0.273,100.0,23400.0,8,4536.0,4,OWN,EDUCATION,0
23,26800.0,803,0.325,0.373,82.9,9300.0,2,3379.0,3,RENT,VENTURE,1
42,93500.0,567,0.148,0.336,80.4,9000.0,11,8015.0,2,MORTGAGE,DEBTCONSOLIDATION,0
26,52900.0,666,0.042,0.14,81.7,13400.0,0,1355.0,6,MORTGAGE,PERSONAL,0
22,61000.0,649,0.208,0.488,73.6,25200.0,0,7301.0,4,MORTGAGE,EDUCATION,0
43,157100.0,702,0.142,0.183,80.8,15800.0,5,9987.0,8,OWN,PERSONAL,0
64,59100.0,686,0.153,0.226,82.5,10400.0,2,1691.0,6,MORTGAGE,EDUCATION,0
22,71200.0,643,0.202,0.365,82.5,9300.0,3,2414.0,7,MORTGAGE,DEBTCONSOLIDATION,0
58,29500.0,636,0.318,0.248,83.3,11500.0,5,1856.0,6,MORTGAGE,MEDICAL,0
37,52500.0,586,0.099,0.52,83.2,19600.0,1,6850.0,3,MORTGAGE,DEBTCONSOLIDATION,0
55,86300.0,744,0.173,0.212,81.3,6300.0,0,2792.0,9,RENT,MEDICAL,0
54,23500.0,704,0.226,0.259,95.6,8400.0,2,1230.0,6,OWN,DEBTCONSOLIDATION,0
43,67500.0,738,0.271,0.248,100.0,23200.0,11,1356.0,5,RENT,MEDICAL,0
50,63600.0,646,0.101,0.426,61.7,7500.0,2,2595.0,7,RENT,VENTURE,0
28,61400.0,620,0.161,0.569,75.3,8900.0,4,11876.0,5,MORTGAGE,DEBTCONSOLIDATION,0
42,111600.0,589,0.073,0.556,55.4,13100.0,1,13190.0,11,RENT,EDUCATION,1
64,73200.0,696,0.161,0.286,88.0,7600.0,3,1778.0,8,RENT,EDUCATION,0
56,145300.0,592,0.218,0.36,97.0,9700.0,3,20225.0,9,OWN,PERSONAL,0
25,33000.0,808,0.082,0.195,83.3,14700.0,1,795.0,6,MORTGAGE,VENTURE,0
33,65000.0,571,0.254,0.636,83.5,22100.0,0,6652.0,6,RENT,DEBTCONSOLIDATION,1
49,63000.0,690,0.255,0.446,75.1,7800.0,2,10969.0,7,MORTGAGE,EDUCATION,0
51,31500.0,787,0.187,0.477,84.3,7500.0,0,1703.0,8,RENT,PERSONAL,0
67,106300.0,714,0.035,0.398,81.1,29700.0,0,16460.0,6,MORTGAGE,DEBTCONSOLIDATION,0
36,241500.0,683,0.221,0.199,95.0,8500.0,6,14551.0,5,MORTGAGE,VENTURE,0
62,59300.0,597,0.052,0.353,100.0,7900.0,5,4175.0,6,MORTGAGE,DEBTCONSOLIDATION,0
50,81100.0,566,0.221,0.853,100.0,3300.0,1,17864.0,9,RENT,DEBTCONSOLIDATION,0
36,63000.0,727,0.193,0.332,100.0,29000.0,4,4764.0,6,MORTGAGE,MEDICAL,0
32,39000.0,782,0.189,0.493,89.8,35000.0,8,6377.0,9,MORTGAGE,VENTURE,0
37,20100.0,637,0.043,0.612,86.0,13200.0,9,886.0,6,MORTGAGE,DEBTCONSOLIDATION,0
36,39200.0,584,0.185,0.129,81.8,15300.0,5,1692.0,8,RENT,PERSONAL,0
32,26000.0,485,0.244,0.423,86.5,13400.0,0,4286.0,5,MORTGAGE,DEBTCONSOLIDATION,0
28,166500.0,596,0.09,0.705,86.1,6200.0,0,23518.0,6,RENT,MEDICAL,1
40,55900.0,661,0.287,0.347,97.9,20600.0,1,2269.0,6,MORTGAGE,EDUCATION,0
23,48700.0,789,0.075,0.842,79.9,34800.0,5,3612.0,6,RENT,PERSONAL,1
36,102100.0,720,0.204,0.602,69.4,13300.0,1,10533.0,7,RENT,PERSONAL,1
50,30500.0,692,0.356,0.769,81.6,22000.0,3,2245.0,4,RENT,VENTURE,1
65,37800.0,639,0.159,0.621,70.9,7200.0,8,3061.0,10,MORTGAGE,DEBTCONSOLIDATION,0
43,62400.0,626,0.045,0.358,79.4,6800.0,11,6234.0,2,RENT,DEBTCONSOLIDATION,0
48,111000.0,775,0.279,0.77,61.3,18500.0,9,16711.0,4,MORTGAGE,PERSONAL,0
60,80900.0,685,0.192,0.58,82.4,38900.0,0,17143.0,3,MORTGAGE,MEDICAL,1
25,69500.0,512,0.403,0.455,71.4,8700.0,12,6716.0,6,RENT,DEBTCONSOLIDATION,1
40,62700.0,619,0.101,0.53,90.9,11800.0,5,3454.0,9,MORTGAGE,PERSONAL,0
60,76100.0,605,0.24,0.549,77.5,19300.0,4,4116.0,9,OWN,PERSONAL,1
64,67600.0,629,0.273,0.176,59.0,9800.0,1,3481.0,8,RENT,MEDICAL,1
21,32300.0,712,0.058,0.194,77.1,18800.0,13,1704.0,7,OWN,MEDICAL,0
50,61600.0,661,0.116,0.388,81.0,6900.0,0,7117.0,4,MORTGAGE,PERSONAL,0
41,31400.0,664,0.081,0.541,86.0,18100.0,0,2863.0,4,MORTGAGE,MEDICAL,1
40,62900.0,768,0.326,0.48,88.4,11400.0,0,11179.0,6,MORTGAGE,DEBTCONSOLIDATION,0
26,44900.0,617,0.196,0.325,72.3,4400.0,5,1311.0,4,RENT,MEDICAL,0
42,274800.0,809,0.25,0.414,72.9,6500.0,4,6996.0,5,MORTGAGE,VENTURE,0
38,58500.0,619,0.293,0.556,81.7,16800.0,14,10075.0,6,RENT,VENTURE,0
28,25800.0,676,0.02,0.459,85.6,34500.0,2,3398.0,12,MORTGAGE,EDUCATION,1
59,55200.0,648,0.416,0.283,87.7,5300.0,2,3480.0,6,MORTGAGE,VENTURE,0
52,81800.0,679,0.102,0.272,93.4,27200.0,5,1453.0,5,MORTGAGE,DEBTCONSOLIDATION,0
53,163400.0,703,0.3,0.351,61.9,17900.0,0,5160.0,8,MORTGAGE,EDUCATION,0
36,42000.0,702,0.351,0.708,93.6,26200.0,3,3519.0,9,MORTGAGE,VENTURE,1
32,23200.0,613,0.042,0.413,91.8,12000.0,0,2621.0,7,MORTGAGE,DEBTCONSOLIDATION,0
58,97700.0,585,0.309,0.303,92.2,20800.0,4,8350.0,7,MORTGAGE,MEDICAL,0
54,26200.0,850,0.142,0.233,79.3,48800.0,7,1752.0,12,RENT,PERSONAL,1
34,46100.0,633,0.22,0.289,85.1,15300.0,1,4411.0,7,OWN,DEBTCONSOLIDATION,0
56,51300.0,722,0.184,0.713,87.9,6700.0,1,2146.0,9,RENT,PERSONAL,1
53,57400.0,549,0.045,0.427,79.8,36900.0,0,6744.0,2,MORTGAGE,MEDICAL,0
43,90500.0,649,0.294,0.561,93.4,19400.0,4,7009.0,8,MORTGAGE,DEBTCONSOLIDATION,0
65,39700.0,660,0.366,0.455,67.8,15900.0,4,4513.0,8,RENT,MEDICAL,1
22,50800.0,705,0.184,0.453,90.6,46800.0,8,7094.0,4,MORTGAGE,DEBTCONSOLIDATION,0
61,59400.0,465,0.025,0.507,87.9,35800.0,17,9095.0,3,MORTGAGE,EDUCATION,0
41,65500.0,682,0.161,0.212,100.0,18700.0,20,2094.0,5,MORTGAGE,MEDICAL,0
22,63500.0,583,0.294,0.335,100.0,7100.0,0,3709.0,4,RENT,EDUCATION,0
47,77800.0,694,0.347,0.334,79.7,10300.0,4,9642.0,7,RENT,VENTURE,1
29,99300.0,592,0.155,0.329,100.0,15300.0,7,11340.0,9,RENT,EDUCATION,0
21,75800.0,605,0.082,0.391,85.6,13100.0,5,4148.0,4,MORTGAGE,EDUCATION,0
31,78600.0,649,0.261,0.572,86.0,9600.0,11,11485.0,4,MORTGAGE,VENTURE,0
23,23200.0,591,0.303,0.207,86.7,11700.0,2,420.0,4,RENT,DEBTCONSOLIDATION,0
43,61700.0,634,0.381,0.288,65.9,27900.0,2,4955.0,5,OWN,PERSONAL,1
46,79800.0,580,0.279,0.334,95.6,15400.0,0,7129.0,5,MORTGAGE,DEBTCONSOLIDATION,0
24,92700.0,532,0.172,0.324,65.3,9600.0,0,4276.0,6,MORTGAGE,DEBTCONSOLIDATION,0
38,39500.0,746,0.078,0.623,88.1,21200.0,5,4864.0,8,MORTGAGE,VENTURE,0
26,40300.0,572,0.056,0.232,51.9,19800.0,3,3027.0,3,MORTGAGE,EDUCATION,0
55,42400.0,656,0.247,0.701,79.4,13000.0,5,4143.0,4,OWN,PERSONAL,0
42,82600.0,726,0.151,0.742,81.9,6100.0,1,19547.0,10,MORTGAGE,PERSONAL,1
63,111300.0,623,0.342,0.341,89.7,12300.0,9,6100.0,4,RENT,MEDICAL,0
35,46900.0,608,0.275,0.531,99.4,13300.0,11,8563.0,6,RENT,VENTURE,0
42,103200.0,686,0.107,0.565,81.1,24800.0,5,3538.0,7,MORTGAGE,EDUCATION,0
57,64500.0,753,0.38,0.482,67.0,8100.0,1,4363.0,6,MORTGAGE,EDUCATION,1
62,55600.0,582,0.292,0.323,76.6,11000.0,1,2014.0,1,MORTGAGE,EDUCATION,0
32,52700.0,658,0.24,0.375,84.8,39200.0,4,7148.0,3,OWN,DEBTCONSOLIDATION,0
67,93700.0,540,0.256,0.505,83.9,11300.0,14,9463.0,6,MORTGAGE,VENTURE,0
62,72800.0,640,0.402,0.526,61.1,13100.0,4,9227.0,4,RENT,VENTURE,1
58,234600.0,672,0.212,0.257,75.9,48000.0,9,8123.0,3,RENT,DEBTCONSOLIDATION,0
38,35900.0,605,0.173,0.346,75.6,7100.0,4,1179.0,3,RENT,PERSONAL,1
65,81700.0,635,0.19,0.533,79.5,33600.0,5,11295.0,7,RENT,EDUCATION,0
55,43600.0,564,0.31,0.051,89.2,10200.0,4,332.0,7,MORTGAGE,DEBTCONSOLIDATION,0
50,35500.0,675,0.186,0.696,72.5,15600.0,4,9268.0,6,MORTGAGE,DEBTCONSOLIDATION,1
44,59500.0,749,0.193,0.431,94.8,16400.0,6,5558.0,5,RENT,DEBTCONSOLIDATION,0
62,65000.0,587,0.062,0.462,90.9,11400.0,2,2954.0,3,MORTGAGE,DEBTCONSOLIDATION,0
50,344900.0,623,0.04,0.504,56.9,6900.0,11,10139.0,6,RENT,PERSONAL,0
34,53600.0,707,0.125,0.474,77.0,8400.0,9,3336.0,4,RENT,VENTURE,0
26,30400.0,760,0.12,0.242,84.5,11600.0,6,1192.0,8,MORTGAGE,PERSONAL,0
23,70500.0,558,0.3,0.21,100.0,7700.0,6,1813.0,4,RENT,VENTURE,0
36,18000.0,657,0.096,0.607,67.6,13300.0,2,1944.0,3,RENT,PERSONAL,1
27,56700.0,691,0.151,0.412,61.3,7900.0,8,8355.0,5,MORTGAGE,EDUCATION,0
34,60500.0,662,0.294,0.3,84.7,7100.0,13,1212.0,7,RENT,VENTURE,0
29,96400.0,484,0.195,0.529,69.9,4400.0,7,16850.0,6,MORTGAGE,PERSONAL,0
35,107400.0,707,0.112,0.157,81.1,43400.0,0,3356.0,7,RENT,VENTURE,0
41,44300.0,783,0.027,0.404,73.2,12500.0,7,6573.0,2,RENT,PERSONAL,0
55,54700.0,678,0.195,0.128,93.1,8300.0,3,1985.0,8,OWN,DEBTCONSOLIDATION,0
22,37800.0,592,0.277,0.254,90.9,6700.0,4,1034.0,2,RENT,MEDICAL,1
47,30400.0,631,0.313,0.375,74.7,9100.0,23,4398.0,4,MORTGAGE,PERSONAL,0
22,72100.0,802,0.386,0.432,100.0,3600.0,2,3244.0,1,RENT,EDUCATION,0
55,27900.0,738,0.279,0.606,82.8,8800.0,2,2835.0,4,MORTGAGE,MEDICAL,1
38,46700.0,718,0.34,0.564,86.0,21900.0,1,10340.0,6,MORTGAGE,MEDICAL,1
34,33000.0,696,0.078,0.457,74.1,8500.0,0,1872.0,6,OWN,VENTURE,0
40,83300.0,620,0.44,0.196,73.2,20600.0,0,4423.0,4,MORTGAGE,DEBTCONSOLIDATION,0
38,176500.0,654,0.297,0.516,100.0,25400.0,3,35713.0,6,RENT,EDUCATION,0
30,27400.0,664,0.292,0.621,83.4,21000.0,12,4954.0,9,RENT,PERSONAL,1
45,19700.0,711,0.218,0.432,84.7,13700.0,8,2400.0,7,RENT,EDUCATION,1
22,55600.0,783,0.117,0.518,75.9,30400.0,1,7705.0,5,MORTGAGE,PERSONAL,1
45,60400.0,753,0.089,0.318,85.3,29300.0,4,4694.0,7,MORTGAGE,DEBTCONSOLIDATION,0
53,68300.0,563,0.094,0.234,82.2,8100.0,9,6108.0,7,RENT,PERSONAL,0
56,45800.0,686,0.219,0.374,81.8,7300.0,3,4116.0,5,RENT,EDUCATION,0
51,53100.0,725,0.224,0.482,100.0,9800.0,12,7221.0,7,RENT,PERSONAL,0
34,74600.0,716,0.353,0.455,83.6,10700.0,11,10475.0,8,MORTGAGE,MEDICAL,0
21,111800.0,622,0.271,0.374,68.4,30300.0,2,9813.0,5,RENT,PERSONAL,1
66,18500.0,850,0.35,0.711,88.0,23400.0,10,4744.0,8,MORTGAGE,VENTURE,1
36,48000.0,574,0.137,0.621,77.6,14700.0,4,1728.0,5,RENT,MEDICAL,1
66,68100.0,588,0.221,0.612,69.8,15100.0,3,7850.0,5,MORTGAGE,MEDICAL,0
23,34500.0,687,0.45,0.632,73.4,6200.0,7,5796.0,6,MORTGAGE,DEBTCONSOLIDATION,1
55,169200.0,828,0.069,0.162,95.1,28800.0,7,1553.0,5,MORTGAGE,EDUCATION,0
61,40900.0,607,0.115,0.528,69.7,15100.0,5,8161.0,6,RENT,EDUCATION,1
26,58400.0,650,0.421,0.357,70.3,6400.0,8,7073.0,9,OWN,MEDICAL,0
45,83600.0,750,0.27,0.285,82.8,4100.0,15,3018.0,9,OWN,EDUCATION,0
33,42000.0,668,0.389,0.534,78.1,5500.0,10,3726.0,2,MORTGAGE,DEBTCONSOLIDATION,0
54,19800.0,644,0.128,0.48,70.2,14100.0,0,2728.0,3,RENT,MEDICAL,1
28,46300.0,712,0.067,0.595,93.0,2200.0,9,4666.0,8,MORTGAGE,PERSONAL,0
41,111000.0,690,0.144,0.358,76.9,5900.0,7,13903.0,12,MORTGAGE,EDUCATION,0
54,48900.0,747,0.403,0.616,66.5,18700.0,13,4126.0,5,RENT,MEDICAL,1
24,36000.0,766,0.417,0.183,85.6,9800.0,6,2216.0,9,RENT,VENTURE,0
45,104300.0,693,0.147,0.382,91.8,3900.0,10,8471.0,2,RENT,VENTURE,0
35,49100.0,691,0.357,0.476,87.6,8600.0,0,4877.0,5,MORTGAGE,VENTURE,0
24,44100.0,686,0.334,0.352,89.9,12500.0,19,1691.0,7,RENT,DEBTCONSOLIDATION,0
65,65500.0,706,0.233,0.167,89.7,25800.0,1,4312.0,4,MORTGAGE,PERSONAL,0
32,95100.0,674,0.12,0.28,78.8,18400.0,9,4545.0,7,RENT,MEDICAL,1
52,250000.0,669,0.228,0.213,76.4,17900.0,13,6476.0,4,MORTGAGE,MEDICAL,0
52,98400.0,759,0.027,0.241,73.9,22100.0,0,1455.0,5,OWN,DEBTCONSOLIDATION,0
48,120100.0,783,0.148,0.586,81.9,4100.0,12,15675.0,8,MORTGAGE,DEBTCONSOLIDATION,0
33,44200.0,556,0.193,0.792,62.4,31900.0,8,2146.0,4,MORTGAGE,MEDICAL,1
51,32400.0,670,0.072,0.167,68.1,32000.0,12,1133.0,8,RENT,PERSONAL,1
34,62200.0,618,0.136,0.254,97.9,8700.0,0,5781.0,7,RENT,DEBTCONSOLIDATION,0
40,63900.0,646,0.106,0.333,92.8,2000.0,7,4773.0,3,MORTGAGE,PERSONAL,0
38,31300.0,700,0.093,0.582,83.9,33900.0,3,1187.0,7,RENT,MEDICAL,1
49,53900.0,720,0.383,0.31,100.0,2000.0,1,2382.0,4,OWN,MEDICAL,0
26,76100.0,661,0.369,0.429,86.6,17400.0,7,2189.0,5,OWN,PERSONAL,0
52,74300.0,526,0.155,0.285,82.3,9700.0,3,7596.0,6,RENT,EDUCATION,0
49,81000.0,597,0.193,0.352,65.8,8800.0,11,3822.0,8,RENT,VENTURE,1
63,71300.0,737,0.237,0.561,78.7,9900.0,6,2911.0,7,MORTGAGE,VENTURE,0
22,44200.0,464,0.159,0.729,93.8,14700.0,0,12489.0,3,RENT,VENTURE,1
43,44000.0,759,0.141,0.668,88.7,3000.0,1,6481.0,6,MORTGAGE,MEDICAL,0
39,29200.0,709,0.171,0.613,100.0,11700.0,1,3436.0,8,RENT,EDUCATION,0
51,174700.0,768,0.028,0.392,82.3,4900.0,2,25645.0,8,RENT,PERSONAL,0
25,60400.0,655,0.169,0.479,51.3,9400.0,5,6822.0,3,MORTGAGE,MEDICAL,0
39,52300.0,515,0.235,0.502,86.6,15000.0,11,3899.0,9,RENT,MEDICAL,1
54,34300.0,702,0.094,0.552,52.6,24700.0,4,6195.0,3,OWN,MEDICAL,1
30,348500.0,765,0.133,0.287,76.3,8000.0,6,14515.0,7,RENT,DEBTCONSOLIDATION,0
45,31400.0,739,0.204,0.625,92.7,46800.0,1,4023.0,8,OWN,PERSONAL,1
22,46300.0,620,0.373,0.515,100.0,7100.0,3,7895.0,5,RENT,VENTURE,0
31,76800.0,676,0.168,0.191,69.6,7300.0,3,5516.0,4,MORTGAGE,PERSONAL,0
51,85800.0,630,0.187,0.715,86.8,27400.0,6,16077.0,6,OWN,VENTURE,0
35,106400.0,608,0.09,0.38,100.0,11200.0,3,9165.0,5,RENT,PERSONAL,0
29,177100.0,741,0.186,0.619,83.2,15200.0,2,8404.0,5,MORTGAGE,EDUCATION,0
43,81100.0,580,0.228,0.476,74.6,9500.0,1,10267.0,6,RENT,EDUCATION,1
39,31800.0,602,0.177,0.388,100.0,10300.0,1,2027.0,4,RENT,DEBTCONSOLIDATION,0
29,51300.0,587,0.041,0.547,93.9,17100.0,19,6456.0,4,RENT,MEDICAL,1
55,72000.0,558,0.196,0.373,82.8,32500.0,2,8342.0,4,MORTGAGE,EDUCATION,0
41,207100.0,680,0.104,0.424,63.7,14700.0,8,24066.0,7,MORTGAGE,PERSONAL,0
29,25900.0,757,0.013,0.557,77.7,18000.0,0,1211.0,4,MORTGAGE,EDUCATION,1
48,123200.0,656,0.095,0.806,73.2,26600.0,0,18771.0,4,RENT,VENTURE,1
66,66700.0,557,0.293,0.165,61.4,9600.0,5,1319.0,6,RENT,DEBTCONSOLIDATION,1
27,99000.0,732,0.106,0.333,98.2,6700.0,3,3392.0,7,MORTGAGE,PERSONAL,0
36,56300.0,796,0.243,0.343,88.9,6500.0,10,2455.0,7,RENT,PERSONAL,0
36,36100.0,621,0.185,0.536,73.5,7200.0,9,7203.0,3,MORTGAGE,MEDICAL,1
53,94000.0,634,0.167,0.353,75.0,6400.0,7,9934.0,6,RENT,DEBTCONSOLIDATION,0
24,88700.0,708,0.116,0.035,76.5,28800.0,8,1142.0,7,MORTGAGE,PERSONAL,0
24,107300.0,791,0.361,0.392,70.0,3600.0,10,9559.0,7,MORTGAGE,MEDICAL,1
59,59400.0,631,0.399,0.415,100.0,20200.0,7,1242.0,6,MORTGAGE,DEBTCONSOLIDATION,0
60,41800.0,570,0.214,0.776,73.4,5700.0,3,2013.0,2,RENT,PERSONAL,1
37,23500.0,717,0.215,0.419,78.1,46800.0,1,991.0,6,MORTGAGE,EDUCATION,1
57,97900.0,729,0.077,0.385,73.7,17700.0,7,12184.0,3,MORTGAGE,PERSONAL,0
59,77200.0,670,0.183,0.356,60.5,7200.0,1,3314.0,5,MORTGAGE,PERSONAL,0
49,33500.0,628,0.184,0.429,67.2,9100.0,1,1230.0,3,RENT,MEDICAL,1
56,43300.0,744,0.093,0.675,94.7,12600.0,0,10269.0,9,MORTGAGE,VENTURE,0
58,45200.0,709,0.41,0.537,78.1,20800.0,4,3155.0,4,RENT,DEBTCONSOLIDATION,1
59,24600.0,612,0.223,0.154,87.0,16900.0,1,856.0,4,MORTGAGE,EDUCATION,0
57,36700.0,673,0.25,0.37,87.5,13200.0,2,2292.0,7,MORTGAGE,EDUCATION,0
55,30300.0,568,0.19,0.225,87.5,8100.0,6,2480.0,5,RENT,MEDICAL,0
27,46700.0,721,0.255,0.526,73.7,10900.0,7,7287.0,3,RENT,DEBTCONSOLIDATION,1
47,38400.0,650,0.144,0.076,100.0,34200.0,1,610.0,14,RENT,PERSONAL,0
48,22600.0,637,0.27,0.281,93.1,59300.0,9,2236.0,6,RENT,PERSONAL,1
42,201500.0,667,0.113,0.237,87.7,28900.0,0,14535.0,9,MORTGAGE,DEBTCONSOLIDATION,0
34,126900.0,673,0.309,0.3,85.0,6800.0,21,12681.0,7,MORTGAGE,PERSONAL,0
27,37500.0,737,0.146,0.444,65.5,36400.0,2,6529.0,2,MORTGAGE,EDUCATION,1
57,70500.0,714,0.251,0.308,92.0,10600.0,1,2630.0,6,RENT,VENTURE,1
42,76900.0,658,0.197,0.374,80.4,13400.0,12,3476.0,10,MORTGAGE,EDUCATION,0
25,122400.0,727,0.091,0.19,72.3,5500.0,0,5692.0,9,MORTGAGE,MEDICAL,0
22,36600.0,700,0.379,0.218,69.7,14500.0,2,1886.0,9,MORTGAGE,VENTURE,0
47,115300.0,638,0.171,0.223,93.8,7700.0,2,9107.0,3,RENT,MEDICAL,0
41,43100.0,660,0.211,0.428,65.2,35000.0,2,1929.0,9,MORTGAGE,PERSONAL,1
58,26900.0,658,0.293,0.509,77.2,75000.0,9,2722.0,7,RENT,PERSONAL,1
35,92500.0,707,0.317,0.593,83.9,13300.0,9,12878.0,12,OWN,DEBTCONSOLIDATION,1
41,129900.0,642,0.336,0.413,80.2,18700.0,4,11398.0,6,MORTGAGE,DEBTCONSOLIDATION,0
30,282900.0,640,0.128,0.254,87.0,10800.0,23,5280.0,5,RENT,EDUCATION,0
43,29100.0,817,0.124,0.593,96.1,14500.0,9,1756.0,2,MORTGAGE,PERSONAL,0
59,91100.0,740,0.171,0.08,89.4,8800.0,5,756.0,8,RENT,EDUCATION,0
25,46800.0,612,0.343,0.474,82.8,16600.0,1,5737.0,4,RENT,DEBTCONSOLIDATION,1
21,95800.0,712,0.427,0.649,76.6,17700.0,3,12441.0,5,RENT,MEDICAL,1
33,24800.0,678,0.262,0.836,64.8,16500.0,1,2330.0,4,OWN,VENTURE,1
41,28100.0,699,0.033,0.321,81.2,22500.0,1,2777.0,5,MORTGAGE,VENTURE,0
46,37600.0,680,0.415,0.68,77.5,10400.0,5,8464.0,7,OWN,DEBTCONSOLIDATION,0
65,62800.0,759,0.245,0.104,88.3,75000.0,1,807.0,7,MORTGAGE,DEBTCONSOLIDATION,0
41,40800.0,695,0.149,0.448,80.4,8500.0,0,5538.0,3,RENT,MEDICAL,0
38,88900.0,665,0.185,0.437,94.5,8400.0,3,2807.0,3,RENT,MEDICAL,0
57,110900.0,748,0.213,0.269,76.7,2300.0,0,10429.0,5,OWN,PERSONAL,0
65,85800.0,687,0.397,0.568,75.3,22700.0,4,18858.0,11,MORTGAGE,DEBTCONSOLIDATION,0
52,158100.0,679,0.327,0.32,87.1,2000.0,11,5290.0,5,RENT,PERSONAL,1
56,76800.0,693,0.04,0.73,83.3,10500.0,1,18230.0,8,RENT,VENTURE,1
37,28800.0,662,0.198,0.472,86.6,7900.0,2,1143.0,4,RENT,VENTURE,1
55,135700.0,670,0.089,0.065,80.4,4900.0,12,3409.0,7,RENT,EDUCATION,0
31,41600.0,625,0.35,0.207,82.3,14000.0,6,1793.0,5,MORTGAGE,PERSONAL,0
41,103400.0,613,0.307,0.349,78.4,46000.0,0,8565.0,8,RENT,EDUCATION,1
46,153900.0,595,0.114,0.237,83.6,22300.0,2,11576.0,2,RENT,PERSONAL,0
24,78700.0,565,0.219,0.804,96.8,7800.0,7,8673.0,4,MORTGAGE,MEDICAL,0
54,24400.0,604,0.379,0.261,75.9,53800.0,5,1207.0,3,MORTGAGE,PERSONAL,1
38,34500.0,656,0.292,0.222,74.7,8000.0,0,571.0,7,RENT,PERSONAL,1
60,132400.0,677,0.172,0.289,85.8,28700.0,0,10144.0,6,RENT,MEDICAL,1
55,54100.0,649,0.156,0.595,79.8,4000.0,5,10615.0,2,MORTGAGE,PERSONAL,0
61,62800.0,493,0.212,0.843,99.0,11400.0,4,18431.0,7,MORTGAGE,EDUCATION,0
49,94400.0,788,0.41,0.244,90.4,5800.0,0,5476.0,7,RENT,DEBTCONSOLIDATION,0
49,90900.0,751,0.128,0.93,92.3,57200.0,18,26885.0,2,RENT,PERSONAL,1
58,70800.0,703,0.298,0.741,93.3,8200.0,1,5376.0,5,MORTGAGE,PERSONAL,0
62,52800.0,813,0.06,0.717,74.1,6500.0,2,11743.0,4,MORTGAGE,DEBTCONSOLIDATION,0
41,49600.0,596,0.253,0.361,83.4,18500.0,0,924.0,7,RENT,EDUCATION,1
62,100200.0,811,0.047,0.256,90.1,11200.0,8,3032.0,5,MORTGAGE,EDUCATION,0
33,83500.0,597,0.26,0.365,82.1,60000.0,16,8294.0,5,MORTGAGE,MEDICAL,1
61,51300.0,687,0.298,0.524,71.2,16600.0,1,4360.0,5,MORTGAGE,EDUCATION,0
37,114600.0,574,0.12,0.145,93.1,14000.0,1,3219.0,7,MORTGAGE,VENTURE,0
29,55400.0,671,0.363,0.678,79.9,22100.0,6,12738.0,7,RENT,EDUCATION,1
61,35900.0,698,0.306,0.387,85.6,11400.0,3,3472.0,8,MORTGAGE,PERSONAL,0
21,38000.0,658,0.178,0.393,89.0,15800.0,0,2832.0,3,RENT,MEDICAL,1
22,33300.0,723,0.298,0.375,100.0,7400.0,13,2660.0,8,RENT,MEDICAL,1
49,50800.0,677,0.02,0.675,84.5,8600.0,4,11897.0,9,MORTGAGE,EDUCATION,0
53,125500.0,630,0.397,0.588,57.8,7000.0,1,16232.0,7,RENT,EDUCATION,1
30,36900.0,627,0.052,0.552,84.2,17600.0,3,7259.0,4,OWN,DEBTCONSOLIDATION,0
60,67000.0,730,0.1,0.225,85.4,8400.0,3,2058.0,8,RENT,VENTURE,0
41,40400.0,620,0.016,0.076,62.0,23100.0,3,727.0,6,MORTGAGE,PERSONAL,0
48,51200.0,738,0.219,0.438,99.7,7300.0,3,4018.0,5,RENT,EDUCATION,0
31,24200.0,761,0.061,0.263,50.2,6800.0,4,1635.0,11,RENT,VENTURE,1
54,52500.0,544,0.269,0.348,89.0,15800.0,2,4594.0,4,MORTGAGE,MEDICAL,0
28,53300.0,754,0.199,0.301,63.6,14700.0,0,4010.0,6,RENT,DEBTCONSOLIDATION,1
42,82800.0,824,0.048,0.176,94.8,24300.0,5,3421.0,6,RENT,VENTURE,0
28,68500.0,688,0.204,0.498,88.8,5800.0,7,7131.0,6,OWN,PERSONAL,0
35,29200.0,714,0.126,0.662,99.7,4600.0,9,7126.0,7,MORTGAGE,EDUCATION,0
37,114800.0,747,0.278,0.467,88.2,31300.0,0,7708.0,6,RENT,DEBTCONSOLIDATION,0
43,67900.0,649,0.082,0.737,86.3,5200.0,2,10103.0,7,MORTGAGE,EDUCATION,0
44,67400.0,683,0.151,0.541,78.1,23900.0,19,4519.0,3,MORTGAGE,MEDICAL,0
65,59500.0,571,0.137,0.408,61.2,2600.0,0,4037.0,3,RENT,DEBTCONSOLIDATION,0
39,43900.0,680,0.227,0.207,100.0,19900.0,7,1246.0,4,MORTGAGE,PERSONAL,0
25,68200.0,707,0.121,0.544,76.2,13300.0,0,10552.0,5,MORTGAGE,PERSONAL,0
52,79600.0,708,0.363,0.43,86.1,17700.0,8,10188.0,8,RENT,EDUCATION,0
64,21000.0,749,0.293,0.498,72.1,22900.0,5,1536.0,10,OWN,VENTURE,1
21,43300.0,611,0.235,0.501,69.1,25900.0,6,8553.0,8,RENT,EDUCATION,1
43,51400.0,630,0.406,0.663,82.7,18500.0,18,5094.0,8,OWN,EDUCATION,0
57,69800.0,812,0.03,0.269,87.0,24000.0,14,6383.0,9,OWN,EDUCATION,0
28,122500.0,658,0.284,0.576,100.0,29300.0,1,10754.0,5,MORTGAGE,DEBTCONSOLIDATION,1
33,37700.0,685,0.313,0.575,94.1,32600.0,2,4219.0,3,RENT,MEDICAL,1
28,44400.0,664,0.13,0.26,85.4,19200.0,2,3263.0,9,MORTGAGE,PERSONAL,0
43,44000.0,608,0.225,0.395,81.3,6900.0,0,4261.0,6,RENT,DEBTCONSOLIDATION,1
63,37000.0,791,0.241,0.322,86.1,11200.0,2,2707.0,7,RENT,PERSONAL,1
21,48600.0,630,0.068,0.683,78.9,12500.0,19,10887.0,2,RENT,EDUCATION,0
65,95100.0,585,0.28,0.734,85.1,8300.0,3,20781.0,10,MORTGAGE,VENTURE,0
44,31800.0,636,0.329,0.111,72.5,6000.0,15,1306.0,7,MORTGAGE,MEDICAL,0
55,77400.0,519,0.165,0.163,75.4,25500.0,0,1650.0,4,RENT,EDUCATION,0
44,21600.0,621,0.077,0.42,81.4,16500.0,0,505.0,9,MORTGAGE,DEBTCONSOLIDATION,0
37,42800.0,597,0.064,0.373,85.9,8400.0,4,6385.0,3,RENT,VENTURE,0
25,49100.0,716,0.121,0.612,80.6,13700.0,6,4483.0,3,RENT,MEDICAL,1
40,163600.0,619,0.357,0.842,84.3,16500.0,1,8958.0,8,RENT,DEBTCONSOLIDATION,1
41,50800.0,736,0.236,0.829,71.1,6000.0,3,5751.0,7,MORTGAGE,DEBTCONSOLIDATION,0
60,18000.0,774,0.212,0.275,67.6,7600.0,10,1406.0,6,MORTGAGE,EDUCATION,0
51,18000.0,728,0.255,0.512,81.4,10700.0,7,2358.0,7,MORTGAGE,EDUCATION,0
66,61100.0,653,0.319,0.541,61.8,12000.0,1,4044.0,11,MORTGAGE,EDUCATION,1
56,86500.0,680,0.229,0.61,92.3,4400.0,2,6077.0,5,MORTGAGE,EDUCATION,0
31,75000.0,555,0.534,0.265,65.5,22500.0,1,4085.0,3,RENT,PERSONAL,1
35,66200.0,659,0.202,0.446,77.3,13700.0,6,1616.0,3,MORTGAGE,MEDICAL,0
39,120300.0,605,0.353,0.194,88.0,11200.0,17,1186.0,10,RENT,EDUCATION,0
27,43300.0,722,0.399,0.585,93.0,8100.0,1,6735.0,6,MORTGAGE,EDUCATION,0
48,102400.0,850,0.248,0.39,89.7,6600.0,4,6544.0,7,RENT,MEDICAL,1
63,22500.0,707,0.157,0.475,87.8,13500.0,22,624.0,4,MORTGAGE,VENTURE,0
25,34800.0,520,0.131,0.396,100.0,14900.0,0,2907.0,6,RENT,DEBTCONSOLIDATION,1
25,20200.0,642,0.174,0.277,69.4,53000.0,5,2112.0,10,RENT,DEBTCONSOLIDATION,1
50,50800.0,679,0.185,0.394,85.8,56500.0,2,2787.0,5,MORTGAGE,EDUCATION,1
52,58200.0,676,0.3,0.444,89.6,9200.0,23,3563.0,5,MORTGAGE,DEBTCONSOLIDATION,0
28,64100.0,615,0.131,0.564,86.3,6800.0,0,7729.0,9,RENT,MEDICAL,1
30,62100.0,688,0.116,0.431,76.4,5500.0,3,2729.0,3,RENT,DEBTCONSOLIDATION,0
58,34300.0,576,0.062,0.215,88.5,14200.0,1,2015.0,5,MORTGAGE,VENTURE,0
67,53400.0,599,0.378,0.121,87.7,5600.0,0,2221.0,7,MORTGAGE,VENTURE,0
52,24400.0,718,0.208,0.61,96.9,5100.0,16,1758.0,6,RENT,EDUCATION,0
48,135700.0,593,0.039,0.544,87.7,8000.0,4,20711.0,5,MORTGAGE,EDUCATION,0
37,49900.0,710,0.173,0.235,59.2,8700.0,6,4231.0,7,RENT,DEBTCONSOLIDATION,0
51,44700.0,567,0.115,0.388,91.5,8000.0,4,6349.0,9,RENT,MEDICAL,0
28,155300.0,802,0.268,0.409,77.2,4300.0,0,15467.0,3,MORTGAGE,PERSONAL,0
60,28400.0,611,0.001,0.497,79.7,12500.0,0,1458.0,2,MORTGAGE,EDUCATION,0
45,30500.0,653,0.132,0.384,68.3,12400.0,4,3288.0,3,RENT,PERSONAL,1
29,31000.0,694,0.075,0.654,83.6,34100.0,7,6228.0,2,MORTGAGE,PERSONAL,0
22,57500.0,627,0.157,0.271,100.0,5600.0,4,4893.0,7,MORTGAGE,DEBTCONSOLIDATION,0
35,77600.0,680,0.252,0.135,94.8,19300.0,4,3950.0,4,RENT,MEDICAL,1
23,93300.0,713,0.282,0.497,67.8,46600.0,6,12304.0,3,MORTGAGE,DEBTCONSOLIDATION,0
56,280200.0,742,0.244,0.258,79.6,4800.0,1,15408.0,5,OWN,MEDICAL,0
24,18000.0,729,0.101,0.179,94.1,6200.0,6,728.0,3,RENT,MEDICAL,0
34,86300.0,657,0.083,0.409,79.8,5500.0,2,5737.0,8,MORTGAGE,DEBTCONSOLIDATION,0
61,42900.0,659,0.087,0.262,57.4,18300.0,5,787.0,5,RENT,VENTURE,0
61,42100.0,846,0.142,0.339,75.4,17800.0,1,4297.0,3,MORTGAGE,PERSONAL,0
45,41300.0,741,0.031,0.784,98.6,26000.0,0,1844.0,4,MORTGAGE,VENTURE,0
30,34700.0,600,0.052,0.589,100.0,14100.0,0,1481.0,9,MORTGAGE,DEBTCONSOLIDATION,0
41,164500.0,677,0.016,0.37,79.9,47100.0,8,10161.0,8,RENT,EDUCATION,0
56,99200.0,644,0.049,0.879,78.7,19500.0,1,32775.0,9,OWN,PERSONAL,0
32,60700.0,659,0.095,0.217,54.5,32200.0,2,2886.0,7,RENT,EDUCATION,1
47,134700.0,577,0.107,0.269,80.8,14900.0,7,4541.0,4,RENT,PERSONAL,0
60,24200.0,639,0.035,0.487,75.1,10200.0,2,4289.0,10,MORTGAGE,PERSONAL,0
22,26900.0,805,0.212,0.191,59.3,11800.0,1,1285.0,3,OWN,VENTURE,0
33,18000.0,713,0.28,0.626,70.6,34900.0,1,2022.0,2,OWN,EDUCATION,1
52,39400.0,483,0.369,0.46,66.3,23300.0,2,5446.0,4,RENT,DEBTCONSOLIDATION,1
51,66000.0,761,0.308,0.179,82.7,22300.0,4,2415.0,12,RENT,EDUCATION,0
36,63700.0,751,0.121,0.435,100.0,26800.0,2,8465.0,5,RENT,DEBTCONSOLIDATION,0
52,65500.0,643,0.296,0.066,80.2,16100.0,11,547.0,4,OWN,PERSONAL,0
52,25700.0,723,0.212,0.172,85.1,75000.0,0,453.0,9,MORTGAGE,PERSONAL,1
54,96900.0,605,0.236,0.51,100.0,11400.0,2,10444.0,8,RENT,VENTURE,0
31,69100.0,634,0.112,0.336,59.1,14400.0,6,3758.0,9,RENT,VENTURE,0
30,93000.0,782,0.071,0.537,84.3,9800.0,11,13075.0,3,MORTGAGE,VENTURE,0
35,19200.0,649,0.148,0.396,95.7,18900.0,2,2479.0,3,MORTGAGE,EDUCATION,0
37,72200.0,529,0.058,0.496,85.8,3900.0,5,13090.0,9,MORTGAGE,PERSONAL,0
60,29400.0,665,0.243,0.674,62.5,2000.0,4,6265.0,4,RENT,PERSONAL,1
38,47200.0,664,0.159,0.698,100.0,8500.0,1,5588.0,1,MORTGAGE,DEBTCONSOLIDATION,0
29,82500.0,759,0.177,0.329,92.1,20100.0,5,8267.0,2,RENT,DEBTCONSOLIDATION,0
45,63200.0,671,0.367,0.248,85.2,27400.0,1,3691.0,6,OWN,DEBTCONSOLIDATION,0
60,35900.0,638,0.074,0.165,65.4,5500.0,7,2175.0,9,OWN,EDUCATION,0
34,60100.0,748,0.023,0.331,100.0,4200.0,10,5916.0,5,OWN,VENTURE,0
45,23900.0,679,0.236,0.383,89.0,8100.0,3,939.0,4,MORTGAGE,EDUCATION,0
42,119400.0,613,0.142,0.517,87.4,8000.0,0,4774.0,6,MORTGAGE,DEBTCONSOLIDATION,0
50,52900.0,756,0.204,0.12,89.0,15600.0,6,1526.0,7,RENT,MEDICAL,1
40,117100.0,684,0.283,0.537,93.5,14600.0,3,11178.0,6,RENT,DEBTCONSOLIDATION,0
41,43700.0,670,0.494,0.327,83.4,37300.0,0,1555.0,9,MORTGAGE,VENTURE,1
64,43700.0,683,0.33,0.121,80.6,10000.0,2,1741.0,5,MORTGAGE,PERSONAL,0
52,37900.0,589,0.161,0.415,55.1,5300.0,1,2853.0,8,RENT,PERSONAL,1
66,101300.0,630,0.092,0.401,72.6,16500.0,6,3254.0,5,MORTGAGE,DEBTCONSOLIDATION,0
41,39100.0,670,0.211,0.508,100.0,6800.0,2,2816.0,4,RENT,MEDICAL,0
55,88100.0,655,0.095,0.347,72.0,6900.0,4,8771.0,6,MORTGAGE,EDUCATION,0
52,47600.0,765,0.245,0.707,78.4,43900.0,3,9314.0,4,MORTGAGE,DEBTCONSOLIDATION,1
50,18300.0,686,0.426,0.278,68.2,25600.0,6,722.0,9,RENT,PERSONAL,1
59,42500.0,734,0.532,0.628,88.1,9900.0,6,4522.0,7,MORTGAGE,MEDICAL,1
32,29500.0,670,0.226,0.432,78.9,47800.0,2,859.0,5,RENT,EDUCATION,1
61,61100.0,749,0.123,0.667,78.5,23900.0,0,15635.0,4,MORTGAGE,PERSONAL,0
67,29300.0,699,0.193,0.267,72.4,17500.0,2,1287.0,9,MORTGAGE,VENTURE,0
38,104400.0,671,0.177,0.442,87.0,8300.0,0,17318.0,7,RENT,DEBTCONSOLIDATION,0
41,56700.0,669,0.065,0.396,99.7,3200.0,15,7519.0,8,MORTGAGE,DEBTCONSOLIDATION,0
33,53800.0,598,0.21,0.468,61.7,7300.0,14,4213.0,10,MORTGAGE,MEDICAL,0
41,88700.0,708,0.115,0.436,78.4,9500.0,3,11329.0,11,RENT,PERSONAL,0
28,106800.0,666,0.165,0.311,80.1,5800.0,0,7167.0,5,MORTGAGE,EDUCATION,0
66,59200.0,632,0.226,0.409,72.8,14600.0,2,9487.0,6,RENT,MEDICAL,1
60,37700.0,752,0.399,0.782,95.9,3200.0,11,8062.0,8,MORTGAGE,DEBTCONSOLIDATION,0
66,20700.0,576,0.379,0.119,96.0,33900.0,1,571.0,12,OWN,EDUCATION,1
27,39700.0,638,0.125,0.361,84.8,9700.0,4,3917.0,5,RENT,EDUCATION,0
43,41300.0,747,0.253,0.332,73.9,22400.0,1,1743.0,6,RENT,DEBTCONSOLIDATION,1
64,63800.0,693,0.358,0.65,95.8,22200.0,8,6521.0,4,OWN,EDUCATION,0
52,48700.0,666,0.115,0.859,78.5,5600.0,11,12527.0,7,MORTGAGE,DEBTCONSOLIDATION,0
31,90500.0,688,0.236,0.618,93.7,3900.0,4,4435.0,5,RENT,EDUCATION,0
42,41400.0,683,0.116,0.374,100.0,8500.0,4,2414.0,6,OWN,VENTURE,0
42,57900.0,556,0.203,0.194,82.0,17400.0,2,2997.0,7,MORTGAGE,DEBTCONSOLIDATION,0
63,121800.0,643,0.23,0.204,83.9,14700.0,6,9901.0,6,MORTGAGE,DEBTCONSOLIDATION,0
45,73500.0,791,0.34,0.744,73.6,30200.0,3,20451.0,6,MORTGAGE,EDUCATION,1
42,57800.0,620,0.402,0.215,94.2,17600.0,6,4241.0,5,MORTGAGE,DEBTCONSOLIDATION,0
48,41700.0,646,0.356,0.138,84.5,18500.0,17,1296.0,3,RENT,VENTURE,0
49,40900.0,629,0.337,0.141,66.9,7600.0,8,1913.0,7,RENT,PERSONAL,1
33,35900.0,663,0.181,0.381,73.4,11200.0,3,3360.0,6,RENT,VENTURE,1
38,43300.0,626,0.087,0.538,100.0,11400.0,19,4903.0,3,RENT,DEBTCONSOLIDATION,0
22,94200.0,706,0.043,0.164,79.1,20600.0,4,1981.0,5,MORTGAGE,PERSONAL,0
49,52400.0,684,0.339,0.428,68.8,22600.0,0,8586.0,3,RENT,PERSONAL,1
41,26600.0,728,0.34,0.486,84.3,11400.0,6,3353.0,8,MORTGAGE,PERSONAL,0
35,173000.0,591,0.184,0.326,75.6,11600.0,8,16151.0,8,RENT,MEDICAL,1
47,72500.0,644,0.379,0.228,79.8,17100.0,0,1643.0,10,OWN,VENTURE,0
51,25700.0,653,0.173,0.617,88.5,51700.0,5,3184.0,5,RENT,EDUCATION,1
35,45900.0,704,0.252,0.768,86.1,4000.0,12,13664.0,7,MORTGAGE,PERSONAL,0
43,64000.0,610,0.413,0.279,82.4,7000.0,1,5628.0,6,MORTGAGE,EDUCATION,1
44,166500.0,738,0.034,0.381,74.6,7200.0,4,22773.0,7,MORTGAGE,VENTURE,0
64,30800.0,758,0.204,0.348,60.6,5300.0,1,2021.0,6,RENT,PERSONAL,1
33,107500.0,595,0.272,0.593,100.0,7700.0,7,4671.0,8,RENT,MEDICAL,0
42,138600.0,633,0.081,0.208,100.0,17400.0,4,4988.0,7,RENT,MEDICAL,0
63,41100.0,630,0.265,0.411,82.3,25900.0,2,3068.0,5,MORTGAGE,VENTURE,1
57,50700.0,850,0.092,0.243,92.0,15700.0,0,1914.0,5,RENT,EDUCATION,0
53,32200.0,637,0.248,0.444,81.6,15500.0,14,3350.0,4,MORTGAGE,DEBTCONSOLIDATION,0
23,53000.0,795,0.203,0.511,72.7,7000.0,3,3175.0,9,RENT,DEBTCONSOLIDATION,0
39,58600.0,575,0.344,0.276,82.9,2100.0,8,6117.0,7,MORTGAGE,DEBTCONSOLIDATION,0
43,88900.0,595,0.095,0.151,83.7,17400.0,2,4935.0,2,RENT,PERSONAL,0
49,115200.0,618,0.131,0.39,99.9,34000.0,9,6360.0,11,MORTGAGE,EDUCATION,0
50,38200.0,606,0.312,0.454,83.1,26100.0,0,4822.0,10,RENT,PERSONAL,1
59,18400.0,649,0.095,0.478,100.0,12500.0,1,1982.0,11,MORTGAGE,PERSONAL,0
64,59100.0,616,0.207,0.075,80.1,14100.0,2,610.0,2,RENT,DEBTCONSOLIDATION,0
67,71400.0,608,0.255,0.442,75.2,35700.0,0,11487.0,2,RENT,PERSONAL,1
45,69500.0,756,0.199,0.245,99.9,8200.0,2,2228.0,5,RENT,EDUCATION,0
57,49200.0,761,0.297,0.525,98.7,9700.0,3,6938.0,6,RENT,EDUCATION,1
67,64500.0,741,0.361,0.567,82.9,3800.0,0,6121.0,3,MORTGAGE,VENTURE,0
28,148600.0,709,0.258,0.787,86.1,18500.0,2,39662.0,5,MORTGAGE,EDUCATION,0
62,75300.0,676,0.075,0.1,85.4,9400.0,1,2011.0,7,RENT,EDUCATION,0
36,47900.0,632,0.138,0.251,84.5,10800.0,10,4105.0,9,RENT,EDUCATION,0
28,44400.0,598,0.129,0.492,77.5,21500.0,3,3751.0,10,MORTGAGE,MEDICAL,1
21,54100.0,697,0.274,0.513,100.0,7900.0,15,1496.0,7,MORTGAGE,PERSONAL,0
64,159900.0,581,0.126,0.302,77.2,18900.0,2,6161.0,9,OWN,MEDICAL,1
25,53600.0,595,0.024,0.484,88.7,19600.0,2,8692.0,3,MORTGAGE,DEBTCONSOLIDATION,0
23,59200.0,756,0.383,0.271,84.3,10400.0,2,2581.0,5,MORTGAGE,DEBTCONSOLIDATION,0
21,44800.0,812,0.079,0.224,51.8,24000.0,1,1625.0,5,RENT,MEDICAL,1
24,115800.0,699,0.159,0.285,83.4,12400.0,7,6844.0,2,MORTGAGE,DEBTCONSOLIDATION,0
60,194100.0,752,0.257,0.388,78.6,22000.0,1,11006.0,2,MORTGAGE,PERSONAL,0
55,78500.0,651,0.16,0.352,75.3,8700.0,1,9187.0,6,MORTGAGE,MEDICAL,0
52,62900.0,569,0.165,0.474,69.5,20100.0,0,4848.0,9,MORTGAGE,EDUCATION,0
62,61200.0,715,0.554,0.692,100.0,10400.0,16,11070.0,5,OWN,DEBTCONSOLIDATION,0
54,18000.0,712,0.136,0.817,68.6,16900.0,10,3057.0,9,OWN,EDUCATION,1
63,93600.0,675,0.382,0.432,79.7,17100.0,1,6089.0,4,RENT,PERSONAL,0
45,64900.0,651,0.136,0.13,75.7,10100.0,3,1205.0,5,RENT,VENTURE,0
30,77400.0,742,0.337,0.809,69.3,9900.0,3,14130.0,5,RENT,MEDICAL,1
41,39100.0,596,0.067,0.158,91.2,11500.0,0,765.0,4,RENT,PERSONAL,0
66,47500.0,611,0.09,0.676,87.3,14000.0,3,5490.0,9,MORTGAGE,VENTURE,0
59,46800.0,594,0.323,0.876,76.0,20000.0,0,2615.0,5,MORTGAGE,MEDICAL,1
47,110500.0,676,0.14,0.176,71.0,15800.0,2,6352.0,3,RENT,VENTURE,0
47,47700.0,588,0.488,0.739,88.3,2000.0,0,2301.0,6,RENT,VENTURE,1
22,208900.0,618,0.219,0.521,87.2,24300.0,4,38669.0,7,OWN,MEDICAL,0
61,77500.0,617,0.238,0.147,80.3,17700.0,0,759.0,7,MORTGAGE,VENTURE,0
33,27900.0,650,0.139,0.388,99.2,30500.0,4,3755.0,7,MORTGAGE,DEBTCONSOLIDATION,1
29,55400.0,558,0.068,0.417,100.0,24200.0,6,6364.0,4,RENT,EDUCATION,0
56,40500.0,676,0.16,0.872,75.9,9900.0,4,8020.0,9,RENT,DEBTCONSOLIDATION,1
42,18000.0,763,0.028,0.573,100.0,5900.0,3,1039.0,4,OWN,PERSONAL,0
62,156300.0,680,0.291,0.189,78.7,47300.0,0,4132.0,5,MORTGAGE,DEBTCONSOLIDATION,0
46,91300.0,785,0.118,0.505,78.9,32800.0,0,13442.0,11,MORTGAGE,PERSONAL,0
32,82400.0,770,0.216,0.144,90.6,22500.0,2,2720.0,7,OWN,MEDICAL,0
37,66100.0,728,0.253,0.267,86.2,7700.0,7,4060.0,2,RENT,MEDICAL,0
34,26100.0,675,0.12,0.391,82.4,5400.0,5,986.0,6,OWN,PERSONAL,0
34,44800.0,671,0.224,0.082,59.0,9900.0,0,795.0,3,RENT,PERSONAL,1
54,99200.0,727,0.155,0.329,62.8,24400.0,5,8374.0,10,MORTGAGE,DEBTCONSOLIDATION,0
40,31900.0,640,0.144,0.44,66.6,2500.0,4,1303.0,5,RENT,EDUCATION,1
31,18000.0,528,0.21,0.596,82.1,8000.0,0,4195.0,2,MORTGAGE,PERSONAL,1
36,52200.0,706,0.139,0.107,75.8,75000.0,7,1902.0,7,RENT,DEBTCONSOLIDATION,1
51,55000.0,585,0.408,0.486,77.5,10400.0,8,4307.0,4,OWN,DEBTCONSOLIDATION,1
26,64900.0,597,0.062,0.507,78.4,13700.0,1,8133.0,4,RENT,MEDICAL,1
39,92700.0,670,0.177,0.541,93.7,13100.0,5,12319.0,7,MORTGAGE,MEDICAL,0
57,87800.0,662,0.073,0.286,91.3,44700.0,2,2193.0,8,RENT,PERSONAL,0
24,69900.0,564,0.486,0.491,77.0,10700.0,0,6980.0,4,MORTGAGE,DEBTCONSOLIDATION,0
67,122700.0,682,0.382,0.238,78.3,3800.0,9,3584.0,5,RENT,PERSONAL,0
24,24100.0,742,0.362,0.287,71.6,27500.0,8,1153.0,6,RENT,MEDICAL,1
40,81000.0,585,0.014,0.309,78.0,6300.0,1,9520.0,11,MORTGAGE,DEBTCONSOLIDATION,0
30,87200.0,765,0.239,0.29,97.6,4700.0,3,6144.0,12,RENT,EDUCATION,0
44,28500.0,552,0.168,0.412,93.0,38900.0,3,862.0,7,RENT,PERSONAL,1
55,24300.0,828,0.323,0.778,86.6,22500.0,0,5394.0,9,RENT,PERSONAL,1
46,38300.0,639,0.186,0.464,69.1,10300.0,0,7100.0,5,RENT,PERSONAL,0
57,40300.0,680,0.153,0.522,81.4,30000.0,9,2287.0,9,RENT,EDUCATION,1
58,94100.0,528,0.258,0.552,77.4,26400.0,10,15013.0,2,RENT,MEDICAL,1
41,41400.0,665,0.284,0.281,80.2,8300.0,6,3938.0,8,OWN,EDUCATION,0
60,35800.0,687,0.187,0.458,91.5,15300.0,0,5664.0,4,RENT,EDUCATION,1
59,41500.0,663,0.293,0.306,94.9,12400.0,11,3780.0,9,MORTGAGE,PERSONAL,0
41,117100.0,627,0.171,0.566,100.0,8400.0,19,24421.0,7,MORTGAGE,VENTURE,0
30,60300.0,599,0.242,0.593,71.2,13800.0,7,2190.0,4,RENT,DEBTCONSOLIDATION,0
58,53800.0,754,0.472,0.439,96.8,22900.0,2,1711.0,6,RENT,EDUCATION,1
66,56000.0,672,0.183,0.591,80.4,6900.0,2,3213.0,5,RENT,MEDICAL,1
24,130000.0,785,0.305,0.65,73.4,23800.0,10,5506.0,4,MORTGAGE,PERSONAL,0
65,38200.0,630,0.27,0.333,100.0,3600.0,1,1170.0,8,MORTGAGE,PERSONAL,0
40,131800.0,637,0.149,0.745,100.0,15600.0,0,32986.0,2,MORTGAGE,PERSONAL,0
37,67900.0,731,0.212,0.28,78.6,8000.0,8,6916.0,4,OWN,PERSONAL,0
27,54400.0,548,0.13,0.607,73.3,40300.0,1,5534.0,6,RENT,MEDICAL,1
24,268500.0,578,0.116,0.619,60.9,4300.0,11,63990.0,6,MORTGAGE,VENTURE,0
49,31800.0,752,0.164,0.451,97.1,11300.0,4,2818.0,7,MORTGAGE,DEBTCONSOLIDATION,0
34,48400.0,582,0.072,0.357,57.4,7500.0,4,1904.0,4,MORTGAGE,DEBTCONSOLIDATION,0
23,28600.0,533,0.261,0.256,80.3,9000.0,7,2112.0,5,MORTGAGE,EDUCATION,0
44,106000.0,810,0.173,0.313,71.3,6000.0,0,6540.0,12,MORTGAGE,PERSONAL,0
57,165000.0,565,0.459,0.736,98.7,15100.0,6,6898.0,4,MORTGAGE,MEDICAL,1
36,163100.0,683,0.115,0.219,100.0,15700.0,4,13867.0,5,RENT,DEBTCONSOLIDATION,0
24,124800.0,675,0.379,0.628,61.6,4000.0,3,20320.0,6,MORTGAGE,VENTURE,0
44,53200.0,459,0.517,0.721,83.0,20700.0,1,10152.0,8,OWN,MEDICAL,1
54,48100.0,649,0.241,0.779,85.2,4400.0,8,14761.0,8,MORTGAGE,VENTURE,0
50,22000.0,703,0.163,0.162,78.5,13600.0,1,1218.0,4,RENT,PERSONAL,1
38,203100.0,696,0.188,0.258,74.3,45900.0,3,9271.0,7,RENT,EDUCATION,1
39,79300.0,737,0.303,0.286,100.0,7300.0,0,1466.0,7,MORTGAGE,PERSONAL,0
51,44600.0,640,0.228,0.547,75.7,10800.0,18,3119.0,6,RENT,DEBTCONSOLIDATION,1
39,132800.0,723,0.06,0.499,100.0,7700.0,1,11467.0,2,MORTGAGE,PERSONAL,0
66,33400.0,618,0.077,0.206,74.1,8400.0,8,2656.0,10,MORTGAGE,PERSONAL,0
39,76400.0,564,0.42,0.223,91.3,16600.0,1,6151.0,5,MORTGAGE,DEBTCONSOLIDATION,0
42,54000.0,572,0.037,0.768,92.0,41300.0,1,2386.0,4,MORTGAGE,DEBTCONSOLIDATION,0
44,87800.0,560,0.116,0.046,74.0,13000.0,2,1597.0,2,MORTGAGE,VENTURE,0
65,57600.0,745,0.386,0.846,60.7,30800.0,9,6822.0,5,RENT,DEBTCONSOLIDATION,1
32,25100.0,556,0.202,0.555,71.7,8000.0,5,4477.0,10,OWN,PERSONAL,0
50,62700.0,690,0.393,0.544,67.8,29000.0,10,3097.0,7,RENT,VENTURE,1
58,112300.0,650,0.249,0.406,91.9,42800.0,0,5795.0,5,RENT,PERSONAL,1
51,58800.0,662,0.133,0.049,77.4,31300.0,15,654.0,7,RENT,EDUCATION,0
56,95300.0,772,0.189,0.591,98.5,22300.0,0,16686.0,8,MORTGAGE,EDUCATION,0
39,32000.0,637,0.062,0.239,88.9,20800.0,6,1307.0,5,MORTGAGE,DEBTCONSOLIDATION,0
65,58900.0,715,0.227,0.331,79.7,7900.0,1,6934.0,7,MORTGAGE,PERSONAL,0
56,41200.0,672,0.233,0.676,83.0,4800.0,9,10558.0,5,RENT,EDUCATION,1
50,93700.0,658,0.01,0.178,66.1,21300.0,9,1549.0,6,RENT,VENTURE,0
53,61000.0,842,0.074,0.29,79.7,7700.0,4,5334.0,11,RENT,VENTURE,0
38,90600.0,561,0.034,0.657,83.7,8100.0,2,5724.0,9,RENT,MEDICAL,1
48,115000.0,766,0.284,0.572,77.4,4700.0,7,11134.0,5,RENT,DEBTCONSOLIDATION,0
67,90700.0,719,0.346,0.143,75.2,8900.0,10,4369.0,5,RENT,PERSONAL,0
31,70500.0,634,0.085,0.41,94.1,28600.0,6,4848.0,9,MORTGAGE,PERSONAL,0
65,32900.0,792,0.006,0.152,70.7,26100.0,11,1838.0,6,RENT,PERSONAL,1
53,59800.0,531,0.256,0.302,89.0,5300.0,4,3504.0,7,MORTGAGE,DEBTCONSOLIDATION,0
37,43500.0,630,0.211,0.572,95.2,6800.0,5,3942.0,5,RENT,MEDICAL,1
26,48700.0,579,0.329,0.354,87.9,3800.0,4,6830.0,5,RENT,EDUCATION,0
24,47800.0,700,0.149,0.52,67.5,17300.0,3,5084.0,10,RENT,PERSONAL,1
40,33300.0,586,0.2,0.204,83.4,15200.0,5,2101.0,4,MORTGAGE,PERSONAL,0
67,18500.0,702,0.085,0.605,92.7,16200.0,4,2908.0,4,RENT,MEDICAL,1
47,40100.0,656,0.378,0.132,78.5,9800.0,6,640.0,5,OWN,MEDICAL,0
35,67200.0,634,0.37,0.477,71.8,21200.0,13,7216.0,4,OWN,PERSONAL,0
26,26700.0,699,0.396,0.316,71.3,10900.0,2,650.0,6,MORTGAGE,PERSONAL,1
67,60400.0,649,0.156,0.203,85.9,26100.0,2,3655.0,5,RENT,VENTURE,1
34,187200.0,588,0.213,0.607,78.0,6200.0,0,26320.0,7,RENT,EDUCATION,1
31,110600.0,850,0.027,0.469,74.6,24600.0,3,4815.0,1,RENT,EDUCATION,0
59,160500.0,633,0.135,0.551,56.8,18100.0,0,28155.0,2,MORTGAGE,MEDICAL,1
29,75700.0,503,0.075,0.511,100.0,21200.0,6,12827.0,5,MORTGAGE,PERSONAL,0
46,120600.0,606,0.211,0.15,78.2,10600.0,7,5551.0,5,RENT,PERSONAL,0
36,38800.0,574,0.277,0.437,91.8,45600.0,6,2801.0,7,MORTGAGE,EDUCATION,1
25,40700.0,731,0.261,0.457,98.1,8100.0,3,5638.0,7,RENT,EDUCATION,0
30,18000.0,694,0.242,0.279,100.0,66000.0,3,1267.0,5,MORTGAGE,EDUCATION,1
23,122000.0,699,0.244,0.428,90.2,18300.0,5,12551.0,6,MORTGAGE,MEDICAL,0
33,150900.0,642,0.259,0.6,86.0,29800.0,4,25085.0,7,MORTGAGE,DEBTCONSOLIDATION,0
63,43000.0,649,0.213,0.223,63.4,37000.0,6,2594.0,5,RENT,DEBTCONSOLIDATION,1
50,51400.0,642,0.132,0.61,57.7,23100.0,11,10337.0,5,MORTGAGE,PERSONAL,0
65,38100.0,663,0.076,0.308,53.4,49700.0,3,4636.0,7,MORTGAGE,EDUCATION,1
26,75300.0,732,0.246,0.78,80.0,25900.0,0,17867.0,5,RENT,PERSONAL,1
37,117600.0,695,0.059,0.74,70.0,22300.0,0,17807.0,4,MORTGAGE,MEDICAL,1
65,21000.0,707,0.259,0.543,76.2,18600.0,2,2413.0,8,RENT,EDUCATION,1
39,76500.0,707,0.341,0.521,99.2,17500.0,3,2401.0,7,RENT,EDUCATION,1
62,50700.0,736,0.116,0.378,88.2,29300.0,1,2031.0,6,MORTGAGE,PERSONAL,0
55,64100.0,691,0.24,0.533,81.8,7400.0,3,4437.0,4,MORTGAGE,DEBTCONSOLIDATION,0
66,78900.0,696,0.362,0.229,84.3,12000.0,0,7166.0,5,RENT,VENTURE,0
46,53500.0,759,0.038,0.374,73.6,19100.0,1,6345.0,6,MORTGAGE,PERSONAL,0
25,56300.0,620,0.121,0.386,76.3,8000.0,6,2163.0,4,OWN,PERSONAL,0
49,52700.0,605,0.098,0.239,65.4,26300.0,21,2827.0,6,RENT,PERSONAL,0
57,107200.0,581,0.152,0.441,91.3,11500.0,1,5897.0,7,RENT,MEDICAL,0
40,77000.0,683,0.255,0.519,100.0,5500.0,2,6161.0,4,MORTGAGE,DEBTCONSOLIDATION,0
41,68300.0,530,0.305,0.422,98.3,8700.0,2,7540.0,7,RENT,VENTURE,0
30,27900.0,704,0.035,0.615,82.3,26200.0,1,4455.0,10,RENT,MEDICAL,1
25,47700.0,661,0.186,0.375,93.5,6400.0,1,6352.0,9,RENT,VENTURE,0
56,102700.0,755,0.035,0.095,88.5,6800.0,0,1050.0,13,MORTGAGE,MEDICAL,0
26,61200.0,619,0.448,0.558,84.1,19200.0,11,7653.0,7,RENT,VENTURE,1
46,88900.0,654,0.445,0.6,86.2,5300.0,5,13847.0,7,MORTGAGE,DEBTCONSOLIDATION,1
24,172800.0,754,0.15,0.718,66.2,19900.0,1,46609.0,10,RENT,MEDICAL,1
59,111700.0,773,0.053,0.379,76.2,3200.0,1,9769.0,9,RENT,MEDICAL,1
59,63300.0,618,0.137,0.498,73.8,18600.0,4,5335.0,9,MORTGAGE,MEDICAL,0
55,44100.0,683,0.046,0.425,63.9,12500.0,5,2854.0,2,RENT,DEBTCONSOLIDATION,0
21,18000.0,692,0.207,0.142,88.9,41900.0,1,321.0,6,OWN,MEDICAL,1
44,54100.0,698,0.192,0.47,90.4,3400.0,2,9836.0,7,RENT,PERSONAL,0
56,49200.0,650,0.29,0.377,51.6,8500.0,1,4842.0,9,MORTGAGE,DEBTCONSOLIDATION,1
26,75700.0,766,0.115,0.485,81.8,19200.0,0,5736.0,5,MORTGAGE,PERSONAL,0
61,54600.0,528,0.111,0.639,77.9,12900.0,2,10843.0,5,MORTGAGE,PERSONAL,0
66,49400.0,638,0.114,0.462,74.5,9400.0,3,3452.0,9,RENT,PERSONAL,0
64,20600.0,703,0.105,0.611,62.2,3900.0,5,2849.0,7,RENT,PERSONAL,1
51,34100.0,704,0.212,0.485,82.7,17900.0,2,977.0,5,MORTGAGE,MEDICAL,0
40,79700.0,771,0.266,0.52,82.2,65200.0,20,14352.0,6,RENT,DEBTCONSOLIDATION,1
44,167600.0,759,0.254,0.696,77.5,8000.0,4,44886.0,7,RENT,PERSONAL,1
45,56500.0,648,0.325,0.566,91.7,14100.0,10,11289.0,6,RENT,PERSONAL,1
56,72900.0,767,0.229,0.237,91.2,17100.0,12,1899.0,3,RENT,EDUCATION,0
41,106000.0,616,0.155,0.363,59.6,10100.0,8,13038.0,8,MORTGAGE,EDUCATION,0
50,36800.0,739,0.402,0.596,91.2,13000.0,1,3760.0,4,RENT,DEBTCONSOLIDATION,1
44,74600.0,805,0.252,0.818,70.5,6500.0,2,23048.0,9,RENT,VENTURE,1
64,38400.0,761,0.045,0.504,78.7,5100.0,0,2994.0,8,OWN,PERSONAL,0
62,100600.0,677,0.337,0.232,100.0,38300.0,3,1897.0,11,MORTGAGE,EDUCATION,0
50,65600.0,645,0.054,0.62,81.5,12300.0,1,14175.0,6,RENT,MEDICAL,1
42,71600.0,555,0.109,0.206,94.3,19600.0,0,1340.0,14,RENT,PERSONAL,0
48,37400.0,693,0.302,0.552,79.0,18200.0,9,4944.0,6,MORTGAGE,VENTURE,0
27,91500.0,586,0.164,0.557,93.2,6900.0,5,9254.0,9,MORTGAGE,DEBTCONSOLIDATION,0
55,209200.0,610,0.09,0.286,81.3,5400.0,35,18841.0,5,MORTGAGE,DEBTCONSOLIDATION,0
48,32700.0,580,0.134,0.37,78.8,8700.0,3,3776.0,5,RENT,PERSONAL,1
34,48800.0,635,0.319,0.17,83.5,15600.0,2,2668.0,4,RENT,DEBTCONSOLIDATION,1
30,68800.0,667,0.107,0.467,68.6,7500.0,1,2318.0,5,MORTGAGE,MEDICAL,0
36,96000.0,690,0.133,0.2,75.8,9600.0,2,6728.0,2,RENT,MEDICAL,0
36,42800.0,624,0.486,0.304,89.3,3300.0,1,2774.0,9,MORTGAGE,MEDICAL,0
51,18000.0,750,0.163,0.275,92.1,13000.0,23,627.0,6,RENT,EDUCATION,0
62,135300.0,654,0.111,0.397,71.1,14100.0,1,8305.0,5,MORTGAGE,VENTURE,0
45,94500.0,610,0.454,0.403,100.0,13300.0,0,13937.0,9,RENT,EDUCATION,0
33,21000.0,686,0.254,0.558,100.0,6600.0,0,610.0,5,MORTGAGE,VENTURE,0
26,41600.0,817,0.355,0.404,70.9,6700.0,11,5556.0,5,MORTGAGE,DEBTCONSOLIDATION,0
64,153400.0,695,0.169,0.108,76.5,6200.0,5,6186.0,4,RENT,PERSONAL,0
29,142700.0,642,0.238,0.617,81.6,9900.0,7,12108.0,5,RENT,EDUCATION,0
65,105200.0,555,0.407,0.554,96.6,8100.0,1,19681.0,5,MORTGAGE,PERSONAL,0
56,53900.0,653,0.325,0.592,88.9,35900.0,4,3395.0,4,RENT,EDUCATION,1
63,62900.0,687,0.258,0.521,78.3,47300.0,6,1825.0,7,RENT,EDUCATION,1
40,55400.0,640,0.131,0.902,66.8,25200.0,1,13072.0,4,RENT,VENTURE,1
38,117800.0,545,0.187,0.63,58.5,14300.0,6,20496.0,9,RENT,EDUCATION,1
63,35400.0,606,0.27,0.367,85.4,10700.0,4,1332.0,9,MORTGAGE,DEBTCONSOLIDATION,0
41,36900.0,779,0.132,0.346,100.0,7400.0,1,2928.0,7,MORTGAGE,EDUCATION,0
24,109800.0,777,0.128,0.312,82.0,14000.0,0,6335.0,8,MORTGAGE,MEDICAL,0
53,58300.0,603,0.306,0.465,87.0,11900.0,1,2079.0,6,MORTGAGE,EDUCATION,0
47,136900.0,720,0.305,0.153,84.5,6500.0,4,4770.0,7,RENT,PERSONAL,0
27,40000.0,581,0.18,0.104,62.3,7700.0,4,1060.0,7,MORTGAGE,VENTURE,0
26,57900.0,775,0.103,0.466,100.0,3400.0,3,3400.0,6,RENT,EDUCATION,0
35,34400.0,688,0.365,0.502,72.5,6600.0,1,5335.0,2,RENT,MEDICAL,1
38,60100.0,741,0.243,0.161,72.4,17700.0,2,730.0,10,RENT,MEDICAL,1
52,24700.0,541,0.1,0.74,87.6,27500.0,0,4439.0,4,MORTGAGE,MEDICAL,1
31,44700.0,720,0.477,0.237,73.4,19300.0,5,1655.0,7,OWN,EDUCATION,0
40,25300.0,669,0.287,0.625,66.4,9400.0,10,3204.0,7,MORTGAGE,PERSONAL,1
44,90800.0,733,0.103,0.289,93.6,4200.0,3,9518.0,6,RENT,PERSONAL,0
35,92000.0,738,0.111,0.447,83.5,5800.0,1,11699.0,3,MORTGAGE,MEDICAL,0
27,21200.0,674,0.12,0.515,93.5,18200.0,8,1115.0,2,RENT,EDUCATION,1
41,133300.0,624,0.235,0.349,77.6,17800.0,1,16757.0,2,RENT,MEDICAL,1
62,267900.0,728,0.115,0.274,76.5,8500.0,4,13249.0,5,RENT,VENTURE,0
46,61500.0,665,0.245,0.223,85.0,10100.0,0,2324.0,8,RENT,MEDICAL,1
64,40800.0,604,0.25,0.185,86.2,51400.0,6,1702.0,7,RENT,MEDICAL,1
34,326000.0,600,0.091,0.19,74.3,3900.0,3,7548.0,5,RENT,DEBTCONSOLIDATION,0
57,27100.0,559,0.157,0.35,72.9,13500.0,2,3509.0,10,MORTGAGE,EDUCATION,0
41,60600.0,631,0.14,0.681,92.9,5700.0,13,8822.0,6,MORTGAGE,PERSONAL,0
38,66700.0,752,0.172,0.328,86.0,6000.0,3,4109.0,6,MORTGAGE,DEBTCONSOLIDATION,0
25,134200.0,683,0.09,0.856,85.3,17900.0,0,12618.0,8,MORTGAGE,PERSONAL,0
23,74300.0,630,0.122,0.248,58.3,43800.0,16,6098.0,7,RENT,MEDICAL,1
43,44400.0,730,0.095,0.072,85.1,20600.0,0,1226.0,8,OWN,DEBTCONSOLIDATION,0
46,33800.0,607,0.203,0.773,86.5,39900.0,3,9258.0,5,OWN,VENTURE,1
57,48800.0,677,0.164,0.561,78.2,3500.0,5,2916.0,6,MORTGAGE,DEBTCONSOLIDATION,0
44,32700.0,656,0.377,0.565,88.8,18800.0,11,5784.0,2,OWN,EDUCATION,0
39,61600.0,728,0.366,0.162,73.7,25200.0,5,1212.0,7,RENT,MEDICAL,1
45,42700.0,551,0.203,0.337,86.1,11300.0,8,915.0,5,MORTGAGE,PERSONAL,0
41,24400.0,606,0.295,0.493,63.7,23900.0,7,2641.0,5,MORTGAGE,VENTURE,1
32,127100.0,547,0.237,0.7,92.9,75000.0,1,25324.0,3,MORTGAGE,VENTURE,1
61,44400.0,650,0.088,0.451,72.7,14800.0,6,1872.0,6,MORTGAGE,MEDICAL,1
53,28000.0,760,0.146,0.155,87.2,10200.0,5,1137.0,4,MORTGAGE,DEBTCONSOLIDATION,0
24,54100.0,632,0.177,0.123,96.9,29600.0,1,2298.0,5,RENT,PERSONAL,0
62,62400.0,631,0.222,0.761,93.8,29000.0,0,5848.0,3,MORTGAGE,PERSONAL,1
27,21000.0,735,0.181,0.412,87.2,11100.0,6,1728.0,6,MORTGAGE,PERSONAL,0
42,73100.0,750,0.272,0.336,91.9,9100.0,17,5516.0,3,MORTGAGE,DEBTCONSOLIDATION,0
53,31900.0,663,0.106,0.5,99.9,29000.0,6,5438.0,5,MORTGAGE,PERSONAL,0
37,167100.0,721,0.4,0.742,83.4,9800.0,6,39674.0,7,MORTGAGE,PERSONAL,0
44,82000.0,589,0.241,0.675,93.6,12900.0,0,17671.0,5,MORTGAGE,VENTURE,0
54,47100.0,773,0.287,0.691,67.9,16500.0,1,9362.0,6,RENT,VENTURE,1
48,38300.0,831,0.05,0.552,73.3,11700.0,4,5628.0,8,MORTGAGE,PERSONAL,0
63,56200.0,709,0.234,0.405,100.0,13600.0,0,5192.0,10,MORTGAGE,VENTURE,0
61,86500.0,513,0.406,0.571,79.0,7500.0,5,8859.0,4,RENT,EDUCATION,1
59,59000.0,628,0.11,0.258,75.7,19800.0,0,3495.0,6,RENT,PERSONAL,1
42,52600.0,715,0.224,0.479,78.6,10100.0,2,8788.0,1,RENT,PERSONAL,1
37,62000.0,638,0.201,0.359,73.5,39100.0,1,5558.0,13,RENT,PERSONAL,1
54,41700.0,765,0.176,0.473,80.0,14500.0,0,7790.0,4,RENT,DEBTCONSOLIDATION,1
26,48700.0,714,0.186,0.076,69.4,27500.0,4,370.0,3,MORTGAGE,EDUCATION,0
66,18000.0,617,0.065,0.3,75.2,20800.0,2,1104.0,4,RENT,EDUCATION,1
26,107400.0,672,0.264,0.202,82.9,29300.0,0,2606.0,6,MORTGAGE,VENTURE,0
54,71600.0,602,0.114,0.762,100.0,9800.0,2,9700.0,4,RENT,MEDICAL,1
21,37600.0,656,0.262,0.225,81.5,5800.0,4,2761.0,8,MORTGAGE,DEBTCONSOLIDATION,0
30,187100.0,628,0.314,0.607,61.3,7100.0,0,38463.0,2,MORTGAGE,PERSONAL,1
41,63100.0,758,0.121,0.213,94.1,6800.0,4,821.0,21,MORTGAGE,PERSONAL,0
25,32200.0,828,0.214,0.544,91.7,7500.0,1,6721.0,7,MORTGAGE,DEBTCONSOLIDATION,0
22,100100.0,562,0.468,0.554,72.5,5900.0,1,19695.0,4,RENT,DEBTCONSOLIDATION,1
42,76000.0,525,0.222,0.505,91.5,12300.0,7,14075.0,10,RENT,EDUCATION,0
22,75900.0,651,0.18,0.172,80.4,22500.0,3,2374.0,7,RENT,PERSONAL,0
30,46400.0,556,0.135,0.285,99.3,5400.0,2,2961.0,4,MORTGAGE,PERSONAL,0
54,78500.0,673,0.197,0.217,100.0,8300.0,8,1856.0,8,RENT,PERSONAL,0
36,51200.0,726,0.063,0.075,86.8,27300.0,12,725.0,6,MORTGAGE,VENTURE,0
59,83600.0,782,0.221,0.527,91.2,4500.0,1,4148.0,3,MORTGAGE,EDUCATION,0
42,19100.0,685,0.191,0.731,100.0,13400.0,0,4917.0,6,RENT,EDUCATION,1
32,46200.0,655,0.106,0.917,93.5,20200.0,3,10735.0,7,RENT,EDUCATION,1
44,168300.0,521,0.069,0.699,87.5,57500.0,6,11481.0,4,MORTGAGE,PERSONAL,0
67,37800.0,671,0.125,0.499,80.7,2600.0,4,6746.0,5,MORTGAGE,PERSONAL,0
60,41700.0,675,0.091,0.225,68.4,5300.0,5,733.0,6,RENT,MEDICAL,1
58,45800.0,717,0.248,0.441,78.7,16400.0,5,7563.0,14,RENT,PERSONAL,0
30,28900.0,616,0.037,0.665,79.2,10300.0,15,1672.0,6,RENT,MEDICAL,1
55,18000.0,637,0.054,0.442,82.3,2000.0,10,2397.0,5,RENT,EDUCATION,0
52,52100.0,559,0.315,0.19,60.0,9800.0,0,2731.0,6,RENT,EDUCATION,1
27,65000.0,498,0.129,0.633,77.7,7100.0,3,13329.0,1,RENT,PERSONAL,1
41,58000.0,586,0.283,0.381,78.9,4200.0,3,5473.0,6,MORTGAGE,VENTURE,1
40,54900.0,552,0.068,0.17,65.3,10200.0,3,1610.0,12,MORTGAGE,MEDICAL,0
46,61400.0,695,0.362,0.228,86.9,5300.0,13,2044.0,8,MORTGAGE,VENTURE,0
24,110600.0,631,0.22,0.185,93.1,7300.0,1,7794.0,7,MORTGAGE,MEDICAL,0
66,53400.0,629,0.225,0.339,82.0,33200.0,4,3701.0,3,MORTGAGE,MEDICAL,0
42,42400.0,596,0.175,0.488,67.1,49300.0,11,7134.0,6,MORTGAGE,PERSONAL,1
35,50600.0,427,0.088,0.428,80.8,7100.0,0,6564.0,6,OWN,EDUCATION,0
60,84800.0,783,0.154,0.279,90.8,14500.0,10,6616.0,3,RENT,MEDICAL,0
41,139700.0,594,0.275,0.404,90.4,20700.0,7,21995.0,4,MORTGAGE,PERSONAL,0
35,41100.0,639,0.119,0.133,81.4,7400.0,1,1355.0,10,RENT,VENTURE,0
42,63500.0,560,0.042,0.226,86.9,6800.0,1,4399.0,6,OWN,DEBTCONSOLIDATION,0
48,73400.0,742,0.176,0.506,74.4,20900.0,1,12902.0,9,MORTGAGE,DEBTCONSOLIDATION,0
34,33000.0,680,0.124,0.436,90.9,11400.0,1,951.0,7,RENT,DEBTCONSOLIDATION,0
47,60600.0,608,0.249,0.336,77.1,11500.0,5,8118.0,11,MORTGAGE,DEBTCONSOLIDATION,0
61,24800.0,640,0.231,0.23,72.8,5900.0,20,809.0,4,MORTGAGE,PERSONAL,0
60,20700.0,795,0.079,0.111,93.4,6500.0,0,680.0,12,MORTGAGE,EDUCATION,0
48,74600.0,664,0.264,0.232,83.6,14000.0,1,6642.0,2,MORTGAGE,VENTURE,0
46,47600.0,656,0.256,0.39,83.0,9800.0,1,5887.0,9,RENT,PERSONAL,0
22,67600.0,599,0.301,0.02,88.4,14200.0,13,176.0,7,MORTGAGE,PERSONAL,0
45,59200.0,527,0.282,0.255,81.2,25800.0,4,2669.0,6,RENT,MEDICAL,1
23,33300.0,657,0.273,0.294,70.8,14800.0,1,1909.0,8,MORTGAGE,EDUCATION,0
28,58300.0,694,0.343,0.438,79.3,8500.0,8,6517.0,6,RENT,VENTURE,1
64,28600.0,752,0.381,0.66,64.1,25200.0,12,4927.0,6,RENT,EDUCATION,1
53,137900.0,501,0.216,0.556,96.1,13100.0,2,24977.0,9,RENT,PERSONAL,0
62,26500.0,585,0.242,0.393,68.7,33400.0,0,3654.0,5,RENT,DEBTCONSOLIDATION,1
55,53200.0,626,0.127,0.293,100.0,8100.0,1,1268.0,5,OWN,VENTURE,0
26,32000.0,669,0.067,0.494,72.5,12300.0,1,2302.0,8,OWN,MEDICAL,0
59,84300.0,659,0.25,0.238,89.4,10500.0,1,3416.0,8,MORTGAGE,DEBTCONSOLIDATION,0
43,49100.0,660,0.244,0.267,100.0,14400.0,0,717.0,8,MORTGAGE,PERSONAL,0
45,43900.0,700,0.225,0.297,85.1,15700.0,10,2558.0,8,RENT,EDUCATION,0
63,99900.0,602,0.341,0.318,78.1,13300.0,0,5578.0,6,RENT,PERSONAL,0
39,60900.0,740,0.041,0.445,82.4,23500.0,2,6338.0,5,RENT,PERSONAL,0
25,81600.0,702,0.274,0.674,71.6,17800.0,0,4678.0,7,RENT,VENTURE,1
31,33200.0,646,0.08,0.297,57.7,73900.0,1,1922.0,3,RENT,MEDICAL,1
32,25800.0,790,0.261,0.611,89.2,75000.0,6,4084.0,13,RENT,EDUCATION,1
30,63900.0,786,0.041,0.835,57.7,8200.0,1,17679.0,5,RENT,DEBTCONSOLIDATION,0
28,49400.0,739,0.232,0.618,65.6,9200.0,33,9716.0,4,MORTGAGE,MEDICAL,0
44,87200.0,443,0.494,0.677,82.7,5400.0,0,11317.0,6,RENT,MEDICAL,1
48,57100.0,788,0.148,0.248,74.1,41300.0,0,2639.0,5,RENT,VENTURE,1
61,67700.0,729,0.126,0.359,87.9,9800.0,7,1534.0,3,MORTGAGE,PERSONAL,0
56,22600.0,820,0.312,0.499,100.0,15900.0,18,890.0,7,RENT,EDUCATION,0
57,185900.0,762,0.263,0.812,78.9,5700.0,15,53639.0,8,RENT,DEBTCONSOLIDATION,1
41,54300.0,788,0.122,0.349,74.7,14500.0,8,6293.0,5,MORTGAGE,PERSONAL,0
28,91000.0,735,0.213,0.557,100.0,3900.0,18,2908.0,8,RENT,DEBTCONSOLIDATION,0
29,36300.0,771,0.211,0.479,90.2,30800.0,9,6241.0,9,RENT,MEDICAL,1
67,72000.0,819,0.273,0.139,93.1,48200.0,0,2651.0,12,RENT,DEBTCONSOLIDATION,0
35,27400.0,686,0.321,0.206,92.1,21800.0,9,1866.0,5,MORTGAGE,PERSONAL,0
66,78500.0,552,0.252,0.683,79.0,6900.0,3,12111.0,9,RENT,VENTURE,1
60,48400.0,646,0.245,0.596,77.5,19700.0,3,2963.0,7,MORTGAGE,VENTURE,0
38,60900.0,699,0.149,0.362,70.6,15300.0,0,3856.0,5,RENT,PERSONAL,1
62,91000.0,675,0.421,0.219,90.7,35300.0,4,4135.0,8,MORTGAGE,VENTURE,0
40,28600.0,576,0.198,0.195,86.6,24200.0,5,1750.0,3,OWN,MEDICAL,0
26,39700.0,547,0.246,0.14,89.8,6300.0,7,1859.0,6,RENT,PERSONAL,0
32,78800.0,614,0.326,0.478,59.5,30100.0,1,11658.0,2,MORTGAGE,MEDICAL,1
22,210900.0,730,0.163,0.14,93.2,12600.0,0,6402.0,6,OWN,PERSONAL,0
27,55100.0,788,0.247,0.213,76.5,33600.0,2,3313.0,12,RENT,DEBTCONSOLIDATION,1
36,85400.0,738,0.238,0.398,56.8,4500.0,2,5215.0,5,RENT,DEBTCONSOLIDATION,0
23,56200.0,749,0.439,0.657,66.4,19300.0,6,14612.0,11,RENT,PERSONAL,1
65,192000.0,663,0.096,0.521,76.0,10900.0,1,10891.0,8,OWN,PERSONAL,0
23,21000.0,539,0.054,0.681,73.4,14300.0,0,4337.0,3,MORTGAGE,MEDICAL,1
47,63400.0,635,0.195,0.488,82.2,8300.0,2,3225.0,3,OWN,MEDICAL,0
63,22600.0,650,0.205,0.728,87.5,19000.0,4,2440.0,6,RENT,MEDICAL,1
60,18000.0,632,0.024,0.15,80.6,6900.0,1,843.0,5,MORTGAGE,VENTURE,0
58,71600.0,674,0.228,0.349,76.3,4500.0,0,7626.0,5,RENT,PERSONAL,0
53,65100.0,703,0.027,0.368,83.7,7900.0,2,2242.0,7,MORTGAGE,EDUCATION,0
48,50500.0,733,0.169,0.244,83.9,8000.0,16,3542.0,9,OWN,MEDICAL,0
21,56200.0,649,0.27,0.67,97.2,10700.0,17,4569.0,8,RENT,PERSONAL,0
28,350000.0,527,0.08,0.34,74.7,22000.0,6,46474.0,6,RENT,DEBTCONSOLIDATION,0
57,51300.0,633,0.252,0.624,80.7,7000.0,7,8357.0,6,RENT,VENTURE,1
52,81300.0,673,0.158,0.347,100.0,23200.0,1,1445.0,6,RENT,VENTURE,0
63,40600.0,761,0.207,0.217,67.4,20000.0,2,1083.0,5,RENT,EDUCATION,0
57,71500.0,627,0.25,0.34,77.6,27100.0,4,3169.0,6,RENT,MEDICAL,1
24,51900.0,708,0.185,0.718,71.0,10300.0,6,5086.0,12,RENT,PERSONAL,1
50,46800.0,691,0.268,0.516,67.0,39800.0,0,5916.0,8,RENT,MEDICAL,1
26,178300.0,673,0.241,0.198,84.7,10800.0,3,4306.0,8,RENT,PERSONAL,0
66,121300.0,739,0.297,0.529,98.0,25000.0,0,12479.0,2,RENT,PERSONAL,0
39,65000.0,620,0.032,0.661,100.0,43100.0,5,4755.0,2,RENT,EDUCATION,0
52,18000.0,626,0.359,0.317,81.5,31100.0,7,1617.0,8,RENT,MEDICAL,1
29,48200.0,669,0.188,0.36,88.1,12300.0,8,4321.0,6,RENT,PERSONAL,0
32,303100.0,621,0.107,0.463,88.5,6100.0,6,37897.0,7,MORTGAGE,PERSONAL,0
31,52100.0,708,0.082,0.36,79.5,6800.0,0,7288.0,7,OWN,MEDICAL,0
66,116100.0,616,0.114,0.568,97.4,6700.0,8,12513.0,8,MORTGAGE,VENTURE,0
36,142200.0,686,0.216,0.362,80.0,8300.0,2,6456.0,4,RENT,EDUCATION,1
21,68300.0,662,0.134,0.529,95.0,13000.0,9,14437.0,6,MORTGAGE,DEBTCONSOLIDATION,0
65,36100.0,686,0.305,0.443,77.7,21000.0,1,1125.0,6,OWN,DEBTCONSOLIDATION,1
41,18000.0,635,0.094,0.77,68.2,23100.0,3,4624.0,2,RENT,VENTURE,1
50,90300.0,644,0.239,0.597,68.9,26200.0,4,5755.0,4,RENT,DEBTCONSOLIDATION,1
33,36700.0,677,0.272,0.278,62.6,25100.0,0,2884.0,2,RENT,MEDICAL,1
54,66500.0,685,0.24,0.507,97.2,12300.0,11,7277.0,7,RENT,MEDICAL,0
24,28300.0,669,0.156,0.049,97.3,21100.0,3,477.0,5,MORTGAGE,PERSONAL,0
48,51100.0,797,0.125,0.463,73.4,11100.0,1,7237.0,2,RENT,MEDICAL,1
58,61100.0,595,0.266,0.463,69.2,16500.0,0,3121.0,6,MORTGAGE,MEDICAL,1
51,70300.0,665,0.142,0.202,72.7,11400.0,5,4016.0,9,MORTGAGE,MEDICAL,0
47,30700.0,551,0.148,0.664,84.1,13200.0,0,2568.0,7,RENT,PERSONAL,1
25,122800.0,697,0.142,0.592,70.8,10500.0,2,7942.0,4,MORTGAGE,EDUCATION,0
45,41900.0,586,0.313,0.537,88.6,3800.0,3,1787.0,5,MORTGAGE,DEBTCONSOLIDATION,0
23,21900.0,649,0.278,0.595,78.4,11100.0,1,1170.0,5,RENT,DEBTCONSOLIDATION,1
53,56100.0,642,0.05,0.491,95.0,20400.0,0,8163.0,5,RENT,MEDICAL,1
24,61100.0,691,0.265,0.527,90.1,26000.0,3,12791.0,6,MORTGAGE,EDUCATION,0
45,65900.0,628,0.048,0.12,68.5,18800.0,2,2266.0,6,OWN,VENTURE,0
40,135600.0,625,0.183,0.648,66.9,6800.0,0,26182.0,8,MORTGAGE,EDUCATION,1
54,52000.0,777,0.278,0.545,84.5,9400.0,1,9181.0,4,RENT,MEDICAL,1
46,55700.0,691,0.166,0.179,79.8,4300.0,3,3601.0,3,RENT,DEBTCONSOLIDATION,0
25,30900.0,627,0.024,0.431,97.3,21500.0,0,1914.0,5,MORTGAGE,PERSONAL,0
55,98000.0,651,0.349,0.311,86.7,7200.0,13,7973.0,8,OWN,VENTURE,0
48,66900.0,793,0.315,0.245,76.5,17300.0,7,2062.0,6,RENT,DEBTCONSOLIDATION,1
49,46500.0,652,0.194,0.831,100.0,18300.0,1,9041.0,7,RENT,PERSONAL,1
29,19100.0,618,0.209,0.472,76.9,7200.0,1,1109.0,9,MORTGAGE,PERSONAL,0
58,142400.0,618,0.289,0.348,65.9,16200.0,10,3588.0,7,MORTGAGE,VENTURE,0
26,28700.0,628,0.076,0.238,79.5,47400.0,2,553.0,7,OWN,EDUCATION,1
39,42000.0,625,0.1,0.41,72.3,10500.0,9,6745.0,7,RENT,PERSONAL,0
64,74200.0,574,0.148,0.314,93.8,28500.0,6,1214.0,10,RENT,MEDICAL,0
31,29200.0,585,0.535,0.391,68.4,16100.0,0,3329.0,8,RENT,DEBTCONSOLIDATION,1
22,24400.0,607,0.215,0.407,92.2,16500.0,8,3581.0,7,MORTGAGE,MEDICAL,1
67,18000.0,714,0.269,0.316,78.9,12500.0,3,1068.0,7,RENT,DEBTCONSOLIDATION,1
64,92300.0,641,0.262,0.403,63.0,25700.0,5,11079.0,3,RENT,MEDICAL,1
64,43200.0,654,0.224,0.085,87.1,12000.0,1,632.0,7,RENT,PERSONAL,0
29,346800.0,765,0.043,0.308,96.2,20300.0,0,25116.0,4,RENT,DEBTCONSOLIDATION,0
41,33000.0,767,0.056,0.227,83.2,25700.0,2,2828.0,6,MORTGAGE,EDUCATION,0
44,34400.0,648,0.28,0.2,79.7,27200.0,1,446.0,4,RENT,MEDICAL,1
54,42600.0,622,0.287,0.492,100.0,19800.0,2,3008.0,7,RENT,EDUCATION,0
42,69300.0,605,0.182,0.587,96.4,22700.0,0,3543.0,4,MORTGAGE,EDUCATION,0
23,45200.0,721,0.176,0.413,91.3,13600.0,11,4174.0,1,MORTGAGE,PERSONAL,0
32,86500.0,654,0.046,0.379,57.9,9900.0,0,10480.0,4,MORTGAGE,MEDICAL,0
48,33300.0,641,0.094,0.267,73.6,16800.0,7,3484.0,9,RENT,EDUCATION,0
50,26100.0,608,0.258,0.72,79.4,16900.0,14,1962.0,8,MORTGAGE,EDUCATION,0
46,20400.0,612,0.159,0.269,87.6,16900.0,0,359.0,9,RENT,PERSONAL,1
41,18000.0,694,0.28,0.299,92.8,29200.0,2,530.0,4,RENT,EDUCATION,1
48,43900.0,571,0.228,0.702,69.5,13700.0,6,11990.0,9,RENT,DEBTCONSOLIDATION,1
46,50000.0,744,0.196,0.589,89.0,5200.0,6,4772.0,5,RENT,DEBTCONSOLIDATION,0
53,41000.0,629,0.081,0.669,68.0,3200.0,0,3936.0,6,OWN,EDUCATION,0
41,126300.0,658,0.164,0.405,90.5,15200.0,0,15718.0,6,RENT,VENTURE,0
55,125100.0,569,0.17,0.227,68.8,27400.0,0,2619.0,7,MORTGAGE,DEBTCONSOLIDATION,0
54,49000.0,669,0.187,0.358,96.9,11500.0,4,3020.0,8,MORTGAGE,EDUCATION,0
61,20400.0,645,0.131,0.232,85.1,49800.0,0,477.0,7,MORTGAGE,PERSONAL,1
67,42600.0,666,0.231,0.087,77.4,15000.0,4,1449.0,3,MORTGAGE,PERSONAL,0
38,41800.0,780,0.393,0.409,85.6,71900.0,2,2561.0,7,RENT,DEBTCONSOLIDATION,1
31,40400.0,683,0.127,0.366,74.1,12600.0,5,2132.0,3,RENT,EDUCATION,0
43,39400.0,610,0.48,0.131,82.3,40400.0,7,1404.0,5,OWN,MEDICAL,1
42,40500.0,616,0.274,0.104,70.0,10000.0,7,235.0,5,MORTGAGE,DEBTCONSOLIDATION,0
37,47500.0,714,0.108,0.712,85.6,28300.0,0,9427.0,3,RENT,MEDICAL,1
25,40900.0,767,0.095,0.185,79.0,20300.0,14,1580.0,8,MORTGAGE,EDUCATION,0
64,67800.0,691,0.383,0.634,79.5,17200.0,4,4920.0,9,RENT,DEBTCONSOLIDATION,1
31,74300.0,721,0.052,0.524,81.5,17100.0,11,8574.0,7,MORTGAGE,PERSONAL,0
50,34700.0,715,0.157,0.559,71.3,36300.0,4,7752.0,6,RENT,VENTURE,1
35,128400.0,776,0.159,0.53,100.0,12000.0,3,23381.0,6,MORTGAGE,EDUCATION,0
47,33300.0,523,0.186,0.158,79.5,14600.0,6,2057.0,10,MORTGAGE,VENTURE,0
55,22700.0,720,0.278,0.196,95.2,75000.0,1,1665.0,5,MORTGAGE,MEDICAL,1
53,75200.0,743,0.108,0.342,68.0,19800.0,0,8671.0,6,RENT,DEBTCONSOLIDATION,1
40,36700.0,569,0.15,0.575,55.0,32100.0,0,3528.0,7,RENT,EDUCATION,1
36,72600.0,603,0.227,0.194,85.1,11400.0,9,4302.0,4,RENT,PERSONAL,0
54,18000.0,606,0.226,0.302,94.8,9300.0,12,1017.0,3,MORTGAGE,EDUCATION,0
22,138100.0,615,0.336,0.304,96.6,23200.0,8,8411.0,8,RENT,PERSONAL,0
55,89600.0,633,0.071,0.255,93.2,15800.0,11,8127.0,9,RENT,PERSONAL,0
60,24300.0,688,0.269,0.523,79.5,11800.0,20,1548.0,8,MORTGAGE,PERSONAL,0
48,24700.0,734,0.167,0.541,88.9,4200.0,3,2055.0,6,MORTGAGE,EDUCATION,0
67,163300.0,751,0.235,0.607,74.4,3900.0,0,37238.0,1,MORTGAGE,PERSONAL,0
59,38500.0,607,0.124,0.231,74.7,3500.0,4,2622.0,12,MORTGAGE,VENTURE,0
26,36300.0,606,0.289,0.358,84.6,17200.0,2,945.0,5,OWN,MEDICAL,0
29,18000.0,768,0.112,0.52,84.8,6400.0,2,866.0,9,RENT,DEBTCONSOLIDATION,1
40,48500.0,718,0.267,0.475,75.6,4000.0,6,5825.0,6,RENT,PERSONAL,1
21,52200.0,676,0.256,0.251,84.2,7300.0,0,4318.0,6,RENT,EDUCATION,0
28,92000.0,705,0.143,0.848,95.7,3500.0,0,25549.0,8,RENT,VENTURE,0
43,25900.0,667,0.445,0.384,71.4,8700.0,5,1976.0,6,RENT,EDUCATION,1
23,24000.0,709,0.261,0.344,90.1,8400.0,1,1160.0,8,RENT,EDUCATION,0
24,78500.0,644,0.109,0.16,65.6,19100.0,2,4091.0,6,MORTGAGE,EDUCATION,0
45,109500.0,690,0.208,0.324,61.8,15000.0,1,13497.0,6,RENT,MEDICAL,1
67,23300.0,556,0.11,0.444,85.6,9500.0,4,2125.0,5,MORTGAGE,EDUCATION,0
58,114600.0,618,0.249,0.222,81.2,21200.0,0,2494.0,4,RENT,MEDICAL,1
35,61200.0,619,0.291,0.149,83.4,5600.0,6,2402.0,9,RENT,DEBTCONSOLIDATION,0
41,115300.0,641,0.103,0.315,83.2,9600.0,12,2727.0,4,MORTGAGE,MEDICAL,0
55,57400.0,600,0.042,0.271,93.5,7700.0,9,4107.0,11,MORTGAGE,VENTURE,0
66,18000.0,629,0.033,0.644,88.4,12800.0,11,1281.0,8,RENT,VENTURE,0
34,54700.0,556,0.369,0.325,87.6,3100.0,13,4099.0,7,RENT,MEDICAL,0
56,113100.0,711,0.213,0.104,98.6,66100.0,2,3163.0,4,MORTGAGE,VENTURE,0
32,35000.0,663,0.21,0.39,92.8,17100.0,7,2817.0,7,RENT,MEDICAL,1
37,47400.0,542,0.155,0.32,84.2,17500.0,3,5150.0,5,MORTGAGE,PERSONAL,0
59,53900.0,607,0.115,0.65,94.7,3200.0,1,6347.0,8,MORTGAGE,VENTURE,0
29,18000.0,695,0.048,0.651,78.7,15600.0,6,1222.0,7,RENT,DEBTCONSOLIDATION,1
55,163200.0,629,0.385,0.415,79.0,11400.0,1,14383.0,5,RENT,DEBTCONSOLIDATION,1
33,34900.0,617,0.083,0.506,97.8,29200.0,0,6838.0,7,RENT,EDUCATION,1
35,81100.0,664,0.239,0.701,79.3,10900.0,6,20356.0,4,RENT,DEBTCONSOLIDATION,1
38,56800.0,695,0.242,0.581,86.9,10400.0,1,5243.0,1,MORTGAGE,PERSONAL,0
53,127300.0,562,0.147,0.645,86.2,12800.0,1,11080.0,4,MORTGAGE,EDUCATION,0
26,76400.0,711,0.1,0.468,83.9,35200.0,10,7836.0,2,RENT,PERSONAL,0
47,52000.0,609,0.228,0.382,100.0,4400.0,0,5548.0,4,MORTGAGE,EDUCATION,0
43,35000.0,668,0.125,0.349,80.5,3900.0,7,4573.0,9,RENT,PERSONAL,0
47,96600.0,667,0.084,0.218,100.0,2800.0,2,5574.0,6,OWN,VENTURE,0
54,19500.0,630,0.099,0.659,69.1,28500.0,11,4403.0,6,RENT,EDUCATION,1
66,88200.0,593,0.141,0.361,81.4,26200.0,2,9349.0,2,MORTGAGE,MEDICAL,0
58,31000.0,648,0.049,0.19,79.1,5700.0,2,504.0,3,RENT,MEDICAL,0
34,126900.0,791,0.023,0.594,91.3,4900.0,2,27296.0,5,OWN,EDUCATION,0
56,66000.0,567,0.036,0.586,65.7,26100.0,9,4635.0,4,RENT,PERSONAL,1
28,88100.0,796,0.186,0.297,86.6,4900.0,0,4666.0,6,MORTGAGE,MEDICAL,0
55,62900.0,650,0.023,0.767,93.1,10900.0,6,16600.0,3,MORTGAGE,PERSONAL,0
39,20900.0,672,0.027,0.381,78.1,9100.0,1,3127.0,7,MORTGAGE,PERSONAL,0
50,35700.0,588,0.327,0.478,74.5,75000.0,10,2708.0,5,RENT,VENTURE,1
34,89600.0,612,0.098,0.148,74.6,11900.0,2,2442.0,6,MORTGAGE,EDUCATION,0
40,66200.0,632,0.185,0.164,87.9,32600.0,2,2388.0,9,RENT,EDUCATION,0
45,121600.0,591,0.305,0.669,63.0,18400.0,6,18247.0,4,RENT,DEBTCONSOLIDATION,1
60,76300.0,654,0.112,0.24,66.3,9600.0,6,5725.0,4,RENT,PERSONAL,0
44,33500.0,639,0.3,0.222,83.0,8900.0,5,2499.0,2,MORTGAGE,PERSONAL,0
34,37100.0,808,0.187,0.656,89.0,14100.0,2,9659.0,1,RENT,EDUCATION,0
46,63700.0,582,0.237,0.109,85.3,14200.0,4,2302.0,6,OWN,MEDICAL,0
58,18000.0,677,0.351,0.303,89.2,9400.0,0,845.0,4,MORTGAGE,MEDICAL,0
43,163400.0,688,0.13,0.277,69.4,19700.0,15,7937.0,2,RENT,PERSONAL,0
42,78000.0,589,0.257,0.188,61.0,13700.0,3,3905.0,8,RENT,EDUCATION,0
39,125000.0,721,0.011,0.092,92.6,8200.0,1,3339.0,12,RENT,MEDICAL,0
66,23200.0,640,0.025,0.418,66.8,10400.0,9,790.0,8,RENT,DEBTCONSOLIDATION,0
23,126300.0,483,0.25,0.474,88.2,19100.0,1,10194.0,4,RENT,PERSONAL,0
62,228400.0,719,0.139,0.635,60.1,6400.0,29,17539.0,5,MORTGAGE,VENTURE,0
39,27100.0,586,0.193,0.395,90.1,6400.0,5,2438.0,8,RENT,EDUCATION,1
29,95100.0,591,0.081,0.468,82.0,5500.0,5,4853.0,7,RENT,DEBTCONSOLIDATION,0
48,59900.0,721,0.243,0.46,94.5,10400.0,0,6978.0,7,RENT,VENTURE,0
40,23700.0,643,0.361,0.576,91.5,11200.0,4,2915.0,3,RENT,EDUCATION,1
65,80500.0,738,0.166,0.385,77.9,6100.0,0,5931.0,15,RENT,MEDICAL,0
27,98700.0,760,0.196,0.608,75.4,13400.0,7,16631.0,5,RENT,EDUCATION,1
34,41700.0,621,0.195,0.395,85.8,13400.0,0,3224.0,8,OWN,VENTURE,0
29,120500.0,729,0.093,0.21,76.0,25600.0,2,4801.0,5,RENT,VENTURE,0
39,22000.0,613,0.145,0.604,42.7,25000.0,3,3693.0,5,MORTGAGE,VENTURE,1
67,24400.0,837,0.047,0.554,78.6,3300.0,8,947.0,8,MORTGAGE,EDUCATION,0
34,65000.0,618,0.439,0.295,71.7,16300.0,5,3861.0,10,RENT,PERSONAL,1
58,60800.0,746,0.257,0.239,75.6,3400.0,6,1720.0,14,MORTGAGE,PERSONAL,0
56,39000.0,733,0.244,0.432,85.6,19900.0,1,1070.0,3,MORTGAGE,MEDICAL,0
60,97300.0,693,0.198,0.502,96.9,19600.0,1,3035.0,9,RENT,MEDICAL,1
37,82300.0,619,0.467,0.74,100.0,6600.0,2,6618.0,3,MORTGAGE,PERSONAL,1
50,100200.0,658,0.018,0.692,87.9,16900.0,0,13998.0,2,MORTGAGE,MEDICAL,0
29,55600.0,508,0.063,0.417,74.9,6500.0,8,5758.0,10,RENT,EDUCATION,0
53,86000.0,686,0.314,0.468,93.6,12200.0,2,13224.0,7,RENT,PERSONAL,1
45,45800.0,696,0.34,0.85,63.9,14100.0,0,10227.0,4,MORTGAGE,EDUCATION,1
34,205300.0,680,0.164,0.191,73.7,11100.0,10,9098.0,8,RENT,MEDICAL,0
31,36800.0,447,0.401,0.433,79.2,22500.0,17,1000.0,4,MORTGAGE,VENTURE,1
55,211800.0,575,0.239,0.335,58.9,7700.0,5,10946.0,5,RENT,VENTURE,1
61,61100.0,613,0.482,0.346,85.0,19000.0,2,6179.0,11,RENT,MEDICAL,1
34,26200.0,691,0.308,0.651,72.1,5600.0,2,2468.0,9,RENT,PERSONAL,1
50,136100.0,691,0.23,0.702,84.9,3100.0,1,24652.0,5,RENT,MEDICAL,1
61,64600.0,657,0.153,0.459,78.8,4000.0,6,7750.0,10,MORTGAGE,PERSONAL,0
24,99800.0,717,0.296,0.335,71.9,6700.0,2,5242.0,5,MORTGAGE,EDUCATION,1
24,124800.0,593,0.066,0.506,70.0,21100.0,0,15791.0,1,RENT,VENTURE,0
48,73300.0,715,0.115,0.658,81.4,19600.0,0,4336.0,6,MORTGAGE,PERSONAL,0
28,42000.0,705,0.167,0.015,90.7,11400.0,4,192.0,9,MORTGAGE,MEDICAL,0
22,107500.0,698,0.35,0.327,90.3,3100.0,1,2035.0,5,RENT,VENTURE,0
61,59900.0,656,0.253,0.357,85.5,47800.0,0,1334.0,4,MORTGAGE,DEBTCONSOLIDATION,0
66,90400.0,807,0.295,0.511,88.9,4600.0,4,16380.0,2,MORTGAGE,PERSONAL,0
42,18000.0,706,0.299,0.236,82.9,17200.0,1,1075.0,4,RENT,DEBTCONSOLIDATION,1
61,78300.0,597,0.34,0.373,74.1,10000.0,0,3126.0,2,RENT,EDUCATION,1
36,40800.0,688,0.205,0.763,98.9,17700.0,1,8112.0,4,RENT,EDUCATION,1
49,161500.0,726,0.26,0.145,74.1,33700.0,7,4202.0,9,MORTGAGE,DEBTCONSOLIDATION,0
50,87000.0,625,0.24,0.321,100.0,15200.0,9,4034.0,7,RENT,MEDICAL,0
32,69100.0,751,0.344,0.709,89.6,22000.0,10,16362.0,7,RENT,DEBTCONSOLIDATION,0
55,80200.0,698,0.167,0.302,79.0,75000.0,3,5257.0,6,MORTGAGE,VENTURE,0
31,32900.0,494,0.12,0.422,66.6,27200.0,15,2120.0,4,MORTGAGE,EDUCATION,0
66,158600.0,692,0.041,0.349,86.0,4300.0,0,21050.0,7,OWN,PERSONAL,0
41,197800.0,639,0.169,0.352,81.4,2000.0,5,7503.0,9,MORTGAGE,MEDICAL,0
41,75800.0,710,0.12,0.563,96.6,19400.0,6,4255.0,6,MORTGAGE,EDUCATION,0
25,155500.0,740,0.198,0.36,69.5,9700.0,0,4705.0,5,RENT,MEDICAL,1
40,42600.0,684,0.05,0.366,94.7,23400.0,1,1459.0,3,MORTGAGE,VENTURE,0
57,37100.0,794,0.045,0.339,99.7,2200.0,14,1742.0,5,RENT,MEDICAL,0
23,61400.0,656,0.083,0.312,73.4,30200.0,7,5641.0,6,RENT,VENTURE,0
64,77700.0,716,0.424,0.416,90.9,12400.0,0,9217.0,6,MORTGAGE,VENTURE,0
53,47300.0,730,0.15,0.415,98.8,57700.0,3,6227.0,8,MORTGAGE,VENTURE,1
29,82700.0,662,0.197,0.322,98.3,13300.0,5,6696.0,6,RENT,MEDICAL,0
29,72000.0,728,0.335,0.533,94.6,19400.0,18,8535.0,6,MORTGAGE,DEBTCONSOLIDATION,0
24,32900.0,625,0.208,0.375,100.0,10300.0,6,2482.0,7,RENT,EDUCATION,0
55,81700.0,638,0.205,0.494,82.8,9700.0,5,14373.0,4,RENT,DEBTCONSOLIDATION,0
37,100500.0,571,0.088,0.394,81.5,16400.0,11,6740.0,7,OWN,MEDICAL,0
54,66400.0,688,0.375,0.691,100.0,10800.0,5,16611.0,7,RENT,MEDICAL,1
44,119600.0,694,0.116,0.503,53.7,8800.0,13,8810.0,8,OWN,PERSONAL,0
52,28800.0,758,0.11,0.724,78.6,17300.0,3,2191.0,6,RENT,DEBTCONSOLIDATION,1
21,79300.0,729,0.238,0.565,72.2,8900.0,6,6241.0,5,MORTGAGE,MEDICAL,1
28,29700.0,648,0.288,0.266,82.5,17700.0,4,1775.0,9,MORTGAGE,PERSONAL,0
65,30700.0,581,0.158,0.423,87.0,4400.0,4,4858.0,7,MORTGAGE,PERSONAL,0
43,41000.0,702,0.09,0.479,89.0,13400.0,1,2201.0,8,OWN,MEDICAL,1
67,34000.0,753,0.117,0.506,82.9,11700.0,11,4352.0,4,RENT,EDUCATION,0
60,43100.0,726,0.167,0.389,84.1,2800.0,1,2116.0,6,MORTGAGE,EDUCATION,0
32,52700.0,751,0.234,0.101,93.6,5700.0,0,1529.0,9,OWN,PERSONAL,0
32,98900.0,654,0.112,0.799,75.1,2200.0,6,16813.0,9,RENT,PERSONAL,0
66,49400.0,635,0.585,0.507,77.9,14300.0,3,7683.0,1,RENT,DEBTCONSOLIDATION,1
67,23100.0,614,0.406,0.306,71.0,7600.0,1,2471.0,4,MORTGAGE,MEDICAL,1
35,118700.0,665,0.18,0.249,81.8,10700.0,10,4941.0,6,OWN,MEDICAL,0
61,36200.0,664,0.088,0.161,62.5,33900.0,1,2205.0,4,MORTGAGE,MEDICAL,1
39,57800.0,685,0.075,0.325,97.6,13400.0,0,4019.0,3,MORTGAGE,VENTURE,0
46,78300.0,660,0.404,0.592,91.5,16400.0,0,17513.0,7,RENT,VENTURE,1
49,67500.0,659,0.26,0.45,70.2,9500.0,12,3971.0,6,MORTGAGE,PERSONAL,0
42,115400.0,611,0.049,0.418,96.8,8000.0,2,17557.0,5,MORTGAGE,MEDICAL,0
60,79800.0,740,0.286,0.538,78.8,4900.0,1,7160.0,9,MORTGAGE,VENTURE,0
41,35700.0,675,0.074,0.071,73.6,22100.0,4,793.0,4,RENT,MEDICAL,1
58,221300.0,656,0.105,0.083,86.5,39400.0,3,7143.0,7,RENT,MEDICAL,0
40,67300.0,613,0.276,0.072,62.2,30300.0,35,1789.0,5,MORTGAGE,PERSONAL,0
49,54800.0,570,0.155,0.527,77.8,5800.0,10,6131.0,2,MORTGAGE,PERSONAL,0
24,106800.0,768,0.385,0.213,86.5,32200.0,1,3884.0,7,MORTGAGE,VENTURE,0
27,69500.0,711,0.304,0.565,100.0,11900.0,5,10383.0,8,MORTGAGE,VENTURE,0
48,76100.0,548,0.211,0.286,66.7,37400.0,2,6465.0,7,RENT,MEDICAL,1
48,267100.0,727,0.047,0.327,67.7,17500.0,2,20882.0,3,RENT,DEBTCONSOLIDATION,0
24,50800.0,739,0.154,0.106,79.1,16600.0,2,1868.0,2,OWN,VENTURE,0
42,49500.0,679,0.096,0.518,78.1,17000.0,5,1805.0,5,RENT,EDUCATION,1
32,64200.0,789,0.151,0.737,91.4,4100.0,3,12296.0,12,MORTGAGE,MEDICAL,1
65,113900.0,686,0.29,0.453,100.0,5500.0,7,12065.0,2,RENT,MEDICAL,1
23,24200.0,563,0.198,0.404,94.3,8600.0,0,624.0,7,MORTGAGE,PERSONAL,0
42,18400.0,697,0.128,0.423,76.7,10400.0,2,424.0,5,MORTGAGE,PERSONAL,0
64,42100.0,688,0.13,0.473,99.4,14500.0,9,5220.0,4,RENT,DEBTCONSOLIDATION,0
22,22500.0,624,0.082,0.424,81.1,9700.0,0,871.0,4,RENT,DEBTCONSOLIDATION,0
44,46400.0,713,0.105,0.618,88.2,9400.0,4,9147.0,8,MORTGAGE,VENTURE,0
54,80900.0,544,0.217,0.441,87.0,31800.0,7,13637.0,5,MORTGAGE,PERSONAL,0
47,35100.0,744,0.277,0.194,87.4,34400.0,2,763.0,4,MORTGAGE,MEDICAL,1
61,25400.0,604,0.121,0.42,92.5,20400.0,10,3515.0,6,MORTGAGE,MEDICAL,0
21,62400.0,596,0.275,0.487,91.7,8000.0,6,7810.0,4,RENT,EDUCATION,0
28,100500.0,661,0.173,0.468,90.7,17900.0,4,9726.0,7,MORTGAGE,MEDICAL,0
43,21700.0,702,0.354,0.432,75.7,32700.0,1,2602.0,6,OWN,PERSONAL,1
58,97900.0,682,0.248,0.505,71.6,11200.0,5,16355.0,7,RENT,MEDICAL,1
26,97800.0,614,0.213,0.205,90.9,34200.0,8,7814.0,7,MORTGAGE,EDUCATION,0
42,106100.0,632,0.236,0.572,86.0,51800.0,6,17064.0,6,RENT,PERSONAL,0
45,124400.0,585,0.284,0.624,92.5,26500.0,4,24175.0,9,RENT,DEBTCONSOLIDATION,1
38,224400.0,653,0.134,0.665,76.5,20600.0,6,39191.0,8,MORTGAGE,VENTURE,0
37,48400.0,750,0.412,0.421,90.9,17000.0,18,5049.0,5,RENT,DEBTCONSOLIDATION,0
32,63900.0,669,0.092,0.45,78.4,20800.0,0,2090.0,4,MORTGAGE,PERSONAL,0
26,46600.0,734,0.24,0.553,77.6,17900.0,5,2687.0,8,MORTGAGE,PERSONAL,0
46,59900.0,779,0.247,0.369,96.1,5700.0,7,4039.0,5,OWN,DEBTCONSOLIDATION,0
47,150200.0,625,0.291,0.514,95.2,33900.0,5,21410.0,9,MORTGAGE,EDUCATION,0
28,26700.0,656,0.064,0.369,84.6,14200.0,1,754.0,4,RENT,DEBTCONSOLIDATION,0
39,35700.0,832,0.471,0.411,77.8,73600.0,8,3529.0,7,RENT,VENTURE,1
62,136800.0,778,0.105,0.337,81.0,75000.0,12,2518.0,8,MORTGAGE,PERSONAL,0
21,110400.0,544,0.268,0.591,83.8,11200.0,5,20757.0,9,RENT,PERSONAL,1
49,48200.0,699,0.234,0.427,77.3,15400.0,3,5833.0,4,MORTGAGE,MEDICAL,1
65,100000.0,670,0.284,0.395,85.9,9900.0,2,9173.0,10,MORTGAGE,DEBTCONSOLIDATION,0
55,73500.0,731,0.176,0.897,75.9,6900.0,2,16476.0,6,RENT,MEDICAL,1
60,147300.0,614,0.059,0.246,100.0,12800.0,6,13642.0,11,RENT,VENTURE,0
34,62600.0,607,0.286,0.41,58.2,13700.0,4,9428.0,5,MORTGAGE,VENTURE,0
55,110800.0,619,0.188,0.219,74.4,5400.0,0,7946.0,5,OWN,PERSONAL,0
65,292200.0,627,0.207,0.583,91.3,6100.0,0,28565.0,6,MORTGAGE,DEBTCONSOLIDATION,0
40,85700.0,731,0.032,0.342,100.0,2000.0,0,2566.0,10,MORTGAGE,VENTURE,0
33,61700.0,581,0.457,0.426,74.8,5900.0,5,4271.0,7,RENT,EDUCATION,1
58,92400.0,623,0.084,0.547,79.2,24100.0,1,15829.0,9,MORTGAGE,MEDICAL,0
66,48100.0,535,0.107,0.109,87.5,36700.0,0,1383.0,11,MORTGAGE,MEDICAL,0
28,250900.0,745,0.213,0.202,88.0,3400.0,2,15050.0,4,OWN,VENTURE,0
63,66700.0,765,0.245,0.68,83.6,5200.0,8,3940.0,6,RENT,DEBTCONSOLIDATION,0
40,50800.0,645,0.31,0.689,91.4,31500.0,1,3691.0,4,RENT,DEBTCONSOLIDATION,1
53,36300.0,647,0.08,0.508,85.6,7400.0,5,5210.0,4,MORTGAGE,MEDICAL,0
46,115700.0,703,0.467,0.538,85.8,9700.0,2,11212.0,5,MORTGAGE,EDUCATION,0
59,100700.0,780,0.147,0.223,100.0,8300.0,3,4024.0,10,MORTGAGE,PERSONAL,0
41,44400.0,700,0.268,0.313,80.0,25400.0,4,2605.0,7,RENT,VENTURE,1
62,84600.0,617,0.131,0.349,79.1,43100.0,3,9701.0,1,RENT,EDUCATION,1
63,24200.0,548,0.376,0.376,78.4,14100.0,0,2681.0,6,RENT,PERSONAL,1
61,66900.0,586,0.126,0.379,74.9,9800.0,4,2209.0,6,RENT,PERSONAL,0
29,78600.0,675,0.154,0.532,80.6,11400.0,2,7131.0,10,RENT,MEDICAL,1
44,166800.0,620,0.32,0.733,74.6,24900.0,1,34948.0,6,RENT,DEBTCONSOLIDATION,1
57,37700.0,684,0.36,0.194,87.5,19300.0,11,2864.0,7,RENT,EDUCATION,0
61,27800.0,628,0.276,0.364,87.7,11200.0,6,3737.0,6,RENT,PERSONAL,0
37,35000.0,590,0.186,0.441,84.9,13000.0,1,2113.0,9,RENT,MEDICAL,1
44,26900.0,581,0.192,0.842,86.8,8100.0,3,1656.0,5,RENT,VENTURE,1
41,133500.0,787,0.329,0.51,91.7,8400.0,16,17065.0,3,MORTGAGE,PERSONAL,0
59,151600.0,736,0.36,0.557,69.7,5000.0,1,16229.0,6,MORTGAGE,DEBTCONSOLIDATION,1
61,72600.0,799,0.104,0.067,85.3,29800.0,14,555.0,5,MORTGAGE,DEBTCONSOLIDATION,0
59,124600.0,710,0.044,0.555,100.0,2700.0,5,19230.0,6,RENT,EDUCATION,0
33,64900.0,637,0.06,0.497,75.6,16200.0,3,3423.0,9,MORTGAGE,DEBTCONSOLIDATION,0
31,56600.0,769,0.343,0.142,100.0,13100.0,20,1391.0,3,OWN,EDUCATION,0
66,49000.0,667,0.179,0.702,78.4,12500.0,2,11286.0,9,MORTGAGE,PERSONAL,0
39,49700.0,686,0.132,0.536,85.0,8700.0,1,7712.0,4,MORTGAGE,MEDICAL,0
31,23700.0,666,0.121,0.785,85.5,10900.0,2,4884.0,4,MORTGAGE,PERSONAL,1
33,70200.0,448,0.418,0.532,64.8,45800.0,6,14034.0,7,MORTGAGE,PERSONAL,1
66,58400.0,790,0.354,0.399,72.4,14100.0,2,2188.0,8,RENT,VENTURE,1
65,93600.0,706,0.203,0.261,89.9,15000.0,0,7129.0,5,RENT,PERSONAL,0
21,63300.0,694,0.289,0.536,79.2,15300.0,5,3090.0,5,RENT,EDUCATION,1
60,54300.0,665,0.25,0.251,71.6,8200.0,1,1332.0,7,OWN,EDUCATION,0
64,35500.0,682,0.14,0.634,96.6,9000.0,0,5115.0,3,MORTGAGE,DEBTCONSOLIDATION,0
39,62500.0,625,0.246,0.725,85.7,19300.0,1,2648.0,4,RENT,MEDICAL,1
32,93200.0,716,0.165,0.404,80.3,7400.0,8,8485.0,7,MORTGAGE,PERSONAL,0
28,30200.0,571,0.355,0.04,100.0,12500.0,14,64.0,8,RENT,EDUCATION,0
28,63100.0,683,0.213,0.498,70.0,30100.0,5,8197.0,9,MORTGAGE,PERSONAL,1
65,68900.0,712,0.249,0.049,69.6,8400.0,1,537.0,10,RENT,VENTURE,0
32,38900.0,655,0.176,0.258,77.2,12400.0,2,794.0,8,RENT,PERSONAL,1
53,42100.0,697,0.215,0.218,85.3,11000.0,1,2967.0,7,RENT,PERSONAL,0
65,68800.0,595,0.285,0.101,87.4,19000.0,10,1296.0,5,RENT,PERSONAL,0
46,30300.0,597,0.208,0.355,73.3,14800.0,5,2209.0,7,MORTGAGE,VENTURE,0
59,73900.0,687,0.325,0.52,65.3,8300.0,0,6958.0,5,MORTGAGE,MEDICAL,1
48,35000.0,720,0.28,0.71,89.0,9200.0,2,1970.0,8,MORTGAGE,EDUCATION,0
25,113300.0,529,0.248,0.272,76.7,8500.0,3,6502.0,4,RENT,VENTURE,1
28,243500.0,709,0.196,0.244,82.1,8100.0,7,16808.0,10,MORTGAGE,MEDICAL,0
45,35700.0,629,0.229,0.383,83.0,3900.0,12,5007.0,8,OWN,PERSONAL,0
47,82500.0,655,0.272,0.391,93.5,15200.0,0,10236.0,6,MORTGAGE,PERSONAL,0
66,38700.0,569,0.093,0.447,75.8,8400.0,8,1345.0,4,MORTGAGE,PERSONAL,0
43,111800.0,606,0.139,0.038,100.0,18700.0,0,459.0,5,RENT,EDUCATION,0
50,28000.0,742,0.062,0.189,80.2,14200.0,1,348.0,9,RENT,PERSONAL,0
65,79900.0,672,0.247,0.307,65.9,10300.0,0,2251.0,8,RENT,PERSONAL,1
67,35500.0,641,0.147,0.441,69.9,9700.0,0,3416.0,10,MORTGAGE,PERSONAL,0
43,52900.0,661,0.108,0.274,69.4,5300.0,0,1839.0,8,RENT,PERSONAL,0
67,32300.0,706,0.176,0.458,73.3,14600.0,0,4094.0,5,OWN,EDUCATION,0
40,98100.0,703,0.076,0.438,85.1,12600.0,10,2635.0,5,MORTGAGE,MEDICAL,0
38,36200.0,664,0.071,0.673,94.1,8600.0,1,8528.0,10,RENT,EDUCATION,1
38,83400.0,751,0.127,0.305,55.3,3300.0,3,7305.0,9,MORTGAGE,PERSONAL,0
22,48700.0,742,0.121,0.255,92.7,11600.0,3,4833.0,6,RENT,PERSONAL,0
24,55900.0,701,0.233,0.365,99.0,12200.0,26,7825.0,6,OWN,PERSONAL,0
50,65400.0,674,0.054,0.483,100.0,28900.0,2,9240.0,8,MORTGAGE,VENTURE,0
53,37900.0,719,0.198,0.797,87.0,13700.0,1,3181.0,3,MORTGAGE,VENTURE,1
56,67900.0,693,0.048,0.552,60.7,30800.0,16,4787.0,7,RENT,DEBTCONSOLIDATION,0
38,150000.0,749,0.358,0.211,65.9,8600.0,4,4657.0,7,RENT,DEBTCONSOLIDATION,0
57,37500.0,737,0.127,0.774,92.7,11100.0,1,5786.0,7,OWN,VENTURE,0
39,120900.0,593,0.132,0.259,83.1,6600.0,1,7822.0,7,MORTGAGE,PERSONAL,0
67,147100.0,588,0.341,0.391,74.4,11100.0,0,16617.0,5,MORTGAGE,PERSONAL,0
48,36700.0,617,0.064,0.617,64.1,23800.0,4,1732.0,5,RENT,VENTURE,1
60,25000.0,743,0.246,0.751,69.1,24300.0,6,4951.0,8,MORTGAGE,DEBTCONSOLIDATION,1
40,71800.0,551,0.395,0.282,88.3,15600.0,3,1432.0,9,RENT,MEDICAL,1
53,43100.0,699,0.175,0.133,87.7,5200.0,10,1946.0,6,RENT,EDUCATION,0
32,183700.0,697,0.096,0.463,93.6,5000.0,3,5456.0,6,MORTGAGE,PERSONAL,0
35,61100.0,757,0.079,0.239,97.8,11200.0,2,2724.0,9,RENT,VENTURE,0
61,37000.0,683,0.234,0.639,71.5,8300.0,1,4658.0,6,MORTGAGE,EDUCATION,0
59,30100.0,569,0.171,0.692,93.1,21300.0,1,5200.0,5,MORTGAGE,EDUCATION,1
22,115100.0,598,0.022,0.374,73.1,18600.0,1,3590.0,5,RENT,MEDICAL,0
49,42500.0,581,0.203,0.507,80.5,17000.0,24,8114.0,2,RENT,DEBTCONSOLIDATION,0
61,61500.0,629,0.211,0.389,73.2,9000.0,2,4405.0,5,MORTGAGE,MEDICAL,1
30,106200.0,656,0.122,0.046,91.2,14800.0,3,922.0,9,MORTGAGE,MEDICAL,0
22,44800.0,582,0.294,0.304,75.0,16900.0,1,1840.0,3,RENT,EDUCATION,1
31,58200.0,780,0.013,0.163,89.8,10500.0,0,3067.0,9,RENT,EDUCATION,0
33,59300.0,570,0.242,0.294,87.7,11300.0,5,919.0,6,MORTGAGE,DEBTCONSOLIDATION,0
30,90200.0,770,0.299,0.119,95.7,16500.0,3,936.0,9,OWN,MEDICAL,0
34,85300.0,758,0.34,0.495,89.0,6200.0,0,9068.0,6,MORTGAGE,PERSONAL,0
38,52500.0,737,0.244,0.631,100.0,8900.0,10,12883.0,5,MORTGAGE,VENTURE,0
29,62200.0,617,0.149,0.631,74.3,8400.0,3,2451.0,3,RENT,VENTURE,1
59,47900.0,695,0.196,0.356,91.5,26600.0,2,1223.0,4,RENT,EDUCATION,0
48,24700.0,574,0.09,0.366,86.8,9200.0,7,2714.0,4,RENT,VENTURE,0
23,69900.0,738,0.125,0.546,72.9,13600.0,0,11732.0,8,RENT,DEBTCONSOLIDATION,0
40,186300.0,664,0.134,0.151,93.5,21000.0,3,10238.0,5,MORTGAGE,DEBTCONSOLIDATION,0
26,35200.0,639,0.235,0.464,92.2,7900.0,3,4113.0,7,RENT,PERSONAL,1
47,37700.0,578,0.032,0.501,74.3,24700.0,7,3612.0,5,RENT,VENTURE,1
22,35500.0,484,0.213,0.265,61.9,26200.0,2,1956.0,5,RENT,EDUCATION,1
49,92500.0,592,0.121,0.186,80.7,3000.0,9,3459.0,7,RENT,PERSONAL,0
58,78400.0,753,0.371,0.607,73.8,17100.0,5,18595.0,4,MORTGAGE,DEBTCONSOLIDATION,0
23,54400.0,639,0.238,0.253,84.0,27600.0,7,2519.0,1,RENT,MEDICAL,1
36,34500.0,657,0.046,0.331,82.1,10200.0,17,955.0,9,RENT,DEBTCONSOLIDATION,0
50,63300.0,719,0.23,0.092,100.0,19500.0,9,882.0,8,RENT,MEDICAL,0
60,23400.0,805,0.31,0.177,73.1,5300.0,2,1599.0,7,OWN,EDUCATION,0
22,65300.0,769,0.214,0.556,89.1,4400.0,5,7257.0,3,MORTGAGE,MEDICAL,0
37,101000.0,597,0.138,0.612,65.8,9900.0,10,9929.0,7,MORTGAGE,DEBTCONSOLIDATION,0
61,28300.0,524,0.229,0.387,70.3,6700.0,3,1739.0,4,MORTGAGE,MEDICAL,0
32,23900.0,846,0.291,0.512,76.7,17100.0,5,651.0,4,RENT,DEBTCONSOLIDATION,1
55,154500.0,840,0.506,0.41,71.9,16800.0,0,17204.0,9,RENT,DEBTCONSOLIDATION,1
63,41500.0,684,0.347,0.434,87.2,45900.0,8,5466.0,4,OWN,EDUCATION,1
21,118400.0,574,0.276,0.567,81.7,23300.0,7,11650.0,3,RENT,PERSONAL,1
65,54600.0,742,0.205,0.104,91.9,8800.0,10,2019.0,3,OWN,DEBTCONSOLIDATION,0
35,54300.0,661,0.066,0.296,69.7,13800.0,6,4983.0,5,OWN,DEBTCONSOLIDATION,0
46,77900.0,661,0.232,0.373,84.1,15600.0,10,7564.0,7,MORTGAGE,MEDICAL,0
57,35200.0,737,0.14,0.744,73.1,19300.0,0,7761.0,6,RENT,DEBTCONSOLIDATION,1
41,64800.0,695,0.334,0.39,97.3,3100.0,8,8070.0,9,MORTGAGE,MEDICAL,0
51,47600.0,581,0.102,0.413,69.7,9700.0,15,4609.0,6,MORTGAGE,MEDICAL,0
45,27100.0,645,0.219,0.229,60.9,27700.0,8,1174.0,1,OWN,MEDICAL,1
43,73300.0,719,0.371,0.117,75.0,17600.0,4,806.0,3,RENT,DEBTCONSOLIDATION,0
44,51100.0,708,0.211,0.333,68.5,13700.0,13,3263.0,7,MORTGAGE,EDUCATION,0
58,54500.0,689,0.323,0.297,83.7,9300.0,0,3926.0,5,MORTGAGE,EDUCATION,0
48,29000.0,740,0.277,0.31,89.0,12200.0,0,3432.0,5,RENT,PERSONAL,0
41,155600.0,642,0.484,0.418,90.8,13800.0,16,6778.0,5,MORTGAGE,DEBTCONSOLIDATION,0
63,101300.0,683,0.162,0.119,56.4,7100.0,5,3796.0,2,RENT,EDUCATION,0
38,106800.0,416,0.06,0.432,90.7,16100.0,0,6194.0,6,MORTGAGE,PERSONAL,0
56,49800.0,636,0.071,0.062,84.7,14000.0,2,1189.0,5,RENT,MEDICAL,0
55,21200.0,727,0.056,0.692,90.4,10000.0,6,3788.0,4,MORTGAGE,DEBTCONSOLIDATION,0
65,193300.0,640,0.142,0.392,92.6,10000.0,6,15266.0,5,MORTGAGE,MEDICAL,0
29,57700.0,635,0.224,0.211,74.6,5600.0,0,2087.0,9,RENT,DEBTCONSOLIDATION,1
58,38200.0,591,0.238,0.125,71.1,29000.0,3,576.0,6,OWN,PERSONAL,0
50,76900.0,745,0.221,0.384,85.9,18900.0,8,8861.0,7,RENT,PERSONAL,1
64,120600.0,711,0.177,0.524,93.6,16300.0,17,17226.0,11,MORTGAGE,VENTURE,0
54,59100.0,731,0.505,0.483,67.0,19500.0,4,10321.0,4,MORTGAGE,EDUCATION,1
52,128900.0,540,0.216,0.439,82.8,2000.0,5,14660.0,5,RENT,DEBTCONSOLIDATION,0
23,114700.0,657,0.292,0.226,75.8,43800.0,3,2837.0,8,MORTGAGE,VENTURE,0
23,31400.0,648,0.142,0.314,75.7,2100.0,3,2849.0,4,OWN,VENTURE,0
48,40000.0,648,0.243,0.442,77.3,24900.0,0,6322.0,1,RENT,PERSONAL,1
64,106400.0,623,0.104,0.422,89.9,14300.0,2,17810.0,2,MORTGAGE,VENTURE,0
35,18000.0,644,0.037,0.202,88.9,6300.0,3,1054.0,2,MORTGAGE,MEDICAL,0
61,54700.0,733,0.172,0.644,71.3,14400.0,1,5331.0,3,OWN,PERSONAL,0
43,25400.0,526,0.129,0.707,65.5,18800.0,2,4451.0,6,RENT,MEDICAL,1
60,45000.0,803,0.164,0.37,94.9,9400.0,17,3834.0,7,RENT,PERSONAL,0
31,50000.0,706,0.154,0.245,91.6,31000.0,0,2808.0,4,MORTGAGE,MEDICAL,0
52,48300.0,666,0.079,0.585,96.9,4600.0,1,2190.0,6,MORTGAGE,PERSONAL,0
56,43000.0,738,0.097,0.257,88.6,6300.0,4,1305.0,5,MORTGAGE,PERSONAL,0
53,31000.0,561,0.089,0.189,98.0,5500.0,1,1368.0,4,RENT,EDUCATION,0
44,236800.0,620,0.161,0.292,54.2,4900.0,5,22774.0,4,RENT,EDUCATION,1
59,183600.0,660,0.007,0.329,80.6,15000.0,1,6863.0,8,RENT,MEDICAL,0
54,29800.0,772,0.113,0.209,73.7,41100.0,5,670.0,10,MORTGAGE,DEBTCONSOLIDATION,0
48,154700.0,666,0.216,0.562,100.0,24200.0,9,27469.0,8,OWN,PERSONAL,0
57,47100.0,703,0.271,0.459,67.6,10800.0,5,6306.0,4,MORTGAGE,PERSONAL,0
27,64700.0,625,0.142,0.109,65.9,35300.0,0,1550.0,7,RENT,MEDICAL,1
24,57600.0,706,0.181,0.649,74.5,27500.0,7,2528.0,4,MORTGAGE,EDUCATION,0
57,40300.0,795,0.23,0.583,75.7,8400.0,1,5062.0,4,RENT,MEDICAL,1
21,108000.0,744,0.295,0.591,77.5,10900.0,5,21842.0,2,RENT,DEBTCONSOLIDATION,1
21,64600.0,663,0.039,0.554,92.8,16400.0,5,1922.0,5,MORTGAGE,EDUCATION,0
67,45000.0,720,0.132,0.358,99.8,7700.0,8,1384.0,6,RENT,EDUCATION,0
40,27400.0,713,0.217,0.238,93.6,6700.0,3,2173.0,4,MORTGAGE,PERSONAL,0
39,35000.0,707,0.159,0.491,100.0,22400.0,2,4018.0,2,OWN,VENTURE,0
49,22400.0,753,0.075,0.391,97.4,26300.0,3,2468.0,9,MORTGAGE,PERSONAL,0
30,60300.0,752,0.175,0.472,74.4,6500.0,3,8845.0,11,MORTGAGE,MEDICAL,1
38,29200.0,660,0.271,0.479,80.7,17200.0,8,2169.0,3,MORTGAGE,EDUCATION,0
48,51100.0,718,0.52,0.084,91.5,17000.0,1,662.0,10,RENT,MEDICAL,1
55,136200.0,641,0.331,0.041,68.1,6200.0,9,795.0,9,MORTGAGE,MEDICAL,0
63,123000.0,600,0.225,0.225,78.3,16800.0,2,3004.0,6,MORTGAGE,EDUCATION,0
67,58700.0,649,0.179,0.606,89.8,19200.0,6,5573.0,6,RENT,PERSONAL,1
51,56800.0,664,0.318,0.377,100.0,19800.0,2,8212.0,2,RENT,PERSONAL,0
47,185000.0,545,0.177,0.315,82.4,10900.0,6,4667.0,4,RENT,VENTURE,0
31,81800.0,734,0.284,0.505,84.3,16300.0,8,5545.0,7,MORTGAGE,MEDICAL,0
58,49200.0,462,0.102,0.236,88.2,15100.0,4,1873.0,8,RENT,VENTURE,0
25,25400.0,850,0.088,0.263,61.2,14000.0,4,694.0,3,RENT,DEBTCONSOLIDATION,1
28,75800.0,782,0.171,0.613,77.7,24500.0,6,3582.0,5,RENT,VENTURE,1
54,98500.0,650,0.059,0.402,71.7,6700.0,5,4223.0,7,RENT,DEBTCONSOLIDATION,0
32,41000.0,670,0.139,0.466,91.3,7300.0,6,4485.0,7,OWN,PERSONAL,0
58,71300.0,692,0.193,0.567,76.7,6300.0,9,10465.0,5,RENT,MEDICAL,0
21,48100.0,625,0.206,0.367,96.6,26300.0,1,2213.0,4,MORTGAGE,EDUCATION,0
51,53600.0,684,0.191,0.54,87.2,13000.0,1,6551.0,9,RENT,PERSONAL,1
24,18000.0,659,0.016,0.37,80.1,8500.0,17,348.0,8,RENT,EDUCATION,0
65,52400.0,662,0.176,0.626,75.3,31900.0,9,8552.0,6,MORTGAGE,DEBTCONSOLIDATION,0
25,107100.0,683,0.411,0.17,73.4,11200.0,4,919.0,4,RENT,MEDICAL,1
50,41000.0,571,0.251,0.608,100.0,2900.0,0,6854.0,6,MORTGAGE,VENTURE,0
44,61800.0,672,0.065,0.606,57.6,8400.0,9,8208.0,6,RENT,MEDICAL,1
23,38000.0,682,0.461,0.667,81.0,14100.0,6,2237.0,6,MORTGAGE,EDUCATION,1
31,74300.0,679,0.154,0.511,83.0,17000.0,15,3073.0,5,OWN,MEDICAL,0
65,52600.0,653,0.27,0.45,54.9,8200.0,0,1241.0,8,MORTGAGE,PERSONAL,1
24,34100.0,755,0.195,0.349,97.7,9800.0,0,2893.0,8,MORTGAGE,DEBTCONSOLIDATION,0
46,133200.0,643,0.182,0.386,84.5,9300.0,3,17085.0,5,OWN,VENTURE,0
47,104500.0,687,0.083,0.238,90.8,20400.0,9,8700.0,6,MORTGAGE,PERSONAL,0
66,41600.0,767,0.067,0.17,90.9,33400.0,23,1763.0,4,MORTGAGE,DEBTCONSOLIDATION,0
63,80700.0,664,0.096,0.728,92.9,7800.0,1,21180.0,6,MORTGAGE,PERSONAL,0
47,82700.0,686,0.1,0.683,91.7,35100.0,0,19865.0,5,MORTGAGE,VENTURE,0
62,88000.0,662,0.141,0.251,91.7,14800.0,1,6502.0,7,MORTGAGE,EDUCATION,0
26,21700.0,762,0.15,0.426,86.7,11700.0,10,1637.0,7,RENT,MEDICAL,1
35,109500.0,650,0.374,0.176,93.9,10600.0,3,6543.0,2,RENT,VENTURE,0
50,42500.0,766,0.361,0.384,100.0,6600.0,9,3053.0,4,RENT,EDUCATION,0
62,48300.0,662,0.219,0.208,71.8,7200.0,2,1920.0,2,MORTGAGE,PERSONAL,0
57,291500.0,605,0.418,0.468,88.2,6400.0,0,39198.0,5,MORTGAGE,VENTURE,0
57,71800.0,720,0.423,0.104,92.1,6000.0,4,2798.0,4,RENT,PERSONAL,0
62,47500.0,647,0.149,0.249,63.5,17000.0,2,2661.0,2,RENT,PERSONAL,0
57,18000.0,716,0.098,0.379,100.0,56100.0,3,764.0,6,MORTGAGE,PERSONAL,1
55,137800.0,465,0.273,0.652,89.8,7600.0,14,8972.0,4,RENT,VENTURE,0
43,26700.0,670,0.151,0.583,85.7,10600.0,3,2425.0,6,RENT,DEBTCONSOLIDATION,1
26,32800.0,635,0.332,0.103,77.7,25800.0,7,710.0,4,MORTGAGE,EDUCATION,0
24,49100.0,590,0.214,0.576,92.1,6400.0,0,4361.0,8,RENT,EDUCATION,1
38,140100.0,628,0.257,0.614,68.6,4900.0,3,25735.0,7,RENT,PERSONAL,0
29,95200.0,626,0.366,0.406,100.0,3300.0,4,9274.0,4,MORTGAGE,PERSONAL,0
49,54500.0,666,0.204,0.157,94.6,13400.0,0,1646.0,7,MORTGAGE,PERSONAL,0
33,72000.0,567,0.132,0.269,80.5,8300.0,1,2415.0,6,RENT,DEBTCONSOLIDATION,0
67,41800.0,693,0.205,0.433,99.3,5100.0,6,4740.0,5,MORTGAGE,MEDICAL,0
37,65100.0,772,0.073,0.132,61.1,8100.0,1,2457.0,11,RENT,PERSONAL,0
65,62600.0,691,0.213,0.773,69.9,23600.0,0,15701.0,10,RENT,MEDICAL,1
52,107100.0,730,0.24,0.131,82.8,9500.0,1,5567.0,6,RENT,PERSONAL,1
42,107000.0,752,0.136,0.526,83.3,23000.0,9,7371.0,4,RENT,EDUCATION,1
24,80500.0,762,0.262,0.556,87.4,17300.0,7,2475.0,6,RENT,DEBTCONSOLIDATION,1
25,48200.0,810,0.123,0.726,84.5,14100.0,7,7879.0,4,OWN,MEDICAL,0
57,93400.0,632,0.305,0.165,97.0,12600.0,1,5754.0,1,RENT,MEDICAL,0
61,56700.0,616,0.334,0.472,64.6,20300.0,0,3668.0,7,OWN,VENTURE,1
33,31300.0,728,0.457,0.418,59.1,15500.0,0,4115.0,6,MORTGAGE,PERSONAL,0
54,47000.0,723,0.198,0.377,65.3,14500.0,4,2867.0,4,RENT,PERSONAL,1
65,63000.0,728,0.152,0.255,66.5,3200.0,6,3003.0,6,MORTGAGE,EDUCATION,0
42,103400.0,811,0.426,0.301,82.6,10200.0,2,11880.0,3,RENT,PERSONAL,1
43,53600.0,670,0.191,0.404,80.4,4300.0,3,4577.0,2,RENT,PERSONAL,0
23,29000.0,701,0.174,0.639,86.0,5900.0,1,5631.0,7,RENT,EDUCATION,1
62,61900.0,596,0.133,0.456,86.5,25600.0,2,6843.0,6,RENT,MEDICAL,1
54,64100.0,830,0.435,0.4,85.5,11300.0,6,8137.0,2,MORTGAGE,PERSONAL,0
52,66900.0,644,0.32,0.612,63.8,40100.0,6,6595.0,9,OWN,DEBTCONSOLIDATION,0
65,104000.0,646,0.315,0.549,79.7,20900.0,0,20378.0,4,RENT,VENTURE,1
41,110300.0,643,0.488,0.556,76.2,7800.0,14,14849.0,5,RENT,VENTURE,1
66,41900.0,621,0.186,0.198,97.0,9400.0,1,1313.0,4,OWN,DEBTCONSOLIDATION,0
64,41400.0,615,0.421,0.424,86.5,19800.0,11,1112.0,8,RENT,MEDICAL,1
41,32100.0,630,0.342,0.481,100.0,18400.0,3,843.0,6,RENT,EDUCATION,1
64,91100.0,567,0.166,0.594,70.5,24700.0,3,9398.0,6,OWN,MEDICAL,0
31,142800.0,611,0.228,0.445,78.8,2700.0,2,7975.0,5,MORTGAGE,PERSONAL,0
59,49600.0,816,0.458,0.422,93.4,4200.0,12,1432.0,10,RENT,EDUCATION,0
24,51800.0,725,0.13,0.685,76.4,8200.0,1,8640.0,6,RENT,VENTURE,1
21,144400.0,739,0.326,0.432,86.9,20100.0,4,24708.0,9,MORTGAGE,MEDICAL,0
48,81100.0,758,0.073,0.204,75.1,21900.0,1,3273.0,6,RENT,PERSONAL,0
44,77800.0,807,0.432,0.252,96.4,2000.0,12,4769.0,6,RENT,DEBTCONSOLIDATION,0
55,29300.0,537,0.134,0.464,65.5,6800.0,0,1726.0,5,RENT,VENTURE,1
33,90000.0,577,0.173,0.339,100.0,18600.0,5,3714.0,5,MORTGAGE,MEDICAL,0
67,34300.0,609,0.171,0.089,91.6,6200.0,2,503.0,3,RENT,DEBTCONSOLIDATION,0
54,30300.0,634,0.091,0.425,88.4,15400.0,5,4408.0,8,OWN,DEBTCONSOLIDATION,0
31,48600.0,647,0.228,0.349,87.1,17500.0,0,6551.0,11,MORTGAGE,PERSONAL,0
56,42100.0,636,0.25,0.205,74.1,9000.0,2,2666.0,7,OWN,VENTURE,0
37,52400.0,686,0.061,0.456,90.9,13400.0,0,1367.0,4,MORTGAGE,DEBTCONSOLIDATION,0
55,25200.0,672,0.211,0.588,76.2,11600.0,17,3015.0,6,RENT,DEBTCONSOLIDATION,1
38,106400.0,615,0.151,0.299,57.2,18200.0,1,6275.0,8,MORTGAGE,DEBTCONSOLIDATION,0
60,117800.0,506,0.212,0.429,83.6,10900.0,24,19068.0,6,MORTGAGE,DEBTCONSOLIDATION,0
42,18600.0,595,0.404,0.348,73.5,3600.0,2,2013.0,10,MORTGAGE,DEBTCONSOLIDATION,0
44,107700.0,628,0.264,0.715,84.2,19100.0,0,23104.0,7,MORTGAGE,EDUCATION,0
39,36800.0,651,0.112,0.589,82.3,12600.0,0,5368.0,4,MORTGAGE,PERSONAL,0
57,100100.0,585,0.136,0.356,65.5,19000.0,4,9837.0,8,RENT,PERSONAL,1
59,57500.0,633,0.376,0.077,100.0,7200.0,4,1304.0,5,MORTGAGE,DEBTCONSOLIDATION,0
41,60900.0,585,0.174,0.282,74.5,10700.0,3,4180.0,7,RENT,MEDICAL,1
28,53600.0,660,0.07,0.268,95.3,9100.0,0,4966.0,7,RENT,EDUCATION,0
48,123900.0,589,0.047,0.587,73.9,24400.0,2,4576.0,10,MORTGAGE,VENTURE,0
25,28500.0,606,0.292,0.725,82.6,20700.0,2,7841.0,6,MORTGAGE,PERSONAL,1
37,86200.0,571,0.356,0.319,85.8,37200.0,6,8820.0,9,MORTGAGE,PERSONAL,0
57,115900.0,658,0.051,0.283,58.0,12000.0,2,7712.0,4,RENT,EDUCATION,1
56,92000.0,605,0.245,0.25,75.0,5400.0,4,8076.0,5,RENT,PERSONAL,0
39,241500.0,738,0.23,0.503,85.5,6300.0,1,41276.0,8,RENT,EDUCATION,0
47,43600.0,700,0.214,0.601,83.1,24600.0,6,5157.0,5,MORTGAGE,PERSONAL,1
54,106300.0,664,0.338,0.126,82.8,32800.0,0,4607.0,5,RENT,PERSONAL,0
31,56200.0,610,0.047,0.167,93.3,5100.0,22,1088.0,8,OWN,MEDICAL,0
65,125500.0,698,0.108,0.069,72.7,9100.0,5,1855.0,6,RENT,PERSONAL,0
67,59600.0,721,0.075,0.371,83.2,6000.0,0,2903.0,7,MORTGAGE,VENTURE,0
32,47400.0,680,0.223,0.561,66.0,52600.0,6,2487.0,6,MORTGAGE,PERSONAL,1
41,131100.0,790,0.145,0.169,76.3,17000.0,7,8045.0,6,MORTGAGE,VENTURE,0
31,44600.0,704,0.259,0.326,97.1,7000.0,7,2594.0,10,RENT,PERSONAL,0
59,25700.0,738,0.002,0.197,82.5,6800.0,1,1466.0,5,RENT,DEBTCONSOLIDATION,0
48,43900.0,680,0.063,0.563,76.6,35900.0,15,4481.0,9,MORTGAGE,EDUCATION,0
25,86800.0,720,0.362,0.31,72.5,20400.0,0,6470.0,1,RENT,EDUCATION,1
37,138000.0,610,0.223,0.594,65.7,13300.0,2,14084.0,4,RENT,EDUCATION,1
40,64000.0,635,0.105,0.681,93.7,9600.0,0,13509.0,3,OWN,PERSONAL,0
61,132000.0,696,0.126,0.271,100.0,9800.0,2,11635.0,2,MORTGAGE,PERSONAL,0
66,26500.0,695,0.438,0.417,77.1,4900.0,0,2218.0,7,RENT,DEBTCONSOLIDATION,1
32,45900.0,708,0.187,0.095,60.4,7900.0,5,1530.0,6,RENT,MEDICAL,0
26,50400.0,752,0.165,0.76,100.0,9400.0,0,6679.0,3,RENT,PERSONAL,0
37,55900.0,563,0.343,0.344,71.3,11800.0,4,6093.0,6,OWN,DEBTCONSOLIDATION,0
39,63000.0,596,0.091,0.636,86.7,12300.0,1,11120.0,12,RENT,DEBTCONSOLIDATION,0
46,90600.0,687,0.188,0.511,88.4,25400.0,0,9703.0,4,MORTGAGE,DEBTCONSOLIDATION,0
64,45800.0,615,0.187,0.307,95.6,7800.0,2,5078.0,3,RENT,PERSONAL,0
64,65100.0,850,0.24,0.339,79.3,34800.0,5,5524.0,10,RENT,MEDICAL,1
52,58300.0,708,0.457,0.334,87.6,12000.0,4,6700.0,13,RENT,MEDICAL,1
26,34400.0,664,0.029,0.421,78.1,16700.0,5,4441.0,3,MORTGAGE,DEBTCONSOLIDATION,0
56,55900.0,631,0.215,0.479,58.1,27100.0,12,6330.0,5,OWN,MEDICAL,1
58,54900.0,633,0.114,0.561,77.0,19100.0,1,5059.0,8,RENT,MEDICAL,1
31,54200.0,672,0.176,0.427,86.5,22000.0,2,8862.0,7,RENT,VENTURE,1
53,61000.0,678,0.352,0.156,70.0,8600.0,1,665.0,10,RENT,MEDICAL,1
44,62700.0,635,0.247,0.158,83.1,11700.0,4,3597.0,9,RENT,EDUCATION,0
43,46200.0,649,0.093,0.692,85.2,21900.0,1,7265.0,5,RENT,MEDICAL,1
35,128500.0,770,0.184,0.52,98.1,22300.0,4,20852.0,8,MORTGAGE,MEDICAL,0
47,29700.0,773,0.057,0.678,70.9,14900.0,8,3362.0,6,MORTGAGE,MEDICAL,0
31,38800.0,688,0.049,0.258,84.9,21800.0,4,1847.0,5,MORTGAGE,PERSONAL,0
37,317400.0,569,0.06,0.498,68.9,7400.0,9,18456.0,6,RENT,DEBTCONSOLIDATION,0
34,32100.0,710,0.294,0.585,55.8,21100.0,4,7211.0,4,MORTGAGE,PERSONAL,1
47,26600.0,786,0.187,0.335,76.3,25300.0,10,581.0,12,MORTGAGE,PERSONAL,0
38,93000.0,772,0.353,0.571,75.4,13300.0,13,9845.0,7,MORTGAGE,PERSONAL,0
48,18000.0,725,0.151,0.553,86.1,15000.0,3,1664.0,7,MORTGAGE,PERSONAL,0
67,52000.0,776,0.35,0.486,95.9,3200.0,7,8455.0,4,MORTGAGE,DEBTCONSOLIDATION,0
67,217000.0,674,0.079,0.33,83.3,35000.0,3,16152.0,3,RENT,VENTURE,1
24,23700.0,717,0.295,0.716,74.2,16900.0,6,1853.0,8,MORTGAGE,EDUCATION,1
27,18200.0,618,0.338,0.283,72.1,20000.0,0,1175.0,8,RENT,EDUCATION,1
65,24400.0,691,0.19,0.705,96.0,16800.0,17,2281.0,7,MORTGAGE,EDUCATION,0
55,102600.0,769,0.065,0.241,90.2,18400.0,11,1384.0,4,MORTGAGE,MEDICAL,0
29,117600.0,625,0.091,0.653,71.4,17500.0,11,18476.0,2,RENT,EDUCATION,0
28,44000.0,605,0.11,0.238,65.6,37400.0,1,1845.0,5,MORTGAGE,DEBTCONSOLIDATION,1
65,90200.0,677,0.261,0.245,71.4,75000.0,1,2953.0,5,RENT,PERSONAL,1
37,137900.0,653,0.459,0.315,93.9,28600.0,2,4791.0,9,RENT,DEBTCONSOLIDATION,1
37,175000.0,718,0.043,0.214,70.7,32000.0,10,7819.0,10,MORTGAGE,MEDICAL,0
53,51600.0,636,0.211,0.685,87.5,9700.0,9,12525.0,4,MORTGAGE,DEBTCONSOLIDATION,0
52,18000.0,798,0.092,0.415,100.0,11500.0,1,2356.0,8,OWN,VENTURE,0
28,36600.0,573,0.222,0.254,72.5,17200.0,3,480.0,5,MORTGAGE,PERSONAL,0
39,46300.0,764,0.182,0.247,77.5,19400.0,3,3498.0,8,MORTGAGE,VENTURE,0
58,51300.0,612,0.258,0.493,81.6,17400.0,5,1908.0,7,MORTGAGE,DEBTCONSOLIDATION,1
23,53500.0,535,0.234,0.192,62.7,6800.0,1,2484.0,6,MORTGAGE,MEDICAL,0
25,117200.0,687,0.233,0.486,73.5,10000.0,0,18399.0,7,MORTGAGE,DEBTCONSOLIDATION,0
33,128600.0,650,0.316,0.464,84.1,10300.0,0,12450.0,9,MORTGAGE,DEBTCONSOLIDATION,0
67,54000.0,586,0.243,0.561,70.3,18500.0,2,5509.0,3,RENT,EDUCATION,1
66,115700.0,543,0.194,0.554,100.0,10700.0,14,24281.0,6,RENT,EDUCATION,1
51,74200.0,669,0.341,0.23,76.1,11600.0,5,1028.0,9,RENT,EDUCATION,1
36,62200.0,743,0.297,0.244,79.9,11100.0,6,1322.0,9,RENT,DEBTCONSOLIDATION,1
52,103100.0,713,0.203,0.747,75.1,20700.0,14,27311.0,5,MORTGAGE,MEDICAL,1
42,62500.0,674,0.249,0.402,79.1,31000.0,2,9050.0,7,MORTGAGE,VENTURE,1
49,205800.0,705,0.151,0.314,73.3,7600.0,3,11661.0,3,MORTGAGE,PERSONAL,0
42,25300.0,667,0.412,0.743,57.1,22800.0,2,4494.0,8,MORTGAGE,EDUCATION,1
63,44000.0,562,0.158,0.06,77.7,7100.0,1,284.0,10,MORTGAGE,MEDICAL,0
23,55500.0,563,0.114,0.4,100.0,21100.0,7,7981.0,8,MORTGAGE,VENTURE,0
30,77900.0,654,0.131,0.772,100.0,5500.0,11,12880.0,6,MORTGAGE,VENTURE,0
62,128100.0,657,0.329,0.617,69.3,35100.0,8,19556.0,7,MORTGAGE,VENTURE,0
41,59000.0,733,0.261,0.175,62.8,11000.0,0,943.0,5,RENT,MEDICAL,1
36,25500.0,726,0.065,0.586,57.4,15500.0,1,3963.0,4,MORTGAGE,PERSONAL,1
32,99300.0,715,0.246,0.393,70.3,14500.0,4,11455.0,3,RENT,MEDICAL,1
22,94200.0,648,0.131,0.637,75.3,34600.0,1,9190.0,9,MORTGAGE,DEBTCONSOLIDATION,0
61,18700.0,566,0.466,0.393,86.8,8400.0,0,2673.0,8,RENT,PERSONAL,1
44,59700.0,700,0.044,0.384,77.0,12900.0,3,2782.0,7,RENT,PERSONAL,0
55,23100.0,709,0.106,0.678,92.5,14900.0,3,5702.0,8,RENT,EDUCATION,0
50,40200.0,490,0.379,0.23,89.1,26400.0,6,2738.0,5,RENT,PERSONAL,0
50,34800.0,607,0.274,0.416,86.2,7800.0,35,4934.0,6,RENT,EDUCATION,0
67,97300.0,618,0.225,0.654,80.5,3000.0,5,18752.0,11,MORTGAGE,EDUCATION,0
55,64200.0,678,0.159,0.282,93.9,6000.0,1,3620.0,6,MORTGAGE,DEBTCONSOLIDATION,0
39,27700.0,609,0.232,0.184,89.6,22200.0,15,846.0,6,OWN,DEBTCONSOLIDATION,0
28,101500.0,667,0.062,0.433,64.5,14100.0,4,13489.0,5,MORTGAGE,PERSONAL,0
46,25300.0,654,0.362,0.272,88.3,12700.0,5,1062.0,3,MORTGAGE,PERSONAL,0
60,73000.0,658,0.158,0.344,75.1,7400.0,2,1799.0,3,MORTGAGE,DEBTCONSOLIDATION,0
27,36700.0,616,0.008,0.474,93.0,14000.0,3,2374.0,11,RENT,DEBTCONSOLIDATION,0
50,48100.0,622,0.221,0.627,89.9,19100.0,2,9480.0,11,RENT,DEBTCONSOLIDATION,1
27,81000.0,588,0.099,0.165,100.0,12300.0,13,4379.0,4,OWN,DEBTCONSOLIDATION,0
23,81900.0,698,0.261,0.248,58.0,33100.0,8,2982.0,5,RENT,MEDICAL,1
21,133500.0,712,0.294,0.419,85.7,24100.0,0,9217.0,4,MORTGAGE,MEDICAL,1
56,57000.0,612,0.236,0.188,74.2,12200.0,1,2596.0,8,MORTGAGE,EDUCATION,0
45,72000.0,784,0.187,0.654,100.0,21700.0,0,6672.0,5,RENT,PERSONAL,1
57,46000.0,646,0.186,0.108,45.6,14000.0,3,1302.0,8,MORTGAGE,MEDICAL,0
21,66800.0,784,0.407,0.488,87.2,16600.0,1,4848.0,8,RENT,DEBTCONSOLIDATION,1
35,77900.0,621,0.193,0.487,88.7,11400.0,0,3502.0,9,RENT,PERSONAL,0
57,56400.0,518,0.178,0.271,56.3,15100.0,7,1593.0,8,MORTGAGE,PERSONAL,0
33,20300.0,700,0.065,0.636,88.2,4700.0,0,1778.0,3,MORTGAGE,PERSONAL,0
60,73000.0,688,0.122,0.525,57.8,7600.0,1,4168.0,6,MORTGAGE,PERSONAL,0
28,74500.0,672,0.218,0.403,73.3,30500.0,7,11740.0,8,OWN,PERSONAL,0
25,39800.0,621,0.273,0.189,86.9,10700.0,3,2109.0,5,RENT,MEDICAL,0
29,27700.0,667,0.131,0.777,70.3,6400.0,8,2427.0,6,RENT,DEBTCONSOLIDATION,1
21,145200.0,631,0.398,0.165,82.9,42600.0,2,4752.0,3,RENT,PERSONAL,0
56,80400.0,647,0.453,0.214,81.9,10900.0,8,2481.0,6,MORTGAGE,EDUCATION,0
55,52200.0,733,0.066,0.518,88.4,19400.0,3,7830.0,7,MORTGAGE,DEBTCONSOLIDATION,0
22,30300.0,683,0.212,0.17,69.2,9300.0,0,1821.0,6,MORTGAGE,DEBTCONSOLIDATION,0
60,36600.0,715,0.168,0.089,93.1,25500.0,3,620.0,8,MORTGAGE,PERSONAL,0
43,130800.0,652,0.13,0.23,47.3,13400.0,4,6020.0,5,RENT,VENTURE,0
29,65000.0,644,0.279,0.25,100.0,4100.0,4,3079.0,6,RENT,VENTURE,0
54,43000.0,583,0.327,0.087,78.9,57100.0,13,775.0,7,RENT,DEBTCONSOLIDATION,1
66,81300.0,642,0.151,0.637,80.1,8900.0,1,3239.0,7,RENT,PERSONAL,1
34,36700.0,420,0.096,0.371,85.7,10700.0,4,3505.0,4,RENT,DEBTCONSOLIDATION,0
24,147300.0,625,0.154,0.455,84.3,5700.0,6,25684.0,6,OWN,MEDICAL,0
50,134800.0,663,0.221,0.359,82.0,3800.0,11,15721.0,6,RENT,PERSONAL,0
51,45300.0,712,0.256,0.476,97.0,28800.0,3,7579.0,9,RENT,EDUCATION,1
58,41100.0,649,0.234,0.265,63.7,15500.0,1,1418.0,8,MORTGAGE,MEDICAL,1
31,18000.0,696,0.272,0.573,70.5,3400.0,8,2708.0,7,RENT,PERSONAL,1
55,24600.0,506,0.261,0.304,87.2,10300.0,11,2711.0,4,RENT,VENTURE,0
28,26800.0,665,0.149,0.099,77.6,17400.0,0,196.0,9,OWN,DEBTCONSOLIDATION,0
23,64900.0,544,0.294,0.607,97.5,20400.0,1,14065.0,7,RENT,MEDICAL,1
34,49200.0,579,0.363,0.38,100.0,7200.0,10,1357.0,2,RENT,VENTURE,0
33,26700.0,655,0.077,0.268,82.1,9300.0,3,2820.0,8,MORTGAGE,MEDICAL,0
65,50600.0,765,0.282,0.564,61.4,8300.0,0,2265.0,11,RENT,PERSONAL,1
52,81100.0,697,0.114,0.378,71.4,10300.0,5,5481.0,10,RENT,EDUCATION,0
54,82200.0,671,0.102,0.461,57.5,15600.0,3,2620.0,6,MORTGAGE,DEBTCONSOLIDATION,0
65,19200.0,668,0.246,0.534,89.4,23600.0,17,716.0,5,MORTGAGE,VENTURE,1
39,55400.0,616,0.079,0.253,70.6,15700.0,1,4951.0,11,RENT,EDUCATION,0
58,26100.0,629,0.379,0.385,80.1,16100.0,2,726.0,5,MORTGAGE,MEDICAL,1
36,102900.0,702,0.204,0.152,78.5,11700.0,0,5121.0,4,RENT,DEBTCONSOLIDATION,0
22,95800.0,566,0.32,0.314,95.6,5900.0,0,11052.0,2,RENT,DEBTCONSOLIDATION,0
60,34900.0,714,0.313,0.396,82.7,12100.0,1,5214.0,2,MORTGAGE,DEBTCONSOLIDATION,0
37,37800.0,640,0.131,0.443,78.8,9900.0,8,5901.0,6,RENT,EDUCATION,0
54,45400.0,731,0.19,0.573,71.0,8300.0,1,9997.0,4,OWN,PERSONAL,0
62,18000.0,742,0.208,0.332,89.2,13500.0,5,407.0,5,RENT,DEBTCONSOLIDATION,1
36,73200.0,544,0.081,0.338,68.8,4500.0,3,9867.0,6,RENT,VENTURE,1
58,50800.0,626,0.173,0.63,67.0,9600.0,3,1830.0,9,RENT,DEBTCONSOLIDATION,1
22,107200.0,605,0.139,0.626,74.9,8200.0,7,7266.0,2,MORTGAGE,PERSONAL,0
22,31000.0,534,0.274,0.303,100.0,7400.0,4,736.0,4,MORTGAGE,MEDICAL,0
46,41300.0,592,0.142,0.595,80.8,20000.0,0,7628.0,9,OWN,DEBTCONSOLIDATION,0
33,24200.0,850,0.197,0.455,81.4,14600.0,1,886.0,3,MORTGAGE,PERSONAL,0
67,32800.0,715,0.137,0.474,85.8,18600.0,3,2370.0,3,MORTGAGE,DEBTCONSOLIDATION,0
51,29500.0,813,0.212,0.624,84.8,18000.0,9,5031.0,3,MORTGAGE,VENTURE,1
54,108800.0,732,0.22,0.212,79.4,6700.0,0,5174.0,10,MORTGAGE,EDUCATION,0
59,39400.0,614,0.278,0.386,70.4,28700.0,0,1486.0,2,RENT,VENTURE,1
23,64500.0,641,0.277,0.527,76.7,9600.0,3,7904.0,5,MORTGAGE,VENTURE,0
28,47600.0,714,0.357,0.052,79.5,29500.0,1,419.0,7,MORTGAGE,MEDICAL,1
43,28000.0,702,0.338,0.515,65.0,10200.0,25,3678.0,7,MORTGAGE,VENTURE,0
34,54100.0,626,0.5,0.271,79.4,5500.0,0,3496.0,4,RENT,PERSONAL,0
47,85800.0,556,0.123,0.528,84.3,6400.0,2,17955.0,6,RENT,MEDICAL,1
49,29000.0,850,0.248,0.657,75.6,26000.0,0,6711.0,7,RENT,EDUCATION,1
59,97300.0,659,0.209,0.386,96.9,19600.0,5,1926.0,4,MORTGAGE,PERSONAL,0
59,36000.0,645,0.233,0.261,85.3,7900.0,4,1049.0,4,OWN,VENTURE,0
21,44800.0,678,0.279,0.465,72.9,15600.0,8,7699.0,7,RENT,MEDICAL,1
37,82300.0,651,0.116,0.228,77.0,26400.0,4,4481.0,6,RENT,DEBTCONSOLIDATION,0
61,40200.0,679,0.159,0.422,96.7,41800.0,1,5358.0,12,RENT,DEBTCONSOLIDATION,1
50,61200.0,766,0.04,0.38,74.6,14900.0,0,5261.0,3,MORTGAGE,EDUCATION,0
33,49600.0,660,0.273,0.617,72.4,16700.0,6,9947.0,8,MORTGAGE,VENTURE,1
41,64700.0,582,0.087,0.677,71.9,11900.0,2,4226.0,7,MORTGAGE,PERSONAL,0
39,18000.0,657,0.127,0.119,82.9,13500.0,1,660.0,4,OWN,MEDICAL,0
39,20000.0,635,0.086,0.547,84.6,20000.0,1,3877.0,1,MORTGAGE,EDUCATION,0
45,86600.0,776,0.274,0.629,90.2,6300.0,0,7788.0,4,RENT,MEDICAL,1
42,111600.0,757,0.295,0.353,73.3,21100.0,1,7049.0,5,RENT,DEBTCONSOLIDATION,1
51,34700.0,678,0.081,0.611,100.0,10200.0,7,5443.0,6,MORTGAGE,MEDICAL,0
37,51700.0,574,0.008,0.357,88.1,8000.0,4,6532.0,4,MORTGAGE,DEBTCONSOLIDATION,0
43,71500.0,578,0.289,0.465,77.0,8000.0,21,12226.0,4,MORTGAGE,VENTURE,0
52,90800.0,671,0.41,0.757,91.9,50600.0,3,16294.0,8,MORTGAGE,EDUCATION,1
30,18000.0,695,0.303,0.417,100.0,33100.0,3,2104.0,6,RENT,MEDICAL,1
30,35200.0,641,0.354,0.618,87.8,7300.0,1,7734.0,6,RENT,DEBTCONSOLIDATION,0
56,49000.0,633,0.151,0.255,100.0,16100.0,4,1636.0,6,MORTGAGE,VENTURE,0
28,91300.0,625,0.294,0.556,69.9,15700.0,4,17200.0,1,RENT,DEBTCONSOLIDATION,1
40,268100.0,668,0.368,0.531,58.9,45000.0,1,20165.0,5,MORTGAGE,EDUCATION,1
52,52200.0,491,0.065,0.355,88.4,9800.0,0,4695.0,5,RENT,VENTURE,0
34,25700.0,587,0.5,0.3,95.6,2800.0,2,2908.0,6,RENT,EDUCATION,0
48,76200.0,622,0.202,0.226,66.1,12300.0,0,3944.0,7,RENT,DEBTCONSOLIDATION,0
66,132300.0,760,0.146,0.675,96.9,11000.0,3,7385.0,8,MORTGAGE,MEDICAL,0
44,63900.0,608,0.34,0.499,76.8,18400.0,3,11592.0,10,MORTGAGE,DEBTCONSOLIDATION,0
35,34800.0,683,0.087,0.393,89.3,24400.0,4,3484.0,5,RENT,VENTURE,1
42,106400.0,686,0.185,0.206,85.2,29800.0,4,1642.0,2,RENT,DEBTCONSOLIDATION,0
50,89200.0,767,0.147,0.361,87.6,29100.0,5,1729.0,9,RENT,MEDICAL,0
24,32300.0,764,0.083,0.099,88.8,21100.0,1,452.0,6,MORTGAGE,PERSONAL,0
33,75300.0,665,0.371,0.256,81.0,27900.0,6,1775.0,8,RENT,VENTURE,1
43,108900.0,634,0.137,0.66,76.8,5100.0,3,19403.0,5,MORTGAGE,EDUCATION,0
28,121700.0,620,0.286,0.429,86.1,11200.0,2,13514.0,4,RENT,DEBTCONSOLIDATION,0
38,57500.0,651,0.234,0.432,78.7,13400.0,5,8553.0,4,MORTGAGE,PERSONAL,0
32,48300.0,637,0.438,0.618,73.7,18400.0,3,6856.0,6,MORTGAGE,PERSONAL,1
51,125000.0,711,0.305,0.245,85.8,8600.0,3,4244.0,6,OWN,VENTURE,0
34,29000.0,701,0.089,0.335,74.8,8400.0,0,657.0,8,RENT,EDUCATION,1
54,77900.0,714,0.15,0.265,79.7,10400.0,8,1108.0,7,MORTGAGE,PERSONAL,0
38,26300.0,764,0.082,0.216,75.6,18100.0,2,2125.0,11,MORTGAGE,DEBTCONSOLIDATION,0
54,113500.0,809,0.477,0.388,100.0,2000.0,3,4429.0,7,MORTGAGE,MEDICAL,0
31,51300.0,679,0.28,0.063,83.3,13200.0,2,726.0,8,MORTGAGE,MEDICAL,0
61,128200.0,752,0.255,0.431,63.0,8100.0,4,18133.0,5,MORTGAGE,EDUCATION,0
32,80400.0,643,0.068,0.454,97.0,7300.0,0,13689.0,6,MORTGAGE,PERSONAL,0
35,28700.0,758,0.152,0.522,60.2,16900.0,2,1807.0,7,RENT,PERSONAL,1
51,140800.0,749,0.069,0.436,100.0,14800.0,5,8053.0,7,OWN,EDUCATION,0
49,151900.0,745,0.291,0.16,82.5,15400.0,13,2744.0,5,MORTGAGE,MEDICAL,0
46,101700.0,677,0.14,0.357,74.5,15000.0,9,3835.0,7,MORTGAGE,DEBTCONSOLIDATION,0
38,37900.0,619,0.203,0.29,77.6,35600.0,16,2300.0,2,RENT,PERSONAL,1
52,49800.0,565,0.27,0.531,62.9,30500.0,7,7208.0,3,RENT,DEBTCONSOLIDATION,1
42,65300.0,666,0.223,0.627,80.8,5000.0,5,12168.0,5,RENT,MEDICAL,1
58,39300.0,784,0.233,0.67,76.7,9500.0,2,4332.0,9,OWN,MEDICAL,1
37,165300.0,646,0.102,0.074,81.2,10300.0,0,3282.0,6,OWN,PERSONAL,0
43,65300.0,728,0.268,0.101,92.8,4600.0,1,335.0,4,RENT,DEBTCONSOLIDATION,0
44,18000.0,733,0.054,0.513,85.6,75000.0,1,3333.0,7,RENT,DEBTCONSOLIDATION,1
28,73400.0,648,0.164,0.368,68.1,14400.0,2,9573.0,7,MORTGAGE,VENTURE,0
61,48600.0,768,0.041,0.803,70.1,5800.0,4,9383.0,7,RENT,PERSONAL,0
26,57200.0,451,0.292,0.285,85.0,28200.0,4,2204.0,7,MORTGAGE,EDUCATION,0
25,48000.0,578,0.201,0.402,87.9,14700.0,3,7531.0,6,RENT,DEBTCONSOLIDATION,1
64,97200.0,601,0.281,0.439,81.1,7900.0,1,14240.0,6,MORTGAGE,EDUCATION,0
49,117200.0,608,0.224,0.155,88.7,21800.0,0,1016.0,4,RENT,EDUCATION,0
48,71000.0,695,0.135,0.239,83.7,25400.0,22,3638.0,8,RENT,PERSONAL,0
31,48800.0,691,0.085,0.264,84.1,21700.0,14,1104.0,2,MORTGAGE,PERSONAL,0
21,58400.0,699,0.416,0.339,92.1,19600.0,1,1906.0,8,MORTGAGE,EDUCATION,0
63,60600.0,714,0.412,0.142,100.0,8100.0,4,434.0,6,MORTGAGE,MEDICAL,0
39,37000.0,598,0.452,0.647,85.6,4200.0,1,6959.0,5,RENT,DEBTCONSOLIDATION,1
29,84700.0,578,0.042,0.309,100.0,5800.0,1,3622.0,8,MORTGAGE,DEBTCONSOLIDATION,0
47,78900.0,699,0.229,0.805,83.7,9600.0,5,9952.0,9,RENT,EDUCATION,1
54,150900.0,622,0.305,0.46,83.5,4000.0,7,4613.0,6,OWN,DEBTCONSOLIDATION,0
64,127200.0,552,0.082,0.531,100.0,47200.0,2,3565.0,12,RENT,MEDICAL,0
24,39700.0,742,0.221,0.041,80.0,6700.0,0,533.0,5,MORTGAGE,DEBTCONSOLIDATION,0
56,97900.0,774,0.189,0.357,60.3,11700.0,2,9838.0,11,MORTGAGE,DEBTCONSOLIDATION,0
38,33800.0,786,0.132,0.158,68.9,14700.0,3,982.0,4,RENT,VENTURE,0
35,90900.0,684,0.037,0.159,92.9,28900.0,11,1076.0,7,MORTGAGE,PERSONAL,0
33,43900.0,716,0.306,0.531,87.9,18800.0,5,7495.0,6,RENT,DEBTCONSOLIDATION,1
39,32400.0,772,0.186,0.538,70.9,15300.0,6,6523.0,9,RENT,PERSONAL,1
26,70800.0,621,0.447,0.646,58.5,68600.0,1,10730.0,4,OWN,DEBTCONSOLIDATION,1
32,18000.0,753,0.261,0.361,77.4,41200.0,6,641.0,6,RENT,MEDICAL,1
57,20900.0,690,0.311,0.275,96.4,17600.0,3,1600.0,6,MORTGAGE,MEDICAL,1
37,53800.0,738,0.15,0.334,80.6,16400.0,8,1348.0,5,MORTGAGE,DEBTCONSOLIDATION,0
43,62900.0,683,0.267,0.232,77.7,12200.0,1,1575.0,5,MORTGAGE,VENTURE,0
46,48000.0,767,0.314,0.253,68.8,22200.0,3,2608.0,2,RENT,PERSONAL,1
49,23200.0,686,0.064,0.409,78.1,10300.0,1,1301.0,7,MORTGAGE,EDUCATION,0
53,36700.0,558,0.097,0.551,88.4,8000.0,1,7595.0,4,MORTGAGE,DEBTCONSOLIDATION,0
47,75700.0,778,0.224,0.213,79.7,35400.0,8,5371.0,5,MORTGAGE,EDUCATION,0
45,84900.0,598,0.337,0.17,80.0,7800.0,5,2120.0,7,RENT,DEBTCONSOLIDATION,0
30,59300.0,763,0.418,0.352,95.5,13000.0,6,8085.0,8,RENT,VENTURE,0
67,119900.0,663,0.098,0.222,72.6,10200.0,0,4855.0,7,RENT,DEBTCONSOLIDATION,0
43,76000.0,758,0.089,0.433,87.6,12700.0,6,8192.0,9,MORTGAGE,DEBTCONSOLIDATION,0
41,38200.0,755,0.267,0.499,80.1,15400.0,3,4716.0,8,RENT,MEDICAL,1
41,50600.0,702,0.371,0.491,100.0,13400.0,3,6891.0,8,RENT,PERSONAL,0
63,25800.0,708,0.093,0.662,92.4,7200.0,2,2310.0,4,RENT,EDUCATION,1
33,56100.0,701,0.246,0.641,98.0,10000.0,9,13403.0,1,OWN,EDUCATION,0
57,116700.0,518,0.004,0.222,89.4,21100.0,0,3704.0,9,RENT,MEDICAL,0
53,90300.0,678,0.31,0.417,76.1,15600.0,8,10645.0,6,MORTGAGE,EDUCATION,0
44,138900.0,586,0.395,0.04,99.0,17600.0,13,1767.0,4,RENT,DEBTCONSOLIDATION,0
64,49900.0,682,0.053,0.101,86.3,25200.0,0,1807.0,4,MORTGAGE,EDUCATION,0
31,134300.0,584,0.287,0.776,84.7,19500.0,35,21878.0,2,MORTGAGE,DEBTCONSOLIDATION,0
37,53300.0,581,0.25,0.519,72.5,8800.0,23,8274.0,6,OWN,VENTURE,0
24,144800.0,790,0.23,0.642,90.9,16800.0,4,7426.0,9,MORTGAGE,EDUCATION,0
67,59100.0,750,0.182,0.506,76.9,16500.0,1,9638.0,4,RENT,MEDICAL,1
45,91500.0,669,0.119,0.116,75.7,4400.0,2,3338.0,11,OWN,EDUCATION,0
50,145100.0,683,0.039,0.458,85.6,4100.0,0,12873.0,4,RENT,MEDICAL,1
29,53300.0,651,0.28,0.258,74.6,18200.0,0,2196.0,5,RENT,MEDICAL,1
41,68300.0,712,0.233,0.495,72.9,9000.0,6,6189.0,4,MORTGAGE,VENTURE,0
40,129700.0,619,0.207,0.469,70.8,9700.0,4,4970.0,2,MORTGAGE,EDUCATION,0
39,55300.0,744,0.294,0.544,94.3,16200.0,4,8220.0,7,MORTGAGE,DEBTCONSOLIDATION,0
39,27100.0,651,0.056,0.355,99.2,13500.0,1,3555.0,7,RENT,PERSONAL,1
32,216600.0,638,0.442,0.433,100.0,12800.0,1,26542.0,4,RENT,EDUCATION,0
57,45200.0,671,0.402,0.495,93.2,38100.0,22,5665.0,7,MORTGAGE,VENTURE,0
62,65900.0,625,0.061,0.502,54.2,11200.0,4,13125.0,8,RENT,MEDICAL,1
37,119800.0,694,0.19,0.415,85.8,16000.0,8,11914.0,7,RENT,PERSONAL,0
57,41600.0,629,0.501,0.846,79.0,8800.0,2,6020.0,9,RENT,DEBTCONSOLIDATION,1
59,32700.0,705,0.313,0.475,100.0,27600.0,9,4607.0,5,RENT,VENTURE,1
48,69700.0,761,0.336,0.246,86.7,16900.0,6,3986.0,4,OWN,MEDICAL,0
61,20400.0,616,0.212,0.432,72.0,45800.0,2,3439.0,4,OWN,DEBTCONSOLIDATION,1
55,50400.0,660,0.195,0.191,73.3,14800.0,6,3507.0,5,OWN,DEBTCONSOLIDATION,0
67,69400.0,704,0.201,0.628,61.0,16600.0,12,16622.0,2,RENT,EDUCATION,1
38,50900.0,637,0.135,0.468,81.2,13000.0,1,1200.0,10,MORTGAGE,MEDICAL,0
34,23700.0,704,0.209,0.393,63.2,40200.0,3,1555.0,6,MORTGAGE,DEBTCONSOLIDATION,1
55,155800.0,711,0.307,0.418,57.8,17300.0,17,17553.0,7,MORTGAGE,PERSONAL,0
64,63700.0,751,0.094,0.042,70.8,12600.0,8,422.0,5,MORTGAGE,EDUCATION,0
61,141300.0,624,0.241,0.522,69.7,7100.0,4,20634.0,7,RENT,EDUCATION,0
27,51200.0,599,0.183,0.275,82.9,2900.0,0,4227.0,6,OWN,EDUCATION,0
61,35300.0,646,0.322,0.354,86.7,14200.0,2,3351.0,6,RENT,MEDICAL,1
33,70400.0,597,0.07,0.398,82.1,10800.0,5,5895.0,4,MORTGAGE,VENTURE,0
38,52600.0,712,0.328,0.526,80.7,2000.0,2,8130.0,8,RENT,MEDICAL,1
57,29500.0,582,0.277,0.67,86.7,10000.0,29,6387.0,4,RENT,PERSONAL,0
33,144600.0,844,0.162,0.534,95.8,6400.0,6,22673.0,5,RENT,DEBTCONSOLIDATION,0
56,41200.0,767,0.291,0.223,70.0,42900.0,1,3071.0,8,RENT,PERSONAL,1
51,19800.0,670,0.075,0.326,85.9,12800.0,3,2463.0,5,MORTGAGE,EDUCATION,0
22,132800.0,735,0.163,0.581,82.3,31800.0,2,6626.0,7,OWN,PERSONAL,1
36,44200.0,547,0.481,0.438,86.9,18300.0,4,7110.0,7,MORTGAGE,EDUCATION,0
29,41600.0,850,0.179,0.211,79.7,27200.0,2,1279.0,5,RENT,EDUCATION,1
29,20800.0,625,0.165,0.594,71.3,66900.0,1,3056.0,8,MORTGAGE,EDUCATION,1
58,170200.0,660,0.252,0.158,80.3,23700.0,6,10214.0,7,RENT,DEBTCONSOLIDATION,0
31,27600.0,530,0.155,0.447,73.3,75000.0,0,3294.0,6,RENT,VENTURE,1
42,62000.0,706,0.232,0.524,70.1,20700.0,3,2581.0,4,RENT,DEBTCONSOLIDATION,1
53,103500.0,587,0.218,0.526,96.2,31400.0,1,12235.0,7,RENT,MEDICAL,1
56,77100.0,677,0.219,0.382,83.8,10600.0,16,10692.0,8,MORTGAGE,MEDICAL,0
65,57800.0,629,0.099,0.314,58.3,4900.0,1,3525.0,9,RENT,DEBTCONSOLIDATION,1
43,21600.0,589,0.267,0.377,42.5,2300.0,2,2824.0,5,MORTGAGE,MEDICAL,1
65,36800.0,609,0.122,0.553,80.2,24800.0,6,6674.0,6,RENT,PERSONAL,1
65,67000.0,686,0.19,0.668,74.4,9500.0,0,16437.0,2,MORTGAGE,MEDICAL,0
54,37300.0,573,0.119,0.203,82.3,10500.0,1,1076.0,7,RENT,PERSONAL,0
29,67600.0,613,0.21,0.419,84.9,10400.0,5,6339.0,10,MORTGAGE,DEBTCONSOLIDATION,0
44,90100.0,719,0.226,0.509,81.8,8400.0,0,7674.0,7,RENT,PERSONAL,1
28,106700.0,850,0.192,0.641,72.6,42600.0,1,16209.0,8,MORTGAGE,DEBTCONSOLIDATION,0
27,28700.0,705,0.141,0.31,93.7,7200.0,0,504.0,5,RENT,PERSONAL,0
56,223700.0,601,0.117,0.345,68.0,18800.0,0,10387.0,11,MORTGAGE,EDUCATION,0
38,94900.0,642,0.013,0.739,96.6,18800.0,4,27415.0,4,OWN,PERSONAL,0
23,59800.0,672,0.251,0.027,89.0,4700.0,3,422.0,7,MORTGAGE,EDUCATION,0
48,115100.0,643,0.117,0.201,74.1,20000.0,0,2560.0,6,RENT,PERSONAL,0
26,247500.0,737,0.316,0.282,87.3,6000.0,0,15907.0,11,MORTGAGE,EDUCATION,0
64,25300.0,686,0.266,0.694,77.7,12500.0,0,5167.0,2,RENT,EDUCATION,1
64,52300.0,738,0.147,0.742,98.4,10200.0,0,10140.0,5,RENT,VENTURE,1
41,18000.0,646,0.091,0.46,74.4,13900.0,0,1869.0,2,RENT,MEDICAL,1
48,67200.0,769,0.139,0.567,91.7,20400.0,0,10893.0,5,RENT,VENTURE,0
60,74600.0,657,0.414,0.663,66.8,7200.0,0,5363.0,6,MORTGAGE,MEDICAL,1
21,58500.0,597,0.286,0.293,86.1,8900.0,5,3486.0,1,RENT,DEBTCONSOLIDATION,0
56,40400.0,833,0.157,0.693,85.6,4300.0,14,8752.0,6,RENT,EDUCATION,1
41,18000.0,533,0.09,0.437,89.6,6200.0,9,1989.0,4,MORTGAGE,EDUCATION,0
63,74900.0,614,0.208,0.546,87.9,22700.0,1,15017.0,4,MORTGAGE,PERSONAL,0
55,143400.0,622,0.161,0.023,78.3,10300.0,1,677.0,5,MORTGAGE,DEBTCONSOLIDATION,0
33,42000.0,850,0.308,0.414,58.7,25300.0,0,1674.0,8,MORTGAGE,MEDICAL,1
30,78000.0,805,0.064,0.483,65.9,6900.0,0,2527.0,9,MORTGAGE,DEBTCONSOLIDATION,0
64,23400.0,782,0.212,0.279,57.2,7800.0,4,1417.0,7,MORTGAGE,DEBTCONSOLIDATION,0
67,78800.0,645,0.411,0.569,78.8,28900.0,31,9109.0,3,RENT,EDUCATION,0
30,47300.0,850,0.172,0.387,95.6,15700.0,9,2559.0,6,MORTGAGE,MEDICAL,0
66,37900.0,697,0.057,0.182,73.1,4700.0,3,1771.0,5,RENT,MEDICAL,1
33,37900.0,743,0.167,0.616,77.2,9000.0,2,3212.0,2,MORTGAGE,DEBTCONSOLIDATION,0
57,47300.0,683,0.154,0.619,74.9,24400.0,0,3681.0,3,RENT,PERSONAL,1
58,75300.0,666,0.125,0.343,85.0,11900.0,2,6916.0,6,RENT,DEBTCONSOLIDATION,0
44,27200.0,651,0.19,0.482,84.1,31300.0,4,4992.0,2,RENT,PERSONAL,1
22,47200.0,654,0.215,0.596,77.0,5400.0,4,3403.0,6,MORTGAGE,EDUCATION,0
42,58400.0,715,0.316,0.222,70.4,31200.0,4,1478.0,6,RENT,DEBTCONSOLIDATION,1
37,31000.0,697,0.242,0.896,89.5,5800.0,8,6438.0,6,MORTGAGE,PERSONAL,0
56,176000.0,667,0.276,0.313,95.1,15900.0,3,5057.0,8,MORTGAGE,PERSONAL,0
34,35900.0,783,0.255,0.927,91.6,25900.0,3,5089.0,8,RENT,PERSONAL,1
30,40100.0,447,0.07,0.239,68.3,14600.0,1,3803.0,6,OWN,PERSONAL,0
55,33300.0,708,0.2,0.377,54.7,19900.0,0,4323.0,6,RENT,MEDICAL,1
45,176100.0,723,0.25,0.197,79.1,27400.0,0,10308.0,6,MORTGAGE,DEBTCONSOLIDATION,0
23,83400.0,756,0.286,0.309,98.5,18600.0,1,1523.0,5,OWN,VENTURE,0
67,34100.0,665,0.414,0.35,58.1,10700.0,5,1704.0,9,RENT,DEBTCONSOLIDATION,1
58,116300.0,685,0.152,0.31,77.1,11400.0,4,8991.0,5,RENT,PERSONAL,0
37,67500.0,743,0.146,0.504,100.0,7400.0,3,10158.0,7,RENT,EDUCATION,0
32,69900.0,781,0.216,0.676,93.8,5700.0,7,13416.0,6,MORTGAGE,MEDICAL,0
44,48700.0,647,0.138,0.65,84.8,33600.0,1,3638.0,5,MORTGAGE,EDUCATION,0
49,38200.0,690,0.093,0.79,67.7,20500.0,5,6434.0,2,OWN,VENTURE,0
63,73300.0,795,0.104,0.754,99.9,36800.0,4,6603.0,3,MORTGAGE,DEBTCONSOLIDATION,0
45,43200.0,510,0.147,0.785,79.8,20500.0,2,12658.0,10,OWN,VENTURE,1
56,178100.0,618,0.043,0.213,55.0,10400.0,1,9298.0,6,RENT,DEBTCONSOLIDATION,0
46,28000.0,779,0.42,0.47,99.4,5900.0,4,2456.0,5,MORTGAGE,DEBTCONSOLIDATION,0
58,150500.0,751,0.164,0.377,69.6,9300.0,14,21067.0,6,RENT,EDUCATION,0
21,56000.0,709,0.163,0.261,100.0,21400.0,0,5355.0,5,RENT,MEDICAL,0
40,71600.0,636,0.223,0.224,79.8,8100.0,15,3632.0,5,MORTGAGE,VENTURE,0
48,98700.0,603,0.036,0.437,87.1,33600.0,3,12524.0,5,MORTGAGE,MEDICAL,0
36,41000.0,625,0.384,0.431,83.1,10400.0,6,2856.0,9,MORTGAGE,MEDICAL,1
67,100600.0,786,0.236,0.459,78.8,5700.0,8,7281.0,13,MORTGAGE,EDUCATION,0
37,18000.0,622,0.193,0.528,91.5,10700.0,0,2303.0,2,RENT,MEDICAL,1
60,38900.0,677,0.253,0.244,84.4,15700.0,0,3287.0,8,MORTGAGE,EDUCATION,0
48,34400.0,613,0.192,0.213,82.7,43900.0,0,1898.0,4,RENT,PERSONAL,0
32,28200.0,733,0.203,0.556,69.6,14500.0,2,3303.0,5,RENT,EDUCATION,1
47,52600.0,629,0.195,0.388,80.2,8600.0,15,5764.0,5,OWN,EDUCATION,0
62,75500.0,662,0.052,0.647,67.9,36000.0,0,16330.0,8,MORTGAGE,PERSONAL,0
67,91300.0,543,0.163,0.226,86.9,29900.0,12,6718.0,5,MORTGAGE,MEDICAL,0
50,69200.0,548,0.232,0.55,86.1,12400.0,4,6840.0,9,MORTGAGE,MEDICAL,0
61,40200.0,670,0.306,0.389,84.1,4300.0,0,5903.0,6,RENT,PERSONAL,0
54,74700.0,570,0.313,0.321,96.9,8900.0,0,1331.0,7,MORTGAGE,MEDICAL,0
57,64500.0,827,0.105,0.339,91.6,22200.0,5,4543.0,10,MORTGAGE,PERSONAL,0
26,105000.0,515,0.178,0.585,100.0,32000.0,4,22582.0,3,RENT,DEBTCONSOLIDATION,0
27,95400.0,609,0.02,0.274,93.8,14800.0,0,7675.0,6,RENT,EDUCATION,0
52,61000.0,671,0.259,0.729,83.9,12600.0,11,13180.0,3,RENT,PERSONAL,1
52,34900.0,642,0.319,0.3,78.4,9300.0,0,1097.0,9,OWN,EDUCATION,1
45,40500.0,587,0.012,0.557,65.1,22500.0,3,5724.0,6,RENT,VENTURE,1
53,43100.0,598,0.159,0.622,98.5,6600.0,3,10413.0,9,MORTGAGE,MEDICAL,0
27,49600.0,595,0.006,0.408,88.8,9100.0,10,2510.0,4,RENT,MEDICAL,0
32,70300.0,648,0.334,0.2,76.6,34900.0,0,2313.0,6,RENT,MEDICAL,1
36,92000.0,816,0.04,0.176,85.7,26400.0,0,3012.0,4,RENT,VENTURE,0
36,58100.0,675,0.511,0.279,83.6,37800.0,0,2852.0,10,OWN,DEBTCONSOLIDATION,1
63,60500.0,758,0.128,0.365,80.9,8500.0,0,5951.0,5,RENT,VENTURE,1
56,65300.0,708,0.267,0.267,93.1,5600.0,4,2303.0,9,RENT,PERSONAL,0
33,43900.0,753,0.057,0.84,63.4,37700.0,1,8371.0,7,OWN,MEDICAL,1
27,34400.0,460,0.167,0.282,92.2,22400.0,4,1844.0,8,RENT,PERSONAL,1
56,20900.0,647,0.135,0.788,97.8,27400.0,7,4538.0,3,MORTGAGE,PERSONAL,1
67,39500.0,768,0.267,0.387,68.7,22600.0,2,2059.0,5,RENT,VENTURE,1
29,79500.0,627,0.132,0.688,58.5,49000.0,7,13324.0,5,MORTGAGE,PERSONAL,0
52,39300.0,802,0.177,0.299,87.6,21900.0,7,3632.0,8,RENT,VENTURE,0
31,51900.0,781,0.096,0.325,93.6,15500.0,1,4934.0,4,RENT,MEDICAL,0
28,79200.0,634,0.192,0.511,71.4,16800.0,0,13841.0,8,MORTGAGE,EDUCATION,0
53,81800.0,632,0.088,0.283,65.2,15700.0,0,8905.0,8,RENT,DEBTCONSOLIDATION,1
43,31300.0,593,0.091,0.379,59.4,40300.0,8,4139.0,5,OWN,DEBTCONSOLIDATION,1
45,108900.0,622,0.476,0.34,95.0,32200.0,2,14010.0,6,MORTGAGE,PERSONAL,1
28,117800.0,577,0.155,0.206,80.7,40600.0,9,1362.0,2,RENT,DEBTCONSOLIDATION,0
65,30400.0,702,0.222,0.47,97.6,3300.0,3,3860.0,6,RENT,MEDICAL,1
42,36500.0,560,0.062,0.349,48.7,11400.0,1,1831.0,3,OWN,MEDICAL,0
24,122400.0,715,0.104,0.223,83.0,7200.0,6,9093.0,5,RENT,PERSONAL,0
60,54800.0,717,0.262,0.47,95.4,49800.0,4,8671.0,4,MORTGAGE,DEBTCONSOLIDATION,0
23,18000.0,545,0.094,0.181,70.7,8100.0,2,217.0,10,RENT,DEBTCONSOLIDATION,0
49,25900.0,786,0.109,0.107,90.9,20700.0,0,716.0,7,MORTGAGE,VENTURE,0
61,51600.0,708,0.199,0.699,69.3,54600.0,0,12545.0,7,RENT,EDUCATION,1
49,29800.0,726,0.14,0.243,70.6,17100.0,1,1851.0,5,RENT,PERSONAL,1
54,46700.0,613,0.149,0.672,82.8,10500.0,5,6243.0,5,RENT,MEDICAL,1
54,61000.0,716,0.51,0.498,74.7,15700.0,6,2335.0,4,RENT,EDUCATION,1
48,144000.0,754,0.134,0.56,98.4,5300.0,4,24643.0,8,MORTGAGE,EDUCATION,0
33,50300.0,662,0.232,0.269,82.1,4800.0,2,1030.0,5,OWN,EDUCATION,0
35,114000.0,820,0.382,0.49,98.9,20000.0,2,14483.0,1,MORTGAGE,PERSONAL,0
43,141100.0,673,0.189,0.253,90.1,2500.0,6,13250.0,10,OWN,DEBTCONSOLIDATION,0
64,141600.0,755,0.064,0.622,71.1,12900.0,5,17323.0,5,RENT,DEBTCONSOLIDATION,1
46,71000.0,691,0.208,0.244,84.7,12300.0,7,5536.0,4,RENT,PERSONAL,0
24,18400.0,713,0.045,0.409,72.0,53400.0,1,2483.0,5,RENT,DEBTCONSOLIDATION,1
46,78900.0,544,0.006,0.168,95.8,19600.0,0,711.0,2,MORTGAGE,PERSONAL,0
60,112300.0,697,0.218,0.451,99.5,11100.0,1,18751.0,1,OWN,DEBTCONSOLIDATION,0
29,57000.0,614,0.101,0.263,61.3,26200.0,2,1740.0,3,MORTGAGE,PERSONAL,0
25,170500.0,606,0.379,0.34,88.8,15400.0,16,8634.0,7,MORTGAGE,MEDICAL,0
52,100300.0,800,0.472,0.385,96.5,6300.0,1,13700.0,8,MORTGAGE,EDUCATION,0
40,84200.0,653,0.458,0.144,92.7,16600.0,8,3520.0,7,MORTGAGE,MEDICAL,0
31,114900.0,594,0.25,0.46,80.8,15100.0,4,9522.0,5,RENT,EDUCATION,1
35,73100.0,643,0.337,0.76,100.0,14300.0,0,4487.0,3,MORTGAGE,PERSONAL,1
52,18000.0,572,0.06,0.327,84.8,18500.0,2,1090.0,8,MORTGAGE,VENTURE,0
48,44400.0,777,0.062,0.641,64.2,28500.0,3,11049.0,8,RENT,MEDICAL,1
42,122800.0,617,0.202,0.487,90.3,17500.0,2,5180.0,6,RENT,PERSONAL,0
61,36900.0,709,0.131,0.482,95.1,5500.0,1,6156.0,4,RENT,MEDICAL,0
37,52400.0,771,0.219,0.334,89.1,4700.0,1,2868.0,2,MORTGAGE,PERSONAL,0
46,32000.0,632,0.208,0.515,84.5,10300.0,4,4600.0,5,OWN,MEDICAL,0
64,174600.0,709,0.391,0.557,65.3,9900.0,5,26359.0,7,RENT,EDUCATION,1
27,164200.0,592,0.207,0.666,62.2,17300.0,3,17930.0,11,MORTGAGE,MEDICAL,1
62,35200.0,850,0.045,0.646,70.4,34200.0,14,1569.0,8,MORTGAGE,MEDICAL,1
46,65400.0,740,0.289,0.802,53.1,40300.0,6,5355.0,5,RENT,PERSONAL,1
45,39800.0,655,0.087,0.646,100.0,8600.0,11,6377.0,4,RENT,MEDICAL,0
30,86600.0,612,0.294,0.243,82.8,3900.0,3,8041.0,5,MORTGAGE,EDUCATION,0
65,81300.0,661,0.247,0.68,78.0,14000.0,0,20677.0,4,RENT,EDUCATION,1
39,97400.0,644,0.307,0.519,64.7,29000.0,4,4535.0,4,RENT,VENTURE,1
31,73100.0,816,0.271,0.466,66.6,9900.0,8,12138.0,5,RENT,PERSONAL,1
33,348400.0,578,0.39,0.241,82.2,14000.0,3,11069.0,4,RENT,EDUCATION,0
28,32300.0,680,0.047,0.272,78.5,11900.0,4,3237.0,6,MORTGAGE,PERSONAL,0
60,21500.0,668,0.106,0.505,83.6,40700.0,18,3425.0,7,RENT,DEBTCONSOLIDATION,1
24,47300.0,661,0.326,0.753,66.1,67200.0,2,13764.0,8,MORTGAGE,PERSONAL,1
67,23400.0,661,0.09,0.578,86.6,21400.0,8,2767.0,9,MORTGAGE,DEBTCONSOLIDATION,0
51,24500.0,661,0.079,0.531,97.4,21700.0,3,3982.0,3,RENT,MEDICAL,1
48,32800.0,735,0.244,0.261,78.6,5000.0,3,2631.0,8,RENT,EDUCATION,1
31,34400.0,715,0.221,0.567,91.4,10000.0,0,4362.0,8,RENT,MEDICAL,1
63,33800.0,701,0.324,0.614,79.9,24800.0,6,8116.0,7,RENT,MEDICAL,1
21,81700.0,442,0.086,0.491,77.4,17800.0,8,5427.0,10,MORTGAGE,MEDICAL,0
67,44200.0,692,0.312,0.233,87.1,19100.0,2,4070.0,10,MORTGAGE,EDUCATION,0
58,53800.0,545,0.299,0.147,76.4,4000.0,7,2643.0,5,OWN,DEBTCONSOLIDATION,0
44,102400.0,718,0.146,0.543,74.5,3000.0,4,14770.0,7,MORTGAGE,VENTURE,0
67,37800.0,780,0.087,0.636,95.0,52500.0,1,1838.0,6,RENT,DEBTCONSOLIDATION,1
51,51100.0,600,0.396,0.382,60.2,12000.0,12,2748.0,5,RENT,DEBTCONSOLIDATION,1
61,74600.0,650,0.115,0.566,83.1,4200.0,5,14544.0,7,RENT,EDUCATION,1
66,18700.0,625,0.198,0.726,69.3,12300.0,10,4139.0,9,RENT,EDUCATION,1
46,18000.0,762,0.073,0.46,100.0,4900.0,1,3204.0,9,RENT,MEDICAL,0
25,73700.0,677,0.182,0.483,92.9,6000.0,12,6723.0,7,MORTGAGE,PERSONAL,0
40,80400.0,799,0.195,0.303,97.3,7900.0,2,8845.0,3,MORTGAGE,EDUCATION,0
61,206600.0,701,0.124,0.316,84.4,4900.0,0,22957.0,7,RENT,PERSONAL,0
31,65800.0,688,0.227,0.246,89.6,2000.0,0,6283.0,4,RENT,PERSONAL,0
53,97900.0,675,0.154,0.41,84.5,22700.0,0,5835.0,5,RENT,EDUCATION,0
58,53200.0,731,0.219,0.271,75.2,8900.0,1,3216.0,3,MORTGAGE,MEDICAL,0
47,71600.0,539,0.406,0.783,100.0,26000.0,1,4392.0,9,MORTGAGE,DEBTCONSOLIDATION,0
54,162800.0,676,0.067,0.587,90.4,13700.0,0,24543.0,2,MORTGAGE,PERSONAL,0
35,18000.0,664,0.186,0.222,72.1,3700.0,11,1224.0,6,MORTGAGE,PERSONAL,0
52,76700.0,724,0.12,0.554,63.2,13100.0,8,5664.0,6,MORTGAGE,DEBTCONSOLIDATION,0
41,215600.0,655,0.26,0.452,69.8,36000.0,7,10659.0,5,MORTGAGE,MEDICAL,0
66,70900.0,592,0.139,0.433,82.7,12500.0,3,8407.0,3,MORTGAGE,MEDICAL,0
25,161200.0,670,0.078,0.455,74.2,8000.0,2,13759.0,5,MORTGAGE,PERSONAL,0
26,41000.0,588,0.076,0.448,93.2,4900.0,2,3661.0,5,OWN,EDUCATION,0
58,58700.0,525,0.117,0.348,85.3,8900.0,1,4390.0,7,RENT,MEDICAL,1
42,61100.0,724,0.136,0.537,79.0,5900.0,4,7514.0,10,MORTGAGE,EDUCATION,0
38,18000.0,713,0.157,0.202,82.0,9600.0,0,431.0,8,MORTGAGE,DEBTCONSOLIDATION,0
34,29700.0,705,0.08,0.253,80.5,2900.0,5,1895.0,7,OWN,MEDICAL,0
30,31000.0,767,0.207,0.301,79.2,5700.0,3,692.0,7,RENT,DEBTCONSOLIDATION,1
66,98100.0,620,0.375,0.551,86.6,20300.0,8,4850.0,10,OWN,VENTURE,0
33,101000.0,562,0.291,0.249,75.8,14800.0,18,7520.0,5,MORTGAGE,PERSONAL,0
51,72700.0,664,0.318,0.377,68.0,10600.0,10,8387.0,5,RENT,MEDICAL,1
50,98200.0,643,0.549,0.583,91.0,5500.0,6,8199.0,5,RENT,PERSONAL,1
23,54300.0,606,0.334,0.41,72.5,42200.0,2,2552.0,6,RENT,DEBTCONSOLIDATION,1
50,123200.0,664,0.318,0.284,96.9,61300.0,1,2411.0,4,MORTGAGE,EDUCATION,0
26,60200.0,624,0.397,0.633,80.0,5600.0,5,7492.0,5,MORTGAGE,EDUCATION,0
49,62000.0,532,0.032,0.238,76.6,24400.0,1,3367.0,11,MORTGAGE,DEBTCONSOLIDATION,0
28,51100.0,636,0.067,0.142,70.8,5800.0,0,2647.0,4,MORTGAGE,EDUCATION,0
64,90300.0,584,0.117,0.663,78.3,19400.0,4,3045.0,5,RENT,MEDICAL,1
65,46500.0,687,0.031,0.336,86.2,2500.0,2,3001.0,10,RENT,VENTURE,0
63,107600.0,620,0.165,0.583,72.5,8700.0,10,12342.0,6,RENT,PERSONAL,0
64,30400.0,753,0.11,0.137,90.8,15300.0,5,1501.0,4,MORTGAGE,EDUCATION,0
53,31000.0,790,0.211,0.621,68.7,17500.0,5,2283.0,7,RENT,PERSONAL,1
37,90400.0,720,0.247,0.249,93.0,6500.0,7,1647.0,8,MORTGAGE,VENTURE,0
31,56800.0,553,0.078,0.332,83.3,20200.0,2,3462.0,3,MORTGAGE,PERSONAL,0
33,45600.0,782,0.277,0.356,76.6,12600.0,15,4291.0,6,RENT,DEBTCONSOLIDATION,0
31,102100.0,788,0.327,0.269,86.6,4800.0,1,9622.0,7,MORTGAGE,EDUCATION,0
51,41600.0,671,0.209,0.42,100.0,6100.0,10,2519.0,9,MORTGAGE,MEDICAL,0
48,53100.0,769,0.377,0.49,95.8,42200.0,12,3590.0,4,OWN,PERSONAL,1
64,138600.0,628,0.104,0.485,86.4,15200.0,0,11030.0,6,RENT,DEBTCONSOLIDATION,0
26,150800.0,530,0.175,0.669,93.2,9800.0,4,9219.0,5,OWN,PERSONAL,0
61,153800.0,612,0.161,0.417,76.9,4600.0,6,25142.0,2,MORTGAGE,MEDICAL,0
36,50600.0,799,0.37,0.094,74.4,8900.0,15,1138.0,5,RENT,DEBTCONSOLIDATION,0
24,125300.0,558,0.091,0.511,90.5,15300.0,1,9302.0,7,RENT,MEDICAL,0
55,33900.0,669,0.26,0.533,84.9,17500.0,4,3191.0,7,RENT,MEDICAL,1
46,34700.0,672,0.41,0.674,78.5,14600.0,7,8258.0,6,RENT,DEBTCONSOLIDATION,1
32,18000.0,631,0.55,0.548,91.7,8300.0,0,2819.0,5,RENT,DEBTCONSOLIDATION,1
31,163400.0,636,0.145,0.456,82.5,3500.0,9,18152.0,6,MORTGAGE,VENTURE,0
57,35700.0,675,0.241,0.809,97.4,12500.0,2,8771.0,7,RENT,PERSONAL,0
45,55500.0,627,0.272,0.639,56.6,13000.0,5,11155.0,10,RENT,VENTURE,1
38,34700.0,563,0.53,0.282,75.9,7200.0,0,1154.0,5,RENT,VENTURE,1
39,90900.0,686,0.253,0.896,93.1,11500.0,1,8596.0,4,MORTGAGE,EDUCATION,0
43,47800.0,750,0.239,0.202,100.0,14300.0,3,3750.0,10,RENT,MEDICAL,1
58,27400.0,735,0.227,0.629,97.9,16800.0,1,1982.0,5,MORTGAGE,EDUCATION,0
38,78000.0,609,0.036,0.098,74.4,23700.0,15,1626.0,3,RENT,EDUCATION,0
46,25300.0,576,0.302,0.229,97.2,2400.0,7,2283.0,6,OWN,EDUCATION,0
26,36200.0,648,0.227,0.415,60.3,18400.0,10,2945.0,2,OWN,DEBTCONSOLIDATION,1
24,18000.0,787,0.063,0.181,71.0,4300.0,3,750.0,5,OWN,DEBTCONSOLIDATION,0
64,25500.0,718,0.396,0.271,78.9,6400.0,3,2277.0,7,RENT,VENTURE,1
49,66600.0,722,0.031,0.303,87.4,28500.0,8,3413.0,7,RENT,PERSONAL,0
54,18400.0,736,0.132,0.157,70.2,5600.0,2,580.0,8,MORTGAGE,VENTURE,0
37,24600.0,701,0.298,0.307,80.3,24700.0,3,1256.0,4,MORTGAGE,EDUCATION,1
63,59800.0,679,0.106,0.599,98.4,8800.0,3,5394.0,5,MORTGAGE,PERSONAL,0
63,43200.0,719,0.139,0.515,67.9,38300.0,4,4786.0,8,RENT,MEDICAL,1
36,197800.0,629,0.282,0.188,67.0,5100.0,5,11567.0,6,MORTGAGE,DEBTCONSOLIDATION,0
22,179900.0,563,0.177,0.379,72.5,12500.0,5,24106.0,10,MORTGAGE,EDUCATION,0
54,35600.0,724,0.317,0.393,100.0,2000.0,2,3002.0,9,RENT,MEDICAL,1
28,83600.0,762,0.218,0.473,87.0,14300.0,1,6420.0,5,RENT,VENTURE,1
33,93900.0,586,0.142,0.049,71.7,4200.0,12,1698.0,5,OWN,DEBTCONSOLIDATION,0
62,41800.0,731,0.033,0.213,93.0,11200.0,8,1492.0,5,RENT,PERSONAL,0
28,24400.0,796,0.032,0.48,60.0,7200.0,0,3762.0,8,RENT,MEDICAL,1
50,59400.0,669,0.133,0.3,80.4,47200.0,3,5560.0,5,MORTGAGE,DEBTCONSOLIDATION,0
52,54000.0,608,0.06,0.087,83.6,9700.0,1,317.0,6,MORTGAGE,EDUCATION,0
56,46100.0,679,0.232,0.765,95.3,43000.0,5,3956.0,5,RENT,PERSONAL,1
67,78100.0,628,0.133,0.68,64.7,6600.0,3,13303.0,10,OWN,EDUCATION,0
50,38200.0,623,0.156,0.364,97.4,2000.0,0,4918.0,4,RENT,VENTURE,0
21,30000.0,702,0.315,0.301,94.3,22700.0,6,2329.0,6,MORTGAGE,DEBTCONSOLIDATION,0
63,63900.0,549,0.21,0.646,98.0,5700.0,1,12794.0,8,MORTGAGE,MEDICAL,0
59,75500.0,561,0.015,0.539,67.6,29100.0,1,12495.0,5,MORTGAGE,DEBTCONSOLIDATION,0
37,29600.0,671,0.293,0.534,100.0,12100.0,0,3525.0,7,MORTGAGE,DEBTCONSOLIDATION,1
40,104500.0,668,0.187,0.537,59.4,20300.0,8,13820.0,8,RENT,DEBTCONSOLIDATION,1
44,20700.0,695,0.18,0.49,67.0,24900.0,4,760.0,5,OWN,EDUCATION,1
42,42300.0,810,0.219,0.376,84.1,63100.0,3,5960.0,7,MORTGAGE,VENTURE,1
49,51300.0,677,0.081,0.325,77.5,28100.0,5,4769.0,3,RENT,DEBTCONSOLIDATION,0
42,40900.0,714,0.166,0.244,65.9,15300.0,2,1039.0,10,MORTGAGE,DEBTCONSOLIDATION,0
64,42700.0,596,0.107,0.413,100.0,24500.0,4,2388.0,5,RENT,MEDICAL,1
29,184000.0,727,0.055,0.4,61.6,22700.0,1,3800.0,2,MORTGAGE,DEBTCONSOLIDATION,0
57,35900.0,630,0.066,0.092,61.2,19000.0,0,470.0,3,MORTGAGE,DEBTCONSOLIDATION,0
30,259000.0,675,0.105,0.286,85.9,55200.0,4,11912.0,5,RENT,PERSONAL,0
56,77800.0,661,0.055,0.619,81.3,11400.0,1,13922.0,4,RENT,EDUCATION,1
57,63300.0,747,0.237,0.488,64.5,14900.0,6,6698.0,4,OWN,DEBTCONSOLIDATION,1
48,79700.0,571,0.159,0.179,100.0,8900.0,3,4921.0,9,RENT,VENTURE,0
48,273200.0,498,0.097,0.317,83.2,75000.0,1,6961.0,7,MORTGAGE,EDUCATION,0
62,33000.0,653,0.038,0.628,75.2,10700.0,4,6165.0,6,RENT,MEDICAL,1
63,30600.0,705,0.081,0.214,82.0,17100.0,0,2333.0,5,MORTGAGE,DEBTCONSOLIDATION,0
41,38100.0,681,0.146,0.662,63.1,6800.0,7,4980.0,3,MORTGAGE,EDUCATION,1
44,61000.0,762,0.178,0.383,95.1,10000.0,3,3529.0,5,MORTGAGE,PERSONAL,0
62,21300.0,702,0.121,0.22,85.1,27200.0,8,965.0,7,RENT,VENTURE,1
60,60700.0,627,0.046,0.284,79.0,12200.0,0,5621.0,7,MORTGAGE,PERSONAL,0
22,165400.0,495,0.153,0.602,82.0,30500.0,2,37007.0,4,RENT,PERSONAL,1
28,65600.0,652,0.193,0.845,71.3,23800.0,0,4044.0,6,RENT,DEBTCONSOLIDATION,1
47,50200.0,747,0.315,0.33,95.6,12400.0,0,3893.0,5,RENT,DEBTCONSOLIDATION,0
42,41300.0,640,0.236,0.699,74.2,7200.0,15,7907.0,4,MORTGAGE,VENTURE,0
57,102700.0,672,0.185,0.682,75.3,16500.0,6,3930.0,2,RENT,PERSONAL,1
47,36500.0,701,0.226,0.501,84.4,16500.0,1,2074.0,3,RENT,PERSONAL,1
49,181300.0,593,0.274,0.364,57.9,13500.0,1,4745.0,9,RENT,VENTURE,1
23,191000.0,716,0.232,0.22,88.6,16500.0,1,6371.0,6,RENT,DEBTCONSOLIDATION,0
64,69800.0,792,0.334,0.373,81.7,8200.0,0,3174.0,7,MORTGAGE,MEDICAL,0
33,59500.0,657,0.072,0.273,88.4,21200.0,0,3580.0,5,MORTGAGE,DEBTCONSOLIDATION,0
65,111100.0,585,0.07,0.497,79.1,18000.0,0,15426.0,6,OWN,DEBTCONSOLIDATION,0
30,115500.0,665,0.386,0.357,71.9,7800.0,5,14216.0,11,RENT,DEBTCONSOLIDATION,1
56,36900.0,503,0.212,0.541,83.4,9600.0,4,3124.0,4,RENT,VENTURE,1
29,43700.0,695,0.273,0.568,93.9,12900.0,4,1679.0,10,MORTGAGE,DEBTCONSOLIDATION,0
47,27100.0,703,0.131,0.464,75.3,9600.0,6,646.0,1,MORTGAGE,PERSONAL,0
54,76500.0,795,0.093,0.326,92.0,7800.0,1,8619.0,11,RENT,MEDICAL,0
21,89300.0,655,0.321,0.502,78.4,27700.0,2,16019.0,4,MORTGAGE,EDUCATION,0
52,26600.0,700,0.062,0.562,76.5,25000.0,0,1276.0,10,RENT,PERSONAL,1
45,45600.0,605,0.397,0.932,92.6,20400.0,4,2276.0,4,RENT,DEBTCONSOLIDATION,1
49,26700.0,643,0.119,0.722,86.2,5900.0,13,6363.0,7,RENT,MEDICAL,1
27,34900.0,555,0.084,0.515,65.6,48800.0,9,4929.0,3,MORTGAGE,DEBTCONSOLIDATION,1
23,83300.0,655,0.279,0.742,79.6,16700.0,4,15122.0,3,MORTGAGE,EDUCATION,0
40,38600.0,647,0.424,0.895,68.1,12200.0,5,8175.0,8,MORTGAGE,EDUCATION,1
40,50000.0,692,0.099,0.748,88.3,23900.0,24,11999.0,3,RENT,MEDICAL,0
50,22600.0,623,0.065,0.314,71.1,12300.0,3,1083.0,2,RENT,PERSONAL,1
55,67000.0,676,0.154,0.409,83.9,2000.0,10,5102.0,6,MORTGAGE,PERSONAL,0
55,58300.0,644,0.229,0.396,88.2,16100.0,3,1783.0,4,RENT,PERSONAL,0
59,38700.0,645,0.171,0.197,88.4,28700.0,0,1892.0,5,MORTGAGE,DEBTCONSOLIDATION,0
47,53500.0,676,0.323,0.157,75.4,17500.0,13,3245.0,10,RENT,MEDICAL,1
46,66700.0,673,0.19,0.478,82.6,3600.0,0,4762.0,8,MORTGAGE,DEBTCONSOLIDATION,0
34,36700.0,727,0.347,0.503,73.6,24300.0,6,6927.0,5,OWN,DEBTCONSOLIDATION,1
37,24700.0,660,0.038,0.379,76.9,16200.0,1,2857.0,6,RENT,MEDICAL,1
38,176900.0,643,0.184,0.723,70.6,17000.0,11,16864.0,3,MORTGAGE,MEDICAL,1
65,40900.0,656,0.082,0.393,82.7,4600.0,1,4533.0,6,MORTGAGE,MEDICAL,0
49,56500.0,616,0.264,0.15,87.7,9100.0,0,1510.0,7,RENT,PERSONAL,1
40,109800.0,643,0.156,0.314,71.9,6200.0,2,3200.0,6,MORTGAGE,PERSONAL,0
47,350000.0,822,0.243,0.518,71.9,25100.0,3,14949.0,5,RENT,MEDICAL,1
38,28400.0,601,0.053,0.381,100.0,18600.0,8,606.0,5,MORTGAGE,DEBTCONSOLIDATION,0
24,78400.0,649,0.176,0.332,71.9,8600.0,7,8570.0,9,RENT,MEDICAL,1
21,39200.0,640,0.188,0.47,90.6,7900.0,1,6627.0,5,MORTGAGE,MEDICAL,0
21,43300.0,651,0.127,0.135,94.1,10700.0,2,1280.0,7,RENT,MEDICAL,1
46,38900.0,645,0.143,0.424,85.4,16400.0,4,3826.0,6,MORTGAGE,EDUCATION,0
65,30500.0,690,0.24,0.097,86.4,24900.0,4,864.0,5,MORTGAGE,EDUCATION,0
40,58400.0,541,0.349,0.547,82.9,7100.0,9,9434.0,8,RENT,VENTURE,0
43,24700.0,747,0.34,0.726,65.6,17200.0,3,2931.0,9,MORTGAGE,PERSONAL,1
30,105700.0,717,0.327,0.041,94.9,10300.0,11,458.0,11,RENT,PERSONAL,0
31,61900.0,576,0.059,0.266,76.6,2000.0,1,3304.0,5,RENT,MEDICAL,0
61,77100.0,499,0.259,0.416,92.0,9200.0,10,9428.0,5,RENT,VENTURE,0
61,45300.0,596,0.272,0.402,81.7,17700.0,1,6036.0,3,OWN,EDUCATION,0
25,48000.0,651,0.091,0.851,87.7,7500.0,7,3317.0,4,RENT,EDUCATION,0
21,71100.0,850,0.201,0.489,85.3,17100.0,4,8897.0,5,MORTGAGE,MEDICAL,0
37,29800.0,710,0.032,0.357,76.4,21800.0,10,733.0,4,RENT,DEBTCONSOLIDATION,1
42,48300.0,534,0.424,0.579,91.5,30000.0,1,9471.0,4,RENT,MEDICAL,1
54,35700.0,618,0.165,0.406,66.0,6300.0,6,4107.0,4,RENT,DEBTCONSOLIDATION,1
65,35100.0,666,0.239,0.275,96.8,30400.0,9,2836.0,6,OWN,EDUCATION,0
61,18000.0,689,0.21,0.729,95.2,13700.0,7,4154.0,6,RENT,MEDICAL,1
49,133700.0,571,0.181,0.495,78.8,4400.0,4,14790.0,5,MORTGAGE,VENTURE,0
24,39700.0,659,0.123,0.483,85.0,11300.0,5,2965.0,3,MORTGAGE,DEBTCONSOLIDATION,0
25,120300.0,616,0.202,0.367,79.0,10900.0,1,14348.0,4,RENT,DEBTCONSOLIDATION,0
31,113700.0,587,0.051,0.583,72.0,9200.0,1,21350.0,8,OWN,PERSONAL,0
41,27700.0,689,0.18,0.642,81.0,5600.0,1,1729.0,6,OWN,VENTURE,1
55,31200.0,728,0.243,0.384,85.3,15800.0,8,4385.0,6,RENT,PERSONAL,1
32,278300.0,733,0.517,0.377,98.0,12800.0,0,13369.0,7,MORTGAGE,DEBTCONSOLIDATION,0
46,171200.0,713,0.101,0.288,79.6,9100.0,1,7754.0,6,RENT,EDUCATION,0
39,58800.0,632,0.168,0.284,82.1,6800.0,12,2097.0,6,MORTGAGE,VENTURE,0
65,69900.0,723,0.345,0.255,97.7,3700.0,7,6915.0,4,RENT,PERSONAL,0
27,41000.0,693,0.164,0.499,88.1,39500.0,6,3167.0,5,MORTGAGE,VENTURE,0
67,77600.0,680,0.138,0.252,65.2,11100.0,3,7626.0,5,OWN,VENTURE,0
27,38900.0,624,0.221,0.438,81.6,23300.0,6,4656.0,5,MORTGAGE,EDUCATION,0
46,18000.0,632,0.088,0.224,92.0,29200.0,4,451.0,10,RENT,EDUCATION,1
60,27100.0,675,0.359,0.578,100.0,27600.0,0,3820.0,4,MORTGAGE,VENTURE,1
25,60600.0,850,0.405,0.361,84.2,21400.0,4,7849.0,4,RENT,EDUCATION,1
41,30400.0,692,0.333,0.316,57.0,15600.0,3,2369.0,7,RENT,DEBTCONSOLIDATION,1
34,57500.0,624,0.138,0.347,60.1,4100.0,0,1924.0,5,MORTGAGE,EDUCATION,0
24,31400.0,607,0.257,0.288,73.8,40300.0,2,1360.0,6,MORTGAGE,EDUCATION,1
43,37400.0,633,0.141,0.497,70.6,6000.0,11,2392.0,2,MORTGAGE,VENTURE,0
62,99900.0,833,0.202,0.439,91.9,38000.0,8,4125.0,5,OWN,PERSONAL,0
40,69500.0,640,0.17,0.415,100.0,10900.0,12,4746.0,5,MORTGAGE,MEDICAL,0
35,59500.0,738,0.088,0.754,91.3,26700.0,6,12623.0,7,MORTGAGE,MEDICAL,0
65,101500.0,641,0.103,0.241,92.9,24300.0,5,4498.0,4,RENT,EDUCATION,0
49,79900.0,689,0.091,0.198,89.9,17200.0,0,3248.0,7,RENT,DEBTCONSOLIDATION,0
28,142600.0,729,0.115,0.35,86.4,17100.0,0,8097.0,4,RENT,EDUCATION,0
61,45400.0,627,0.102,0.239,72.9,11800.0,1,4319.0,7,OWN,EDUCATION,0
39,46300.0,621,0.385,0.488,91.5,13800.0,1,5765.0,13,MORTGAGE,VENTURE,0
59,27400.0,794,0.191,0.288,77.6,13700.0,4,2698.0,4,MORTGAGE,VENTURE,0
66,46300.0,743,0.101,0.717,91.9,15000.0,10,6788.0,4,RENT,EDUCATION,1
48,106800.0,729,0.252,0.52,87.2,12200.0,11,6055.0,8,RENT,PERSONAL,0
66,130600.0,729,0.053,0.292,82.0,5300.0,5,13209.0,5,RENT,MEDICAL,0
47,106500.0,704,0.117,0.599,73.1,10000.0,4,20235.0,7,RENT,PERSONAL,0
24,20400.0,821,0.335,0.075,81.1,18000.0,1,253.0,6,OWN,PERSONAL,0
35,114700.0,673,0.154,0.326,75.0,12200.0,13,9806.0,5,MORTGAGE,MEDICAL,0
55,19900.0,713,0.164,0.556,61.3,13500.0,5,915.0,9,MORTGAGE,DEBTCONSOLIDATION,1
57,102600.0,561,0.113,0.294,68.7,8700.0,3,1786.0,10,MORTGAGE,VENTURE,0
21,48000.0,608,0.288,0.422,85.5,20000.0,0,6796.0,5,RENT,DEBTCONSOLIDATION,0
23,91300.0,579,0.201,0.367,50.8,20700.0,8,12722.0,5,MORTGAGE,VENTURE,1
67,26900.0,765,0.307,0.719,100.0,2600.0,2,3296.0,12,RENT,EDUCATION,1
44,120900.0,478,0.368,0.416,76.0,4500.0,11,13034.0,6,OWN,DEBTCONSOLIDATION,0
47,24900.0,639,0.048,0.141,92.3,11800.0,0,1057.0,4,RENT,DEBTCONSOLIDATION,0
60,40100.0,445,0.085,0.39,56.1,19000.0,0,4866.0,3,RENT,VENTURE,1
56,32900.0,607,0.223,0.166,70.2,16500.0,2,1193.0,5,RENT,MEDICAL,1
54,20900.0,633,0.057,0.434,94.7,12100.0,0,2401.0,7,OWN,EDUCATION,0
49,63400.0,773,0.22,0.425,87.0,23900.0,0,7544.0,6,RENT,EDUCATION,1
44,177000.0,699,0.23,0.43,77.3,20400.0,6,6556.0,7,RENT,EDUCATION,0
44,296600.0,607,0.078,0.645,100.0,11600.0,1,52760.0,8,MORTGAGE,DEBTCONSOLIDATION,0
62,63500.0,749,0.207,0.172,65.0,12100.0,5,2499.0,8,RENT,EDUCATION,0
24,117000.0,671,0.287,0.376,95.1,5300.0,4,8027.0,5,MORTGAGE,DEBTCONSOLIDATION,0
23,68800.0,672,0.131,0.283,76.8,14300.0,0,2757.0,3,MORTGAGE,EDUCATION,0
54,80800.0,579,0.129,0.371,71.8,19800.0,2,8192.0,5,RENT,DEBTCONSOLIDATION,1
43,48800.0,595,0.014,0.404,58.4,8100.0,0,2136.0,12,MORTGAGE,EDUCATION,0
43,67300.0,608,0.237,0.322,60.1,13700.0,2,7233.0,8,RENT,DEBTCONSOLIDATION,1
65,82700.0,673,0.038,0.274,83.7,16900.0,1,2496.0,3,MORTGAGE,DEBTCONSOLIDATION,0
25,42300.0,675,0.287,0.451,82.9,24600.0,0,6106.0,10,RENT,VENTURE,1
51,57200.0,785,0.107,0.404,72.9,10800.0,1,7767.0,7,RENT,DEBTCONSOLIDATION,0
61,57800.0,698,0.252,0.615,79.5,7300.0,0,13468.0,8,MORTGAGE,MEDICAL,0
26,98300.0,466,0.18,0.314,80.2,10600.0,7,6548.0,9,RENT,PERSONAL,0
57,31600.0,689,0.21,0.672,76.4,16400.0,0,1535.0,6,MORTGAGE,EDUCATION,1
30,58100.0,561,0.103,0.597,70.0,15800.0,4,9961.0,11,RENT,PERSONAL,0
60,188600.0,597,0.133,0.277,88.3,4600.0,8,7780.0,2,MORTGAGE,PERSONAL,0
27,120400.0,609,0.066,0.362,96.9,10500.0,12,3594.0,9,OWN,MEDICAL,0
59,134500.0,620,0.026,0.262,86.5,6500.0,4,12317.0,5,MORTGAGE,DEBTCONSOLIDATION,0
58,60800.0,566,0.176,0.708,87.2,13700.0,7,4258.0,5,MORTGAGE,EDUCATION,0
41,72600.0,685,0.26,0.225,91.1,17200.0,3,3712.0,4,RENT,DEBTCONSOLIDATION,0
40,109200.0,564,0.175,0.265,79.2,27300.0,3,9433.0,8,MORTGAGE,DEBTCONSOLIDATION,0
23,152700.0,696,0.204,0.527,74.3,32200.0,3,9631.0,5,RENT,PERSONAL,1
42,18600.0,837,0.193,0.613,58.1,18900.0,5,4148.0,9,RENT,DEBTCONSOLIDATION,1
67,27200.0,570,0.071,0.304,75.4,10000.0,5,1373.0,5,MORTGAGE,EDUCATION,0
24,131400.0,648,0.245,0.251,74.4,9300.0,7,6225.0,8,RENT,PERSONAL,0
48,50700.0,480,0.366,0.443,69.4,18500.0,4,2157.0,3,RENT,PERSONAL,1
32,40000.0,647,0.101,0.696,84.8,22800.0,10,7672.0,5,MORTGAGE,MEDICAL,1
58,28200.0,718,0.089,0.739,79.7,5700.0,6,4655.0,11,MORTGAGE,MEDICAL,1
56,42900.0,724,0.293,0.728,87.1,71000.0,13,12210.0,1,MORTGAGE,PERSONAL,1
67,25800.0,675,0.047,0.384,68.5,18000.0,6,2917.0,4,OWN,VENTURE,0
61,210000.0,736,0.308,0.447,63.7,24000.0,6,29630.0,5,MORTGAGE,PERSONAL,0
25,59100.0,850,0.102,0.503,90.0,18500.0,9,3558.0,8,MORTGAGE,VENTURE,0
33,57800.0,798,0.182,0.633,91.9,6400.0,5,10957.0,5,MORTGAGE,PERSONAL,0
43,85200.0,630,0.119,0.432,71.9,9800.0,0,9021.0,4,OWN,EDUCATION,0
50,106700.0,561,0.315,0.53,77.7,7800.0,0,10821.0,7,RENT,DEBTCONSOLIDATION,1
57,105600.0,639,0.179,0.365,85.3,4100.0,1,12486.0,7,RENT,DEBTCONSOLIDATION,0
45,114000.0,598,0.177,0.437,89.0,5700.0,8,19553.0,9,MORTGAGE,PERSONAL,0
47,41000.0,703,0.41,0.4,60.9,45800.0,0,1364.0,7,RENT,DEBTCONSOLIDATION,1
34,50100.0,581,0.244,0.36,93.8,11500.0,0,5882.0,5,RENT,MEDICAL,1
67,95000.0,664,0.137,0.61,66.1,24500.0,0,21547.0,8,MORTGAGE,DEBTCONSOLIDATION,0
56,43600.0,732,0.159,0.373,65.2,9000.0,0,2607.0,5,MORTGAGE,EDUCATION,0
59,59700.0,662,0.265,0.36,77.0,8100.0,8,3805.0,10,MORTGAGE,VENTURE,0
36,76100.0,599,0.095,0.485,76.8,37900.0,1,12112.0,9,RENT,PERSONAL,1
42,95900.0,758,0.108,0.422,82.3,11700.0,6,15531.0,7,MORTGAGE,EDUCATION,0
41,20600.0,529,0.113,0.117,83.9,11400.0,0,913.0,5,OWN,MEDICAL,0
41,91900.0,645,0.179,0.646,100.0,16100.0,2,4124.0,5,OWN,EDUCATION,0
28,52000.0,666,0.125,0.231,71.1,20800.0,0,4264.0,9,MORTGAGE,VENTURE,0
36,91500.0,671,0.07,0.141,94.8,9200.0,0,3293.0,4,RENT,PERSONAL,0
51,95400.0,683,0.052,0.524,64.3,2900.0,4,9868.0,4,MORTGAGE,PERSONAL,0
62,157100.0,715,0.376,0.439,67.2,30000.0,3,23858.0,5,RENT,PERSONAL,1
30,134900.0,667,0.207,0.651,70.7,18100.0,2,28994.0,12,OWN,PERSONAL,0
52,134300.0,642,0.375,0.796,58.8,7200.0,0,24403.0,5,OWN,EDUCATION,1
54,142400.0,639,0.257,0.61,87.4,11900.0,4,16830.0,7,RENT,DEBTCONSOLIDATION,0
29,71300.0,624,0.059,0.429,96.6,33700.0,7,6588.0,8,MORTGAGE,VENTURE,0
37,61000.0,729,0.15,0.446,92.9,40300.0,0,4392.0,7,MORTGAGE,EDUCATION,0
31,101100.0,621,0.25,0.594,63.5,10600.0,2,17306.0,9,RENT,PERSONAL,1
52,92900.0,733,0.209,0.17,100.0,38100.0,1,5720.0,3,MORTGAGE,VENTURE,0
30,49700.0,671,0.198,0.603,83.3,13400.0,11,4126.0,7,RENT,VENTURE,1
42,76300.0,630,0.367,0.395,100.0,8000.0,1,10215.0,8,MORTGAGE,MEDICAL,0
37,58600.0,716,0.345,0.34,80.3,9200.0,14,3512.0,10,RENT,DEBTCONSOLIDATION,0
24,35900.0,615,0.145,0.326,80.5,46300.0,8,1125.0,5,MORTGAGE,MEDICAL,1
67,129900.0,717,0.108,0.519,77.5,20000.0,0,4326.0,2,RENT,EDUCATION,0
45,61900.0,685,0.239,0.128,100.0,6900.0,3,1725.0,2,RENT,VENTURE,0
41,204700.0,625,0.178,0.284,98.7,27500.0,5,14470.0,3,RENT,PERSONAL,0
57,22600.0,709,0.045,0.43,81.3,28300.0,4,506.0,3,MORTGAGE,MEDICAL,0
58,42900.0,710,0.244,0.181,78.1,10000.0,5,2162.0,8,RENT,PERSONAL,0
21,61100.0,756,0.173,0.273,90.9,18500.0,2,3861.0,6,OWN,EDUCATION,0
45,118500.0,742,0.124,0.488,59.6,36000.0,11,23079.0,2,RENT,PERSONAL,1
56,76100.0,706,0.467,0.691,55.9,5900.0,1,4553.0,6,RENT,DEBTCONSOLIDATION,1
37,72100.0,585,0.351,0.195,69.6,3800.0,0,4172.0,3,RENT,PERSONAL,1
61,30400.0,850,0.326,0.491,86.5,8300.0,19,1880.0,8,MORTGAGE,EDUCATION,0
44,29900.0,564,0.242,0.626,94.7,3900.0,5,2288.0,7,RENT,EDUCATION,1
22,72700.0,741,0.134,0.351,67.1,5600.0,5,1443.0,7,RENT,EDUCATION,1
60,26400.0,702,0.136,0.508,100.0,29700.0,8,701.0,6,MORTGAGE,EDUCATION,0
35,43500.0,581,0.106,0.379,75.6,7400.0,2,1901.0,7,MORTGAGE,EDUCATION,0
52,80900.0,660,0.074,0.373,87.1,12700.0,2,3362.0,9,OWN,EDUCATION,0
59,33200.0,664,0.431,0.584,75.5,22200.0,14,972.0,8,RENT,EDUCATION,1
26,156900.0,767,0.427,0.425,80.6,30600.0,2,20072.0,5,MORTGAGE,DEBTCONSOLIDATION,0
21,124800.0,616,0.174,0.509,100.0,17100.0,0,14374.0,3,RENT,EDUCATION,0
67,23300.0,650,0.366,0.103,75.6,3000.0,1,453.0,5,MORTGAGE,EDUCATION,0
43,34200.0,494,0.133,0.581,70.7,12900.0,10,1715.0,9,MORTGAGE,EDUCATION,0
59,18000.0,800,0.039,0.305,90.0,22900.0,0,916.0,8,MORTGAGE,MEDICAL,0
37,37400.0,589,0.37,0.272,93.7,15000.0,6,2184.0,3,RENT,DEBTCONSOLIDATION,1
54,94800.0,694,0.172,0.117,63.9,19600.0,1,4429.0,5,RENT,MEDICAL,1
61,46700.0,662,0.167,0.685,86.4,8300.0,6,7316.0,5,OWN,DEBTCONSOLIDATION,0
49,78900.0,662,0.112,0.308,88.4,14300.0,3,1381.0,4,MORTGAGE,EDUCATION,0
29,24000.0,730,0.288,0.088,100.0,21200.0,5,259.0,10,MORTGAGE,DEBTCONSOLIDATION,0
33,96600.0,795,0.358,0.156,77.2,36200.0,1,2623.0,4,RENT,EDUCATION,0
26,42900.0,688,0.235,0.564,98.2,8500.0,0,5071.0,5,RENT,MEDICAL,0
26,60300.0,719,0.153,0.426,83.9,8400.0,0,7347.0,10,RENT,PERSONAL,1
40,56600.0,694,0.172,0.261,78.4,40500.0,8,3792.0,3,RENT,PERSONAL,1
23,27900.0,746,0.153,0.403,73.1,10500.0,6,2566.0,4,OWN,PERSONAL,0
37,30000.0,635,0.369,0.526,88.0,15600.0,1,5417.0,6,RENT,PERSONAL,1
32,107000.0,750,0.263,0.085,68.0,16100.0,9,1079.0,6,RENT,EDUCATION,0
67,76100.0,753,0.137,0.401,68.9,13300.0,8,2358.0,11,MORTGAGE,EDUCATION,0
65,112400.0,751,0.091,0.696,89.3,52000.0,0,26862.0,5,RENT,DEBTCONSOLIDATION,1
21,72800.0,620,0.069,0.356,100.0,11400.0,6,5488.0,7,MORTGAGE,PERSONAL,0
37,65200.0,657,0.064,0.742,65.0,23200.0,1,11789.0,3,MORTGAGE,MEDICAL,1
23,21300.0,687,0.044,0.442,73.2,10000.0,3,3230.0,6,MORTGAGE,EDUCATION,0
46,50900.0,567,0.151,0.439,85.5,49300.0,2,8514.0,5,OWN,PERSONAL,0
35,58900.0,789,0.23,0.362,75.4,7500.0,4,5185.0,5,RENT,PERSONAL,1
56,193300.0,669,0.294,0.586,59.4,20600.0,2,37866.0,3,MORTGAGE,DEBTCONSOLIDATION,0
52,90400.0,691,0.4,0.554,71.7,2600.0,0,12053.0,8,MORTGAGE,EDUCATION,0
52,150500.0,626,0.079,0.629,87.9,10900.0,5,5837.0,6,MORTGAGE,VENTURE,0
24,85700.0,570,0.295,0.686,78.6,19700.0,16,22608.0,4,RENT,EDUCATION,1
38,39100.0,624,0.161,0.441,86.4,4800.0,5,5797.0,7,OWN,DEBTCONSOLIDATION,0
39,64200.0,686,0.203,0.707,65.6,10300.0,3,14239.0,4,OWN,VENTURE,0
63,69000.0,720,0.119,0.427,86.0,75000.0,0,6029.0,12,MORTGAGE,EDUCATION,0
55,34100.0,682,0.267,0.107,56.9,6300.0,4,1386.0,4,RENT,DEBTCONSOLIDATION,1
60,47500.0,696,0.075,0.176,91.4,16200.0,4,1851.0,4,RENT,PERSONAL,0
34,52900.0,644,0.282,0.567,98.4,4800.0,4,9067.0,8,MORTGAGE,PERSONAL,0
53,156900.0,707,0.1,0.316,65.3,6300.0,11,4225.0,7,MORTGAGE,MEDICAL,0
34,18000.0,781,0.136,0.157,75.1,18000.0,6,358.0,8,MORTGAGE,VENTURE,0
54,123400.0,722,0.077,0.571,64.2,11400.0,7,13985.0,4,RENT,MEDICAL,1
24,34100.0,730,0.104,0.494,83.1,7600.0,1,4270.0,6,MORTGAGE,VENTURE,0
44,26300.0,692,0.5,0.108,83.8,9600.0,1,943.0,11,MORTGAGE,EDUCATION,0
49,121500.0,557,0.155,0.746,65.9,29000.0,1,12173.0,2,RENT,DEBTCONSOLIDATION,1
39,92900.0,591,0.503,0.577,75.1,11400.0,7,17208.0,1,OWN,DEBTCONSOLIDATION,0
26,127100.0,704,0.131,0.284,94.9,20000.0,5,13049.0,5,RENT,EDUCATION,0
53,96800.0,669,0.046,0.584,88.7,3900.0,2,19020.0,10,RENT,EDUCATION,0
60,206100.0,702,0.167,0.327,84.3,9100.0,0,18051.0,5,RENT,MEDICAL,1
39,83700.0,795,0.176,0.364,95.2,9900.0,9,10161.0,9,RENT,PERSONAL,0
21,54500.0,724,0.353,0.412,100.0,8000.0,2,8019.0,5,MORTGAGE,PERSONAL,0
25,73600.0,764,0.396,0.338,83.7,12200.0,1,6077.0,5,RENT,VENTURE,1
47,126300.0,677,0.103,0.074,85.7,10800.0,0,3117.0,4,OWN,MEDICAL,0
36,37500.0,609,0.093,0.697,78.6,22300.0,12,5159.0,7,MORTGAGE,PERSONAL,1
26,40500.0,665,0.2,0.662,84.0,29000.0,0,6243.0,5,MORTGAGE,MEDICAL,1
60,49700.0,609,0.176,0.397,73.5,8600.0,2,1350.0,4,OWN,DEBTCONSOLIDATION,0
33,18000.0,786,0.075,0.709,61.8,31000.0,5,4584.0,9,MORTGAGE,MEDICAL,1
55,65000.0,729,0.224,0.447,91.6,8000.0,2,2880.0,5,RENT,DEBTCONSOLIDATION,0
39,19300.0,709,0.155,0.205,90.4,14500.0,3,580.0,4,RENT,DEBTCONSOLIDATION,0
32,61800.0,762,0.139,0.375,82.8,5300.0,8,3734.0,7,RENT,PERSONAL,0
36,100600.0,518,0.409,0.562,83.5,10900.0,35,5120.0,4,MORTGAGE,EDUCATION,0
63,45000.0,714,0.189,0.776,73.6,39000.0,3,13012.0,6,MORTGAGE,MEDICAL,1
30,163800.0,571,0.463,0.231,96.4,14800.0,2,14738.0,6,RENT,MEDICAL,0
45,24900.0,669,0.186,0.171,67.4,11200.0,2,1502.0,6,MORTGAGE,EDUCATION,0
40,122400.0,646,0.159,0.144,98.9,3300.0,2,3018.0,5,RENT,PERSONAL,0
51,89800.0,719,0.067,0.462,89.0,12800.0,3,2876.0,5,MORTGAGE,EDUCATION,0
24,21400.0,687,0.107,0.136,85.5,14300.0,2,332.0,13,MORTGAGE,MEDICAL,0
64,304500.0,770,0.138,0.275,86.2,9600.0,3,26816.0,8,RENT,EDUCATION,0
43,57600.0,624,0.345,0.162,94.2,10600.0,14,1401.0,5,MORTGAGE,EDUCATION,0
22,35400.0,723,0.065,0.521,75.3,12400.0,1,6684.0,4,RENT,DEBTCONSOLIDATION,1
42,25700.0,682,0.367,0.083,91.4,13700.0,5,730.0,7,MORTGAGE,EDUCATION,0
57,52500.0,547,0.057,0.154,77.2,11800.0,3,1075.0,2,MORTGAGE,DEBTCONSOLIDATION,0
28,55500.0,601,0.282,0.468,87.6,30300.0,6,7603.0,5,MORTGAGE,PERSONAL,0
27,63700.0,658,0.103,0.66,63.1,6500.0,3,8610.0,8,MORTGAGE,PERSONAL,0
34,50100.0,753,0.265,0.651,73.9,39400.0,0,4084.0,8,RENT,PERSONAL,1
23,87500.0,704,0.178,0.295,100.0,11100.0,10,6622.0,3,RENT,PERSONAL,0
36,47400.0,582,0.169,0.593,98.0,19400.0,5,9643.0,7,MORTGAGE,PERSONAL,0
39,18800.0,659,0.085,0.337,100.0,28200.0,3,2372.0,6,RENT,MEDICAL,1
38,54700.0,821,0.302,0.2,95.7,15300.0,8,772.0,6,OWN,EDUCATION,0
36,18000.0,678,0.103,0.661,74.4,13100.0,18,2339.0,4,RENT,DEBTCONSOLIDATION,1
28,74000.0,645,0.072,0.61,75.9,14800.0,2,11806.0,3,MORTGAGE,EDUCATION,0
53,33300.0,706,0.393,0.255,93.9,3400.0,2,1429.0,8,MORTGAGE,EDUCATION,0
32,66000.0,727,0.352,0.501,95.0,2100.0,7,5330.0,5,MORTGAGE,PERSONAL,0
31,131700.0,635,0.311,0.083,98.6,22700.0,3,3500.0,11,RENT,EDUCATION,0
25,33900.0,707,0.047,0.597,84.3,10600.0,0,6555.0,7,RENT,PERSONAL,1
47,113200.0,645,0.133,0.331,81.2,7400.0,2,11433.0,2,MORTGAGE,PERSONAL,0
32,46200.0,723,0.044,0.873,96.4,15600.0,8,14701.0,8,RENT,VENTURE,0
37,171400.0,682,0.171,0.565,63.7,12000.0,6,21610.0,7,RENT,EDUCATION,1
26,48100.0,706,0.227,0.61,80.0,5400.0,9,9557.0,7,RENT,PERSONAL,1
53,36200.0,613,0.311,0.602,78.9,25900.0,0,1175.0,5,MORTGAGE,EDUCATION,1
25,90400.0,608,0.157,0.489,79.0,29500.0,1,17488.0,9,MORTGAGE,DEBTCONSOLIDATION,0
48,46100.0,740,0.095,0.465,97.9,15500.0,1,7969.0,9,RENT,EDUCATION,0
34,36100.0,664,0.19,0.69,89.4,15000.0,17,8580.0,7,MORTGAGE,MEDICAL,0
25,44900.0,691,0.092,0.424,83.5,13300.0,0,4868.0,1,RENT,MEDICAL,1
53,58300.0,647,0.34,0.468,63.7,14500.0,4,6561.0,8,RENT,DEBTCONSOLIDATION,1
61,134000.0,737,0.217,0.732,68.4,17100.0,5,10058.0,6,MORTGAGE,EDUCATION,1
39,18800.0,624,0.206,0.259,91.7,9600.0,4,335.0,6,OWN,VENTURE,0
42,60700.0,659,0.38,0.547,85.1,23400.0,5,4634.0,3,RENT,MEDICAL,1
25,87100.0,728,0.226,0.57,96.7,15100.0,3,5106.0,10,MORTGAGE,MEDICAL,0
22,67200.0,757,0.067,0.737,73.5,23000.0,0,12198.0,5,MORTGAGE,DEBTCONSOLIDATION,1
50,131400.0,630,0.104,0.456,82.5,32300.0,6,9970.0,8,OWN,PERSONAL,0
67,57300.0,816,0.209,0.674,80.0,13700.0,1,7174.0,5,MORTGAGE,DEBTCONSOLIDATION,0
59,53600.0,693,0.108,0.242,92.6,16900.0,0,768.0,9,MORTGAGE,PERSONAL,0
24,85400.0,591,0.238,0.678,100.0,21000.0,0,14013.0,6,RENT,VENTURE,0
53,63600.0,697,0.31,0.554,75.2,14000.0,1,9854.0,5,RENT,PERSONAL,1
33,47400.0,641,0.13,0.207,57.6,10500.0,2,1639.0,6,MORTGAGE,MEDICAL,0
40,81600.0,702,0.08,0.265,87.8,15200.0,9,2075.0,3,MORTGAGE,PERSONAL,0
27,40500.0,666,0.057,0.553,87.0,33200.0,3,6636.0,9,RENT,VENTURE,0
35,41500.0,675,0.267,0.385,60.2,2500.0,3,1520.0,5,MORTGAGE,EDUCATION,0
43,43600.0,601,0.138,0.035,70.2,22500.0,1,513.0,4,RENT,VENTURE,0
34,134800.0,744,0.29,0.359,76.7,14900.0,16,11668.0,2,MORTGAGE,MEDICAL,0
43,18000.0,583,0.073,0.098,95.7,9300.0,11,235.0,7,RENT,PERSONAL,0
39,75900.0,586,0.219,0.297,69.6,24500.0,8,8218.0,7,MORTGAGE,MEDICAL,0
49,61100.0,697,0.227,0.576,78.8,5800.0,1,3506.0,7,RENT,PERSONAL,1
40,21800.0,790,0.041,0.409,58.4,10100.0,4,2322.0,4,MORTGAGE,DEBTCONSOLIDATION,0
49,72100.0,643,0.158,0.229,87.8,33500.0,2,4394.0,12,MORTGAGE,MEDICAL,0
44,79700.0,722,0.201,0.679,67.1,3500.0,2,3412.0,6,MORTGAGE,MEDICAL,0
38,85300.0,750,0.153,0.513,100.0,19000.0,0,11526.0,2,RENT,DEBTCONSOLIDATION,0
30,18000.0,731,0.258,0.489,71.8,36600.0,0,2579.0,3,RENT,EDUCATION,1
61,135900.0,646,0.295,0.725,93.4,28900.0,16,36312.0,8,RENT,PERSONAL,0
28,38500.0,588,0.099,0.283,88.4,17700.0,4,3248.0,10,MORTGAGE,MEDICAL,0
46,90400.0,504,0.273,0.494,71.6,6800.0,0,9805.0,7,RENT,DEBTCONSOLIDATION,1
49,93400.0,650,0.118,0.389,95.3,25000.0,8,12668.0,6,RENT,MEDICAL,0
30,35400.0,758,0.255,0.378,57.7,8600.0,0,2326.0,8,OWN,PERSONAL,0
37,89000.0,585,0.256,0.602,81.7,12000.0,6,18722.0,10,OWN,DEBTCONSOLIDATION,0
22,47500.0,722,0.328,0.286,90.5,12900.0,4,4692.0,5,OWN,EDUCATION,0
26,18000.0,598,0.074,0.444,79.1,5600.0,0,2088.0,10,MORTGAGE,DEBTCONSOLIDATION,0
25,120600.0,677,0.158,0.295,68.3,33000.0,3,6070.0,6,MORTGAGE,DEBTCONSOLIDATION,0
48,37600.0,723,0.108,0.395,100.0,12500.0,0,3816.0,7,RENT,VENTURE,0
61,35900.0,620,0.315,0.522,80.5,12700.0,0,6879.0,9,RENT,EDUCATION,1
25,47000.0,682,0.284,0.608,75.3,8700.0,0,7795.0,4,MORTGAGE,PERSONAL,0
38,70500.0,638,0.335,0.373,68.7,8100.0,1,9046.0,9,RENT,VENTURE,1
46,57900.0,722,0.124,0.052,83.1,20600.0,8,514.0,4,OWN,PERSONAL,0
40,83200.0,687,0.092,0.669,79.4,21000.0,2,8478.0,5,MORTGAGE,VENTURE,0
61,26800.0,674,0.21,0.445,78.5,75000.0,5,1664.0,12,RENT,EDUCATION,1
47,38400.0,786,0.277,0.402,100.0,10700.0,0,3426.0,4,RENT,PERSONAL,0
32,55800.0,719,0.062,0.235,100.0,9900.0,13,2638.0,4,RENT,MEDICAL,0
27,187000.0,618,0.102,0.477,85.0,29000.0,3,31128.0,12,RENT,MEDICAL,1
23,55900.0,663,0.185,0.49,90.2,24100.0,0,2449.0,6,OWN,MEDICAL,0
30,114800.0,664,0.229,0.622,64.1,10900.0,3,17417.0,7,RENT,PERSONAL,1
54,61300.0,676,0.169,0.232,83.1,17100.0,1,2719.0,5,RENT,DEBTCONSOLIDATION,0
45,44800.0,850,0.264,0.126,85.2,39800.0,1,2135.0,7,MORTGAGE,PERSONAL,0
55,51600.0,697,0.274,0.469,79.4,5800.0,4,7888.0,5,RENT,PERSONAL,1
36,54100.0,517,0.408,0.849,76.8,7900.0,1,9263.0,7,MORTGAGE,EDUCATION,1
22,86000.0,629,0.188,0.088,72.5,18000.0,1,2075.0,6,RENT,EDUCATION,1
44,136600.0,525,0.305,0.17,82.4,8300.0,3,7221.0,8,RENT,PERSONAL,0
30,74300.0,645,0.126,0.731,95.7,8600.0,1,4068.0,8,RENT,DEBTCONSOLIDATION,0
58,122100.0,520,0.25,0.712,97.7,31600.0,0,24846.0,4,RENT,DEBTCONSOLIDATION,1
42,33600.0,604,0.173,0.213,82.0,17800.0,2,707.0,8,RENT,VENTURE,0
46,46700.0,555,0.274,0.427,94.8,12900.0,0,2316.0,7,MORTGAGE,EDUCATION,0
63,38800.0,698,0.174,0.391,70.8,7800.0,11,3207.0,7,MORTGAGE,EDUCATION,0
59,72300.0,670,0.064,0.358,88.8,17300.0,3,10167.0,7,MORTGAGE,DEBTCONSOLIDATION,0
47,48300.0,692,0.168,0.419,80.6,30400.0,0,7756.0,5,RENT,PERSONAL,1
49,92800.0,662,0.316,0.335,73.8,5400.0,1,11372.0,3,MORTGAGE,PERSONAL,0
67,34200.0,565,0.106,0.722,100.0,5700.0,15,1531.0,4,MORTGAGE,EDUCATION,0
58,61400.0,708,0.168,0.605,76.3,21500.0,3,12945.0,2,RENT,DEBTCONSOLIDATION,1
40,90400.0,814,0.112,0.374,77.6,9000.0,2,10875.0,8,MORTGAGE,PERSONAL,0
47,18000.0,700,0.267,0.355,76.5,7600.0,1,1435.0,5,MORTGAGE,MEDICAL,0
61,213800.0,638,0.288,0.406,86.2,8300.0,2,14227.0,7,RENT,DEBTCONSOLIDATION,1
40,50500.0,562,0.11,0.323,98.2,22700.0,1,5129.0,9,MORTGAGE,PERSONAL,0
64,18000.0,601,0.165,0.452,68.2,22200.0,6,712.0,2,MORTGAGE,PERSONAL,1
39,65800.0,703,0.075,0.274,87.7,17600.0,3,5006.0,9,OWN,EDUCATION,0
40,61100.0,750,0.235,0.562,86.2,9900.0,6,9792.0,4,MORTGAGE,MEDICAL,0
55,57000.0,689,0.11,0.157,62.7,7500.0,1,2182.0,6,RENT,PERSONAL,0
67,108500.0,729,0.269,0.416,98.2,8800.0,0,16124.0,10,RENT,MEDICAL,1
22,93800.0,723,0.44,0.53,85.2,7200.0,16,8225.0,7,RENT,PERSONAL,1
50,71600.0,707,0.148,0.701,90.7,10100.0,3,10909.0,12,MORTGAGE,VENTURE,0
54,78400.0,620,0.021,0.414,57.1,13700.0,0,10241.0,7,MORTGAGE,EDUCATION,0
42,56200.0,683,0.09,0.27,99.6,22400.0,0,4565.0,5,RENT,PERSONAL,0
23,173700.0,606,0.097,0.104,100.0,13700.0,2,4459.0,5,MORTGAGE,VENTURE,0
26,24600.0,671,0.217,0.422,80.2,11900.0,5,1508.0,8,MORTGAGE,PERSONAL,0
35,65100.0,694,0.291,0.341,73.3,44000.0,2,3396.0,12,MORTGAGE,MEDICAL,1
47,62300.0,795,0.132,0.519,52.6,2000.0,8,10005.0,5,MORTGAGE,PERSONAL,1
30,97500.0,571,0.172,0.559,66.4,20900.0,1,2835.0,7,MORTGAGE,EDUCATION,0
29,36100.0,706,0.081,0.357,92.0,19300.0,0,3589.0,6,RENT,PERSONAL,0
53,21000.0,781,0.253,0.622,81.6,19400.0,0,1788.0,10,RENT,EDUCATION,1
52,65800.0,726,0.08,0.57,63.8,25600.0,9,10710.0,6,MORTGAGE,DEBTCONSOLIDATION,0
26,70900.0,732,0.234,0.411,100.0,5800.0,20,3364.0,6,MORTGAGE,EDUCATION,0
61,146400.0,714,0.055,0.279,74.0,26100.0,0,7424.0,11,MORTGAGE,PERSONAL,0
56,27900.0,767,0.217,0.234,64.2,17500.0,0,2049.0,7,OWN,DEBTCONSOLIDATION,1
22,119700.0,588,0.063,0.561,82.5,10100.0,12,21107.0,3,RENT,EDUCATION,0
49,247800.0,566,0.007,0.435,88.1,20800.0,0,13301.0,2,MORTGAGE,VENTURE,0
24,47700.0,669,0.089,0.628,65.9,15100.0,1,5443.0,8,MORTGAGE,DEBTCONSOLIDATION,1
21,27600.0,507,0.473,0.216,78.4,6900.0,8,1347.0,11,MORTGAGE,EDUCATION,0
39,46900.0,762,0.265,0.439,100.0,3200.0,31,5262.0,6,RENT,MEDICAL,0
46,60400.0,761,0.328,0.305,65.7,5300.0,3,5708.0,7,RENT,PERSONAL,1
45,84000.0,637,0.089,0.41,86.2,8100.0,1,2007.0,5,RENT,EDUCATION,0
30,42000.0,642,0.208,0.151,78.2,17600.0,9,573.0,5,RENT,DEBTCONSOLIDATION,0
35,152200.0,664,0.106,0.775,88.4,4900.0,2,12409.0,6,RENT,DEBTCONSOLIDATION,1
42,30700.0,673,0.125,0.151,69.4,17800.0,1,541.0,8,MORTGAGE,PERSONAL,0
41,21100.0,679,0.271,0.638,84.8,16600.0,3,816.0,7,OWN,PERSONAL,1
42,116300.0,711,0.259,0.359,70.6,56400.0,9,15539.0,6,MORTGAGE,MEDICAL,1
56,18000.0,657,0.289,0.8,58.0,17200.0,1,1537.0,4,RENT,PERSONAL,1
54,53000.0,740,0.154,0.295,65.1,3100.0,2,1185.0,5,MORTGAGE,DEBTCONSOLIDATION,0
50,350000.0,703,0.486,0.021,79.4,29800.0,2,1581.0,6,MORTGAGE,MEDICAL,0
45,59400.0,624,0.229,0.611,84.8,7100.0,8,13770.0,5,MORTGAGE,EDUCATION,0
65,30600.0,770,0.154,0.363,96.5,6800.0,5,4305.0,6,MORTGAGE,PERSONAL,0
48,57800.0,568,0.064,0.61,86.3,11700.0,7,10110.0,6,RENT,MEDICAL,1
21,58100.0,663,0.181,0.657,100.0,19600.0,5,4291.0,5,RENT,DEBTCONSOLIDATION,1
65,65900.0,742,0.099,0.413,79.6,11000.0,4,1397.0,6,MORTGAGE,MEDICAL,0
24,89100.0,615,0.066,0.573,88.6,13500.0,0,8539.0,5,RENT,PERSONAL,1
27,32100.0,693,0.336,0.503,70.2,7000.0,8,1516.0,3,RENT,MEDICAL,1
29,164800.0,710,0.143,0.888,85.8,5900.0,4,45993.0,5,OWN,EDUCATION,0
56,69400.0,605,0.252,0.351,77.5,15400.0,6,9480.0,1,RENT,MEDICAL,1
39,92600.0,664,0.189,0.185,76.2,4600.0,7,1359.0,5,MORTGAGE,PERSONAL,0
21,41100.0,658,0.139,0.374,82.9,8100.0,1,2904.0,7,MORTGAGE,PERSONAL,0
30,129600.0,628,0.135,0.641,65.0,10600.0,2,30394.0,5,OWN,VENTURE,1
56,51300.0,842,0.298,0.427,86.0,15700.0,3,6679.0,4,OWN,MEDICAL,0
29,70700.0,612,0.331,0.307,90.5,11100.0,2,7693.0,3,RENT,EDUCATION,0
65,34200.0,745,0.308,0.626,73.6,10700.0,1,7987.0,10,MORTGAGE,DEBTCONSOLIDATION,1
66,32900.0,640,0.152,0.494,84.2,5600.0,7,3160.0,5,MORTGAGE,PERSONAL,0
62,90500.0,588,0.424,0.373,97.0,10000.0,7,9883.0,4,RENT,DEBTCONSOLIDATION,1
52,45900.0,677,0.3,0.625,91.1,11200.0,8,8557.0,2,MORTGAGE,DEBTCONSOLIDATION,0
52,35900.0,718,0.076,0.289,80.4,17900.0,5,2809.0,6,RENT,MEDICAL,1
26,40700.0,739,0.397,0.148,86.8,7600.0,1,988.0,4,RENT,MEDICAL,1
58,91100.0,787,0.294,0.301,99.9,7100.0,1,9358.0,9,MORTGAGE,PERSONAL,0
37,41100.0,850,0.128,0.289,85.0,5700.0,3,3790.0,6,RENT,EDUCATION,0
30,55800.0,688,0.312,0.803,93.4,14900.0,9,9222.0,4,RENT,MEDICAL,1
47,60400.0,620,0.227,0.643,91.5,10500.0,2,7664.0,4,MORTGAGE,EDUCATION,0
55,19000.0,703,0.329,0.585,83.1,12200.0,7,598.0,4,RENT,DEBTCONSOLIDATION,1
41,24800.0,650,0.134,0.198,97.5,9600.0,1,1695.0,6,OWN,PERSONAL,0
45,73300.0,739,0.26,0.322,69.9,9900.0,2,3526.0,2,RENT,EDUCATION,0
48,38500.0,572,0.167,0.199,87.1,8700.0,6,1646.0,6,MORTGAGE,DEBTCONSOLIDATION,0
67,112900.0,847,0.061,0.285,75.4,19000.0,5,6241.0,6,RENT,PERSONAL,0
35,106900.0,734,0.14,0.091,92.7,13800.0,1,2795.0,6,RENT,MEDICAL,0
24,92200.0,543,0.164,0.429,81.8,37300.0,8,7378.0,9,RENT,VENTURE,0
49,178400.0,616,0.217,0.219,93.5,10800.0,7,4411.0,3,MORTGAGE,EDUCATION,0
29,57000.0,731,0.084,0.625,91.2,40300.0,7,12612.0,9,RENT,DEBTCONSOLIDATION,1
47,88400.0,758,0.065,0.131,77.0,10900.0,3,1323.0,6,MORTGAGE,PERSONAL,0
46,42200.0,574,0.033,0.214,88.4,19100.0,1,541.0,9,MORTGAGE,DEBTCONSOLIDATION,0
39,260800.0,723,0.469,0.793,87.5,8700.0,9,24546.0,5,RENT,MEDICAL,1
48,196800.0,523,0.117,0.426,79.5,18800.0,4,17547.0,5,OWN,EDUCATION,0
37,60300.0,663,0.276,0.467,92.4,2700.0,13,5579.0,2,RENT,PERSONAL,0
63,75500.0,753,0.19,0.404,80.7,5600.0,1,10026.0,2,RENT,MEDICAL,1
61,135300.0,628,0.202,0.389,72.6,6700.0,18,6222.0,9,MORTGAGE,MEDICAL,0
62,54800.0,556,0.132,0.163,85.4,56200.0,2,2871.0,5,RENT,EDUCATION,1
40,40400.0,680,0.186,0.486,87.5,27900.0,2,1644.0,4,MORTGAGE,DEBTCONSOLIDATION,0
65,101200.0,624,0.131,0.102,46.3,16000.0,1,2227.0,6,RENT,EDUCATION,1
60,62800.0,717,0.17,0.329,100.0,10000.0,16,7291.0,6,RENT,MEDICAL,0
59,66800.0,603,0.189,0.45,100.0,8900.0,0,5847.0,15,OWN,PERSONAL,0
43,36300.0,612,0.364,0.433,72.0,8700.0,3,6085.0,6,MORTGAGE,MEDICAL,1
67,21400.0,518,0.508,0.688,89.4,21400.0,2,3988.0,7,RENT,VENTURE,1
52,69000.0,682,0.072,0.459,69.2,14200.0,0,9971.0,3,RENT,VENTURE,1
67,103100.0,657,0.198,0.464,62.1,25100.0,6,10929.0,3,MORTGAGE,MEDICAL,1
53,52300.0,580,0.269,0.386,76.5,19800.0,11,4046.0,6,MORTGAGE,DEBTCONSOLIDATION,0
66,141800.0,684,0.287,0.425,65.4,17800.0,1,4799.0,7,RENT,DEBTCONSOLIDATION,1
25,39200.0,747,0.091,0.5,88.4,7700.0,3,1803.0,5,MORTGAGE,EDUCATION,0
63,31800.0,653,0.154,0.084,92.6,7700.0,4,668.0,6,RENT,EDUCATION,0
54,57500.0,690,0.197,0.405,100.0,14600.0,2,6166.0,4,MORTGAGE,MEDICAL,0
60,57000.0,690,0.14,0.095,82.6,17400.0,12,2137.0,13,MORTGAGE,DEBTCONSOLIDATION,0
31,95000.0,579,0.188,0.262,92.4,11700.0,3,8717.0,2,MORTGAGE,PERSONAL,0
23,37600.0,824,0.386,0.173,86.7,5600.0,20,2248.0,4,MORTGAGE,EDUCATION,0
53,136100.0,634,0.335,0.157,85.5,15600.0,1,3212.0,7,RENT,MEDICAL,1
31,194900.0,719,0.305,0.463,70.0,22700.0,0,17517.0,4,RENT,DEBTCONSOLIDATION,0
36,58500.0,727,0.256,0.092,79.1,6200.0,4,461.0,6,MORTGAGE,DEBTCONSOLIDATION,0
38,126700.0,659,0.151,0.272,77.6,10900.0,8,8738.0,5,OWN,EDUCATION,0
50,31800.0,715,0.148,0.698,89.1,6900.0,2,1650.0,7,RENT,VENTURE,0
30,114100.0,688,0.251,0.567,56.7,26100.0,1,13352.0,3,MORTGAGE,PERSONAL,1
38,112200.0,563,0.208,0.424,94.6,54000.0,6,11806.0,4,MORTGAGE,MEDICAL,0
58,100500.0,645,0.308,0.083,78.8,33500.0,1,1083.0,2,RENT,PERSONAL,0
39,59300.0,624,0.116,0.621,74.0,4400.0,7,11836.0,7,RENT,EDUCATION,0
56,18000.0,635,0.112,0.605,86.1,17000.0,1,3117.0,3,RENT,VENTURE,1
33,40700.0,572,0.169,0.605,81.7,19600.0,4,2506.0,6,MORTGAGE,EDUCATION,0
66,41100.0,754,0.369,0.523,83.9,45000.0,10,8475.0,3,RENT,VENTURE,1
23,33300.0,790,0.066,0.58,97.7,8900.0,1,4630.0,5,RENT,EDUCATION,1
30,64400.0,743,0.355,0.522,60.5,12200.0,8,1992.0,5,RENT,PERSONAL,1
58,46600.0,765,0.112,0.596,65.3,5900.0,1,4792.0,3,RENT,DEBTCONSOLIDATION,1
21,36500.0,644,0.233,0.237,75.4,5200.0,5,3398.0,6,MORTGAGE,EDUCATION,0
47,31700.0,622,0.31,0.347,98.8,14000.0,1,4024.0,3,MORTGAGE,VENTURE,0
66,39000.0,611,0.302,0.347,91.5,37300.0,0,1393.0,4,RENT,MEDICAL,1
28,117300.0,718,0.277,0.241,80.5,13600.0,5,9873.0,8,RENT,VENTURE,0
66,40300.0,687,0.329,0.655,89.3,13800.0,4,7033.0,7,OWN,MEDICAL,1
62,44000.0,664,0.1,0.633,92.1,5500.0,2,1604.0,7,RENT,MEDICAL,1
37,45500.0,767,0.087,0.404,88.2,14800.0,0,5792.0,8,MORTGAGE,DEBTCONSOLIDATION,0
29,73400.0,700,0.103,0.252,95.0,9100.0,3,3597.0,4,RENT,MEDICAL,0
26,78700.0,607,0.185,0.536,84.1,9700.0,0,7958.0,8,RENT,DEBTCONSOLIDATION,1
63,18000.0,618,0.279,0.225,87.9,44200.0,2,745.0,8,MORTGAGE,EDUCATION,1
45,110500.0,721,0.251,0.176,88.0,9800.0,4,5033.0,4,RENT,DEBTCONSOLIDATION,0
59,141800.0,748,0.327,0.188,77.1,10500.0,14,7997.0,5,MORTGAGE,PERSONAL,0
48,31900.0,711,0.163,0.775,80.4,15600.0,3,6840.0,6,RENT,EDUCATION,1
53,33400.0,812,0.31,0.109,88.1,2000.0,1,490.0,3,MORTGAGE,PERSONAL,0
57,45700.0,792,0.119,0.451,70.3,7700.0,14,6129.0,2,OWN,EDUCATION,0
29,38000.0,703,0.264,0.281,73.3,3800.0,0,1040.0,6,OWN,PERSONAL,0
38,68500.0,607,0.09,0.768,78.9,9100.0,5,20516.0,3,OWN,MEDICAL,0
41,18600.0,571,0.231,0.664,82.7,50700.0,1,2665.0,7,RENT,PERSONAL,1
22,30600.0,640,0.109,0.817,81.8,2000.0,7,2049.0,8,MORTGAGE,MEDICAL,0
63,150800.0,726,0.329,0.204,81.8,4200.0,2,7747.0,5,RENT,DEBTCONSOLIDATION,0
58,34300.0,806,0.408,0.326,83.6,34500.0,2,2817.0,13,MORTGAGE,PERSONAL,1
60,126300.0,701,0.153,0.476,79.2,12000.0,7,3823.0,7,MORTGAGE,VENTURE,0
56,74100.0,757,0.221,0.403,73.8,18200.0,11,1607.0,7,RENT,EDUCATION,1
63,20200.0,651,0.146,0.148,82.4,14300.0,1,1192.0,8,RENT,PERSONAL,0
57,87700.0,716,0.181,0.634,89.7,14600.0,1,10371.0,12,RENT,DEBTCONSOLIDATION,0
35,55800.0,731,0.202,0.416,92.3,10500.0,0,3155.0,5,MORTGAGE,MEDICAL,0
48,45600.0,521,0.217,0.366,58.1,2000.0,9,4034.0,10,RENT,PERSONAL,1
38,69400.0,638,0.108,0.258,70.1,13200.0,14,948.0,6,OWN,MEDICAL,0
54,79600.0,741,0.38,0.442,93.3,28800.0,1,1918.0,4,RENT,DEBTCONSOLIDATION,1
42,91500.0,690,0.119,0.6,78.6,26900.0,2,4912.0,4,RENT,DEBTCONSOLIDATION,1
31,121400.0,580,0.072,0.682,60.0,20100.0,2,27395.0,8,RENT,MEDICAL,1
33,76500.0,487,0.288,0.218,96.7,12400.0,2,2283.0,11,RENT,DEBTCONSOLIDATION,1
24,26200.0,642,0.382,0.261,94.1,14900.0,2,1547.0,12,MORTGAGE,DEBTCONSOLIDATION,1
42,45100.0,664,0.223,0.131,67.8,24300.0,3,758.0,9,MORTGAGE,EDUCATION,0
27,350000.0,603,0.075,0.229,67.9,4600.0,0,19291.0,9,RENT,MEDICAL,1
63,92500.0,680,0.271,0.637,100.0,47200.0,0,13439.0,4,RENT,DEBTCONSOLIDATION,0
44,248100.0,707,0.235,0.202,71.0,27000.0,6,9535.0,8,RENT,PERSONAL,0
24,138300.0,720,0.152,0.255,96.6,48700.0,9,7110.0,5,RENT,EDUCATION,0
48,69200.0,493,0.018,0.421,100.0,16600.0,8,8119.0,5,MORTGAGE,EDUCATION,0
35,71700.0,571,0.093,0.118,64.6,9300.0,4,2917.0,2,OWN,PERSONAL,0
21,58600.0,647,0.102,0.268,71.1,18500.0,17,2541.0,5,RENT,PERSONAL,1
23,21100.0,712,0.22,0.455,94.4,22700.0,0,2268.0,4,MORTGAGE,MEDICAL,1
34,60500.0,706,0.306,0.746,65.6,51500.0,1,15750.0,8,MORTGAGE,MEDICAL,1
58,123800.0,705,0.088,0.228,69.1,10900.0,1,3070.0,7,RENT,MEDICAL,1
21,41800.0,641,0.104,0.269,79.6,10000.0,2,4417.0,4,MORTGAGE,EDUCATION,0
58,76700.0,645,0.219,0.351,80.5,28000.0,8,8419.0,4,RENT,VENTURE,1
58,99800.0,615,0.358,0.836,95.1,11300.0,2,14863.0,7,MORTGAGE,VENTURE,1
41,34700.0,727,0.174,0.418,88.8,8800.0,3,2630.0,7,RENT,PERSONAL,0
49,45700.0,600,0.243,0.27,84.5,9200.0,4,1504.0,4,MORTGAGE,PERSONAL,0
25,32500.0,733,0.147,0.457,80.2,3200.0,9,2135.0,5,MORTGAGE,PERSONAL,0
30,36600.0,685,0.023,0.482,69.4,8100.0,4,4507.0,2,MORTGAGE,VENTURE,0
48,27700.0,666,0.164,0.684,96.6,17900.0,2,972.0,10,OWN,PERSONAL,1
41,34900.0,620,0.396,0.112,83.7,13300.0,5,227.0,4,MORTGAGE,DEBTCONSOLIDATION,0
27,140300.0,568,0.136,0.341,89.9,18600.0,3,18910.0,4,MORTGAGE,VENTURE,0
23,34600.0,621,0.235,0.312,84.7,33800.0,3,1430.0,5,RENT,MEDICAL,1
65,64600.0,645,0.253,0.33,83.4,71100.0,2,7256.0,4,MORTGAGE,PERSONAL,1
67,44300.0,492,0.434,0.211,83.2,11000.0,0,2471.0,5,MORTGAGE,PERSONAL,0
40,121500.0,655,0.237,0.224,82.0,6000.0,2,5609.0,6,MORTGAGE,MEDICAL,0
39,131500.0,739,0.114,0.23,80.3,9800.0,1,9263.0,6,RENT,EDUCATION,0
55,100600.0,712,0.141,0.536,74.8,22900.0,0,3640.0,9,MORTGAGE,EDUCATION,1
24,71900.0,632,0.192,0.525,88.4,75000.0,1,11876.0,8,MORTGAGE,PERSONAL,0
25,52100.0,673,0.038,0.481,95.5,15000.0,19,8770.0,6,RENT,EDUCATION,0
21,29300.0,628,0.246,0.733,84.9,18700.0,1,3180.0,8,MORTGAGE,MEDICAL,1
24,192200.0,681,0.116,0.838,100.0,11400.0,3,25056.0,6,OWN,EDUCATION,0
32,38000.0,785,0.281,0.114,76.5,14900.0,3,373.0,7,MORTGAGE,EDUCATION,0
47,89200.0,742,0.068,0.139,100.0,31900.0,4,4334.0,10,MORTGAGE,DEBTCONSOLIDATION,0
62,113100.0,709,0.141,0.691,87.3,23500.0,0,26007.0,5,MORTGAGE,EDUCATION,0
43,42900.0,633,0.047,0.639,48.7,12800.0,7,5450.0,4,MORTGAGE,DEBTCONSOLIDATION,1
45,111600.0,726,0.234,0.735,100.0,15900.0,6,14945.0,10,MORTGAGE,PERSONAL,0
41,94700.0,543,0.397,0.214,70.6,10300.0,18,4046.0,3,MORTGAGE,DEBTCONSOLIDATION,0
44,168900.0,651,0.06,0.271,84.5,30700.0,1,9023.0,11,MORTGAGE,MEDICAL,0
45,45200.0,713,0.145,0.591,88.1,49000.0,4,5352.0,8,MORTGAGE,MEDICAL,1
65,27700.0,725,0.117,0.302,82.8,7300.0,8,845.0,10,MORTGAGE,MEDICAL,0
66,44200.0,720,0.136,0.575,80.6,7700.0,0,1391.0,6,MORTGAGE,VENTURE,0
52,67900.0,692,0.112,0.394,74.3,10400.0,7,8477.0,6,RENT,DEBTCONSOLIDATION,0
52,62000.0,655,0.133,0.484,75.8,24300.0,1,5111.0,5,MORTGAGE,PERSONAL,0
25,47300.0,710,0.083,0.731,96.3,9900.0,1,7669.0,4,MORTGAGE,EDUCATION,0
56,19000.0,598,0.276,0.141,69.8,25800.0,14,422.0,5,RENT,MEDICAL,1
66,79400.0,606,0.049,0.557,82.6,4500.0,1,8119.0,4,RENT,DEBTCONSOLIDATION,0
62,195500.0,674,0.272,0.201,90.5,12700.0,4,2994.0,5,OWN,PERSONAL,0
62,79100.0,682,0.061,0.263,69.3,14700.0,2,3736.0,9,RENT,EDUCATION,1
59,86300.0,533,0.042,0.398,87.6,7000.0,0,7285.0,8,OWN,VENTURE,0
36,84400.0,704,0.368,0.434,94.6,12100.0,15,12509.0,4,MORTGAGE,DEBTCONSOLIDATION,0
53,76000.0,727,0.198,0.131,86.2,29100.0,1,1621.0,4,MORTGAGE,DEBTCONSOLIDATION,0
41,104700.0,664,0.245,0.597,95.5,12100.0,1,5062.0,7,MORTGAGE,DEBTCONSOLIDATION,0
29,75900.0,848,0.286,0.312,81.5,17900.0,2,7476.0,10,MORTGAGE,MEDICAL,0
26,49600.0,618,0.025,0.235,71.8,36100.0,3,2115.0,10,MORTGAGE,VENTURE,0
65,37100.0,642,0.043,0.336,80.2,7100.0,0,4617.0,5,MORTGAGE,DEBTCONSOLIDATION,0
55,51600.0,640,0.087,0.635,65.6,16000.0,4,12637.0,2,RENT,EDUCATION,1
59,72300.0,664,0.256,0.637,100.0,2000.0,3,16356.0,8,MORTGAGE,PERSONAL,0
42,49500.0,645,0.145,0.47,81.9,5000.0,1,3009.0,5,MORTGAGE,PERSONAL,0
61,72300.0,564,0.194,0.328,59.4,22600.0,5,3292.0,9,MORTGAGE,DEBTCONSOLIDATION,0
25,77900.0,629,0.213,0.076,74.2,9200.0,3,1942.0,9,RENT,PERSONAL,0
62,98700.0,662,0.188,0.129,79.6,16400.0,9,2625.0,9,RENT,EDUCATION,0
43,129300.0,762,0.43,0.255,66.7,4600.0,9,5085.0,6,RENT,DEBTCONSOLIDATION,0
37,62700.0,835,0.324,0.311,66.5,2000.0,19,2981.0,4,RENT,EDUCATION,0
32,27300.0,770,0.302,0.733,77.9,8200.0,0,5045.0,7,MORTGAGE,PERSONAL,1
43,48700.0,611,0.194,0.289,88.5,8900.0,2,5113.0,5,RENT,PERSONAL,0
36,61500.0,617,0.346,0.359,93.4,10400.0,3,5887.0,7,MORTGAGE,PERSONAL,0
23,19900.0,658,0.222,0.349,95.4,37300.0,1,1855.0,7,MORTGAGE,MEDICAL,1
50,137800.0,803,0.361,0.075,74.9,3200.0,12,3219.0,3,MORTGAGE,EDUCATION,0
42,65200.0,657,0.369,0.484,49.9,8000.0,0,9975.0,4,RENT,PERSONAL,1
29,75300.0,570,0.064,0.094,100.0,10300.0,2,2607.0,6,OWN,PERSONAL,0
49,135900.0,632,0.22,0.615,79.4,12100.0,1,8921.0,7,MORTGAGE,DEBTCONSOLIDATION,0
67,41000.0,726,0.276,0.389,76.8,26700.0,5,6294.0,6,RENT,PERSONAL,1
57,84500.0,721,0.205,0.634,96.9,12800.0,6,8844.0,10,RENT,MEDICAL,1
43,56100.0,654,0.314,0.181,78.3,23300.0,10,1508.0,7,OWN,EDUCATION,0
33,53600.0,721,0.249,0.391,87.9,30700.0,2,4787.0,5,OWN,PERSONAL,0
52,37700.0,499,0.232,0.243,85.0,5000.0,7,1306.0,3,MORTGAGE,PERSONAL,0
66,162700.0,677,0.124,0.323,67.2,29400.0,3,6912.0,5,MORTGAGE,MEDICAL,1
67,47800.0,734,0.036,0.426,69.0,11600.0,8,7909.0,7,RENT,DEBTCONSOLIDATION,0
43,91100.0,607,0.254,0.826,79.3,13800.0,0,6501.0,6,RENT,MEDICAL,1
65,19400.0,607,0.25,0.314,81.8,14800.0,3,2415.0,6,RENT,EDUCATION,1
37,121500.0,530,0.128,0.553,74.5,17900.0,0,17998.0,7,RENT,EDUCATION,1
60,112600.0,789,0.198,0.175,74.4,4800.0,7,7596.0,6,MORTGAGE,EDUCATION,0
41,63500.0,615,0.185,0.753,81.1,4500.0,0,17409.0,6,RENT,EDUCATION,1
22,52300.0,688,0.307,0.348,73.6,9300.0,0,5040.0,4,RENT,MEDICAL,1
57,76100.0,715,0.323,0.338,92.7,20500.0,13,6596.0,5,MORTGAGE,EDUCATION,0
26,236400.0,783,0.09,0.506,85.6,32800.0,3,47539.0,7,MORTGAGE,MEDICAL,0
64,20800.0,658,0.086,0.374,75.7,8300.0,21,1792.0,8,RENT,PERSONAL,0
38,95700.0,629,0.194,0.433,89.1,24300.0,3,4665.0,8,MORTGAGE,EDUCATION,0
50,34600.0,682,0.28,0.611,98.0,11500.0,4,8404.0,6,RENT,VENTURE,1
42,59200.0,766,0.255,0.142,84.1,16800.0,6,1372.0,5,OWN,VENTURE,0
53,51600.0,657,0.37,0.198,64.7,8800.0,1,823.0,4,RENT,VENTURE,1
50,46300.0,598,0.52,0.175,100.0,14700.0,0,2438.0,6,RENT,EDUCATION,0
37,59500.0,554,0.03,0.627,100.0,7000.0,5,7690.0,6,RENT,EDUCATION,0
63,30300.0,578,0.175,0.631,96.9,14300.0,3,3553.0,2,MORTGAGE,PERSONAL,1
52,111000.0,734,0.051,0.324,89.6,24500.0,8,9749.0,5,RENT,DEBTCONSOLIDATION,0
62,20400.0,645,0.118,0.816,88.1,10100.0,0,1140.0,5,MORTGAGE,DEBTCONSOLIDATION,0
34,82800.0,624,0.063,0.722,83.7,15900.0,3,17598.0,9,RENT,DEBTCONSOLIDATION,1
30,49200.0,616,0.188,0.663,83.2,17300.0,1,7379.0,5,RENT,MEDICAL,1
67,29700.0,676,0.247,0.749,68.1,29100.0,4,4929.0,7,RENT,MEDICAL,1
56,67600.0,652,0.091,0.45,68.3,3600.0,7,11104.0,6,RENT,DEBTCONSOLIDATION,0
54,23500.0,649,0.166,0.569,71.4,21900.0,1,4559.0,5,OWN,EDUCATION,1
29,61300.0,771,0.175,0.308,57.9,6200.0,3,4457.0,4,RENT,EDUCATION,0
62,25500.0,785,0.186,0.298,67.0,5800.0,2,1918.0,5,OWN,MEDICAL,1
48,79000.0,549,0.068,0.301,81.9,8500.0,7,7905.0,6,MORTGAGE,PERSONAL,0
31,34400.0,694,0.202,0.655,55.2,6900.0,4,4370.0,3,RENT,VENTURE,1
34,45700.0,611,0.076,0.241,70.6,15400.0,0,3138.0,7,RENT,EDUCATION,1
59,71400.0,651,0.236,0.129,79.2,6800.0,18,2204.0,8,RENT,VENTURE,0
67,37700.0,693,0.382,0.353,72.8,20000.0,12,2993.0,6,MORTGAGE,MEDICAL,1
39,57800.0,654,0.267,0.248,78.0,3000.0,4,5657.0,4,MORTGAGE,MEDICAL,0
35,24100.0,687,0.059,0.514,85.4,28100.0,7,695.0,7,RENT,DEBTCONSOLIDATION,1
48,87400.0,720,0.279,0.548,93.5,4500.0,0,9345.0,4,RENT,PERSONAL,1
44,172600.0,692,0.166,0.522,73.2,17700.0,1,33837.0,4,OWN,MEDICAL,1
28,319800.0,621,0.032,0.192,78.3,7600.0,7,23017.0,4,MORTGAGE,EDUCATION,0
63,63200.0,622,0.1,0.167,55.5,9900.0,0,3290.0,9,RENT,PERSONAL,1
29,96100.0,562,0.323,0.602,89.1,7200.0,0,14878.0,2,MORTGAGE,PERSONAL,0
67,20600.0,605,0.144,0.145,71.7,3000.0,4,872.0,4,MORTGAGE,DEBTCONSOLIDATION,0
53,147500.0,817,0.148,0.135,86.1,9700.0,0,2758.0,4,OWN,EDUCATION,0
53,95400.0,610,0.3,0.665,78.2,5700.0,1,14017.0,8,RENT,VENTURE,1
39,44800.0,580,0.352,0.429,100.0,4900.0,0,4567.0,9,MORTGAGE,DEBTCONSOLIDATION,0
23,125800.0,693,0.271,0.287,100.0,9900.0,3,2610.0,10,RENT,DEBTCONSOLIDATION,0
30,51400.0,661,0.094,0.599,89.5,11000.0,5,10874.0,1,RENT,PERSONAL,1
60,45500.0,655,0.113,0.44,87.1,14200.0,1,4201.0,7,RENT,MEDICAL,1
67,79600.0,775,0.187,0.092,85.1,18900.0,3,2670.0,3,RENT,EDUCATION,0
62,31600.0,711,0.4,0.509,76.5,5700.0,0,3000.0,9,MORTGAGE,PERSONAL,0
21,110500.0,630,0.284,0.402,72.7,5000.0,1,8578.0,4,MORTGAGE,DEBTCONSOLIDATION,1
49,31800.0,638,0.11,0.325,70.7,22700.0,0,1400.0,6,RENT,VENTURE,1
54,31900.0,632,0.145,0.666,74.4,10600.0,0,5853.0,6,MORTGAGE,DEBTCONSOLIDATION,0
33,34700.0,735,0.385,0.103,87.0,52900.0,1,865.0,6,RENT,EDUCATION,1
21,94400.0,646,0.165,0.615,79.1,3200.0,8,21454.0,2,RENT,EDUCATION,1
54,41400.0,535,0.2,0.25,57.5,16900.0,14,2072.0,2,MORTGAGE,PERSONAL,0
49,26700.0,666,0.215,0.148,100.0,7600.0,6,1094.0,4,OWN,EDUCATION,0
67,41600.0,554,0.449,0.502,80.0,7800.0,0,6216.0,3,RENT,PERSONAL,1
33,58700.0,833,0.283,0.192,100.0,9100.0,4,1825.0,13,MORTGAGE,VENTURE,0
49,29500.0,597,0.193,0.186,77.2,34100.0,6,1966.0,6,MORTGAGE,DEBTCONSOLIDATION,0
59,30000.0,657,0.06,0.575,79.0,4100.0,0,3162.0,5,MORTGAGE,DEBTCONSOLIDATION,0
44,212500.0,689,0.058,0.255,93.1,4100.0,1,14797.0,8,RENT,PERSONAL,0
46,35700.0,648,0.125,0.348,78.4,20600.0,2,3299.0,10,OWN,PERSONAL,0
37,49300.0,648,0.039,0.129,86.8,44100.0,1,1256.0,10,RENT,EDUCATION,1
27,48000.0,701,0.148,0.576,78.1,8000.0,3,3157.0,8,MORTGAGE,PERSONAL,0
33,46500.0,784,0.194,0.354,76.3,28500.0,0,4237.0,5,MORTGAGE,VENTURE,0
25,86900.0,727,0.216,0.588,100.0,24600.0,2,9271.0,6,RENT,VENTURE,1
46,105800.0,780,0.136,0.425,67.5,16300.0,6,8214.0,8,RENT,VENTURE,0
23,49800.0,591,0.131,0.432,75.9,15200.0,3,4787.0,9,RENT,MEDICAL,1
27,28500.0,693,0.103,0.34,100.0,10300.0,1,2781.0,5,RENT,EDUCATION,0
59,128600.0,681,0.286,0.311,78.0,25200.0,8,12213.0,6,RENT,PERSONAL,0
21,56500.0,696,0.041,0.249,64.3,21300.0,2,2806.0,7,OWN,MEDICAL,0
37,169100.0,773,0.289,0.462,89.4,8900.0,2,7184.0,5,RENT,DEBTCONSOLIDATION,1
63,18000.0,653,0.057,0.585,81.6,4400.0,2,3444.0,3,RENT,EDUCATION,1
45,67300.0,639,0.253,0.445,87.4,7700.0,1,8514.0,3,RENT,EDUCATION,1
23,189300.0,710,0.24,0.31,82.8,6300.0,4,19380.0,4,MORTGAGE,VENTURE,0
35,48400.0,536,0.241,0.37,68.7,12800.0,1,2875.0,2,MORTGAGE,EDUCATION,0
49,52300.0,652,0.192,0.482,84.9,18700.0,7,9282.0,6,RENT,DEBTCONSOLIDATION,1
63,71500.0,659,0.192,0.449,97.2,17500.0,3,4557.0,4,MORTGAGE,DEBTCONSOLIDATION,0
52,42800.0,600,0.15,0.3,76.0,18400.0,10,1944.0,4,RENT,DEBTCONSOLIDATION,0
46,49700.0,749,0.014,0.395,71.4,15300.0,13,4667.0,7,MORTGAGE,VENTURE,0
36,48900.0,590,0.303,0.649,79.9,13200.0,2,12665.0,3,RENT,PERSONAL,1
45,41100.0,659,0.179,0.48,79.5,12800.0,0,2382.0,11,MORTGAGE,MEDICAL,0
48,125200.0,691,0.259,0.789,78.1,31700.0,3,33930.0,3,MORTGAGE,MEDICAL,1
29,79000.0,771,0.127,0.583,96.8,9500.0,1,2341.0,8,RENT,MEDICAL,1
21,69600.0,669,0.105,0.66,84.9,11500.0,2,6116.0,8,MORTGAGE,VENTURE,0
49,97300.0,740,0.149,0.508,100.0,2900.0,2,8460.0,11,MORTGAGE,VENTURE,0
42,51100.0,722,0.096,0.506,84.7,9100.0,2,7163.0,10,MORTGAGE,MEDICAL,0
36,37600.0,679,0.348,0.477,86.3,10800.0,3,1611.0,5,MORTGAGE,VENTURE,0
61,41700.0,588,0.18,0.451,100.0,30900.0,4,1787.0,5,MORTGAGE,PERSONAL,0
64,59900.0,562,0.293,0.719,86.1,5200.0,0,4360.0,5,RENT,MEDICAL,1
61,31700.0,677,0.131,0.543,78.9,12200.0,1,4852.0,5,OWN,MEDICAL,1
27,44300.0,629,0.31,0.59,70.7,12000.0,0,2356.0,5,MORTGAGE,EDUCATION,0
34,43900.0,738,0.157,0.18,71.7,20900.0,6,1496.0,10,MORTGAGE,MEDICAL,0
49,214200.0,725,0.305,0.457,77.0,9600.0,8,10262.0,13,MORTGAGE,DEBTCONSOLIDATION,0
39,18000.0,656,0.041,0.306,79.0,20500.0,6,1012.0,4,OWN,VENTURE,0
39,53800.0,583,0.188,0.674,57.2,16000.0,18,10875.0,7,MORTGAGE,EDUCATION,0
22,168600.0,708,0.13,0.428,81.8,7800.0,0,10622.0,7,MORTGAGE,VENTURE,0
61,64400.0,593,0.192,0.4,49.3,6100.0,3,6857.0,7,RENT,EDUCATION,1
65,94100.0,613,0.314,0.486,97.3,57700.0,11,6264.0,9,RENT,EDUCATION,0
35,63600.0,596,0.174,0.519,59.3,9100.0,1,10172.0,9,MORTGAGE,MEDICAL,1
23,40100.0,659,0.237,0.301,84.2,4100.0,8,3886.0,6,RENT,EDUCATION,0
31,18000.0,757,0.126,0.444,83.7,9700.0,4,1268.0,5,RENT,DEBTCONSOLIDATION,1
66,67700.0,669,0.212,0.304,98.1,8400.0,19,1200.0,3,RENT,DEBTCONSOLIDATION,0
50,37600.0,636,0.205,0.731,83.6,5900.0,2,2616.0,7,RENT,EDUCATION,1
60,37000.0,555,0.154,0.255,80.8,13000.0,2,2093.0,14,OWN,PERSONAL,0
38,44400.0,711,0.321,0.272,85.8,15200.0,0,2219.0,5,MORTGAGE,PERSONAL,0
22,170600.0,611,0.076,0.509,75.7,3300.0,0,14844.0,10,RENT,DEBTCONSOLIDATION,0
52,253400.0,678,0.195,0.385,75.9,14600.0,9,24659.0,9,RENT,PERSONAL,1
28,68200.0,643,0.329,0.401,84.6,22300.0,2,2913.0,4,MORTGAGE,MEDICAL,1
42,45300.0,732,0.3,0.661,78.5,6800.0,4,6283.0,6,MORTGAGE,PERSONAL,0
26,29500.0,658,0.119,0.799,89.7,5200.0,6,2856.0,8,MORTGAGE,MEDICAL,1
32,79300.0,665,0.058,0.279,71.4,6500.0,2,8703.0,8,MORTGAGE,EDUCATION,0
67,174500.0,706,0.512,0.123,93.4,9300.0,15,1438.0,6,OWN,VENTURE,0
60,51600.0,828,0.375,0.363,87.6,12800.0,13,1040.0,5,RENT,MEDICAL,0
56,18000.0,736,0.202,0.529,82.3,5900.0,5,2356.0,7,MORTGAGE,MEDICAL,0
35,89500.0,663,0.36,0.524,63.5,9800.0,26,3373.0,6,RENT,MEDICAL,1
48,108100.0,670,0.145,0.091,92.1,11200.0,0,3284.0,8,MORTGAGE,VENTURE,0
65,23100.0,630,0.207,0.472,100.0,14400.0,0,3673.0,2,RENT,MEDICAL,1
38,66600.0,598,0.296,0.778,76.4,4700.0,0,10430.0,4,MORTGAGE,DEBTCONSOLIDATION,1
22,78500.0,628,0.245,0.204,92.3,7400.0,14,5500.0,8,MORTGAGE,PERSONAL,0
33,57300.0,612,0.131,0.905,80.6,7700.0,4,16033.0,7,MORTGAGE,DEBTCONSOLIDATION,0
65,37300.0,719,0.496,0.361,68.8,38400.0,13,1311.0,5,MORTGAGE,VENTURE,1
35,110100.0,589,0.128,0.385,72.8,26200.0,0,14872.0,3,RENT,PERSONAL,1
40,47000.0,769,0.433,0.354,80.7,11800.0,0,5923.0,4,RENT,EDUCATION,1
49,24600.0,726,0.311,0.547,87.4,4300.0,3,2193.0,8,OWN,EDUCATION,0
62,18000.0,671,0.239,0.713,64.5,22800.0,0,4123.0,4,MORTGAGE,VENTURE,1
49,127600.0,670,0.25,0.707,73.5,28100.0,9,32845.0,6,MORTGAGE,DEBTCONSOLIDATION,0
23,86700.0,628,0.301,0.289,82.4,11700.0,2,7792.0,6,MORTGAGE,DEBTCONSOLIDATION,0
39,63100.0,690,0.199,0.149,66.9,8800.0,7,779.0,8,RENT,DEBTCONSOLIDATION,1
23,46000.0,751,0.168,0.169,86.7,7600.0,3,646.0,2,RENT,EDUCATION,0
34,43600.0,617,0.237,0.348,100.0,19900.0,3,5976.0,7,OWN,EDUCATION,0
60,31400.0,554,0.403,0.16,80.8,19000.0,5,1203.0,7,MORTGAGE,PERSONAL,0
24,46200.0,722,0.118,0.532,90.8,5800.0,2,6773.0,7,OWN,EDUCATION,0
31,18000.0,694,0.263,0.562,66.7,6800.0,14,3736.0,7,RENT,MEDICAL,1
51,38500.0,585,0.141,0.606,74.4,5800.0,2,1227.0,4,MORTGAGE,DEBTCONSOLIDATION,0
63,49700.0,614,0.157,0.859,93.9,42400.0,2,8510.0,6,RENT,PERSONAL,1
52,86300.0,605,0.529,0.447,65.6,14800.0,6,9576.0,5,RENT,DEBTCONSOLIDATION,1
47,58500.0,615,0.372,0.767,73.5,26500.0,5,2277.0,8,RENT,PERSONAL,1
50,96500.0,645,0.057,0.399,95.7,13300.0,27,10340.0,5,RENT,PERSONAL,0
63,134500.0,650,0.275,0.648,74.7,16200.0,9,30315.0,3,RENT,EDUCATION,1
22,113000.0,621,0.057,0.507,58.0,9900.0,1,3966.0,4,RENT,MEDICAL,1
29,79400.0,613,0.312,0.393,75.2,33800.0,0,10344.0,5,MORTGAGE,MEDICAL,1
48,60300.0,652,0.043,0.452,100.0,15200.0,0,10688.0,2,OWN,EDUCATION,0
51,33200.0,682,0.034,0.329,99.3,11700.0,2,4064.0,4,RENT,DEBTCONSOLIDATION,0
54,93300.0,646,0.256,0.661,81.1,3300.0,3,14675.0,7,RENT,MEDICAL,1
35,164000.0,756,0.105,0.519,79.2,17600.0,5,29889.0,5,MORTGAGE,DEBTCONSOLIDATION,0
45,73500.0,708,0.394,0.347,100.0,17500.0,9,8154.0,11,MORTGAGE,DEBTCONSOLIDATION,0
56,189200.0,550,0.142,0.193,70.8,29600.0,22,12276.0,7,RENT,EDUCATION,0
28,24000.0,709,0.265,0.109,74.3,9800.0,2,495.0,9,OWN,PERSONAL,0
29,30000.0,715,0.238,0.131,94.7,7400.0,3,851.0,12,RENT,MEDICAL,0
57,100000.0,637,0.089,0.334,71.6,43800.0,4,4465.0,10,RENT,EDUCATION,1
65,70200.0,557,0.342,0.09,86.4,4600.0,4,430.0,3,RENT,EDUCATION,0
59,131700.0,670,0.158,0.268,67.2,7000.0,0,9143.0,2,MORTGAGE,PERSONAL,0
52,59300.0,669,0.235,0.488,99.9,36300.0,0,4582.0,3,MORTGAGE,DEBTCONSOLIDATION,0
37,35600.0,585,0.189,0.404,76.8,24100.0,10,3250.0,7,MORTGAGE,VENTURE,0
55,52700.0,561,0.388,0.194,74.2,10400.0,5,3956.0,3,OWN,MEDICAL,0
57,23900.0,663,0.428,0.32,71.9,10600.0,5,551.0,5,RENT,EDUCATION,1
39,30400.0,652,0.076,0.646,68.2,11100.0,8,6986.0,7,RENT,DEBTCONSOLIDATION,1
64,107300.0,638,0.116,0.213,77.8,23000.0,0,1837.0,3,RENT,EDUCATION,1
49,101100.0,663,0.089,0.827,53.7,23200.0,2,23306.0,7,MORTGAGE,MEDICAL,1
27,74400.0,587,0.046,0.266,68.9,19600.0,1,3367.0,5,RENT,PERSONAL,0
48,21300.0,637,0.113,0.297,82.2,22100.0,5,538.0,5,MORTGAGE,PERSONAL,0
29,48300.0,709,0.06,0.352,83.1,19200.0,1,5354.0,8,RENT,DEBTCONSOLIDATION,0
48,28700.0,643,0.273,0.353,81.2,2400.0,5,2984.0,10,RENT,VENTURE,0
26,121300.0,544,0.02,0.602,72.9,16800.0,2,20015.0,8,OWN,PERSONAL,0
49,42200.0,634,0.098,0.356,100.0,10200.0,2,5825.0,5,MORTGAGE,MEDICAL,0
37,31200.0,589,0.203,0.716,92.4,59700.0,8,1302.0,5,MORTGAGE,PERSONAL,1
36,61000.0,690,0.235,0.681,80.8,4700.0,2,8397.0,3,RENT,VENTURE,1
43,40800.0,693,0.184,0.569,80.6,5600.0,1,5733.0,1,RENT,PERSONAL,1
51,145800.0,545,0.125,0.645,76.3,14400.0,9,16476.0,8,RENT,EDUCATION,0
23,38500.0,726,0.183,0.328,74.3,5700.0,5,3590.0,8,OWN,EDUCATION,0
41,25900.0,586,0.162,0.35,80.1,75000.0,2,3306.0,5,MORTGAGE,MEDICAL,1
46,18000.0,786,0.304,0.492,93.3,19700.0,3,2603.0,9,MORTGAGE,PERSONAL,1
56,58800.0,666,0.139,0.496,76.6,8800.0,2,7270.0,10,RENT,VENTURE,1
62,42700.0,576,0.192,0.431,97.4,17500.0,4,5673.0,6,RENT,MEDICAL,1
57,25400.0,584,0.202,0.587,74.2,15600.0,0,1318.0,2,RENT,EDUCATION,1
42,122200.0,696,0.076,0.658,99.9,8500.0,10,21750.0,4,MORTGAGE,VENTURE,0
62,89400.0,640,0.187,0.237,78.4,5400.0,4,4079.0,4,RENT,MEDICAL,0
32,58900.0,662,0.29,0.476,90.2,6100.0,2,4530.0,4,RENT,DEBTCONSOLIDATION,1
62,135800.0,790,0.146,0.282,100.0,9800.0,4,8712.0,8,RENT,MEDICAL,1
33,89100.0,617,0.148,0.225,100.0,26600.0,0,6649.0,7,RENT,EDUCATION,0
31,36500.0,674,0.032,0.462,65.9,20500.0,0,3278.0,4,RENT,PERSONAL,1
36,32100.0,776,0.111,0.571,94.4,61900.0,3,5423.0,5,RENT,MEDICAL,1
28,97800.0,690,0.345,0.742,70.7,7400.0,0,18586.0,6,RENT,DEBTCONSOLIDATION,1
60,75900.0,549,0.092,0.524,86.5,5800.0,5,14742.0,2,RENT,PERSONAL,0
60,66300.0,707,0.194,0.449,87.9,11900.0,8,6123.0,7,MORTGAGE,DEBTCONSOLIDATION,0
65,36000.0,582,0.138,0.435,92.3,18100.0,22,5277.0,4,OWN,MEDICAL,0
22,86200.0,775,0.074,0.172,66.6,18400.0,7,5111.0,3,MORTGAGE,PERSONAL,0
50,38100.0,608,0.027,0.208,67.9,17200.0,18,1684.0,9,RENT,DEBTCONSOLIDATION,0
50,56300.0,850,0.218,0.35,72.1,15500.0,0,4355.0,6,MORTGAGE,DEBTCONSOLIDATION,0
32,142700.0,780,0.16,0.706,89.0,9100.0,4,16794.0,6,RENT,PERSONAL,1
30,40300.0,610,0.126,0.365,84.9,10000.0,0,3287.0,6,RENT,DEBTCONSOLIDATION,0
64,23300.0,671,0.154,0.2,86.9,40200.0,1,640.0,8,RENT,EDUCATION,1
31,31800.0,726,0.009,0.159,67.9,5800.0,6,1772.0,9,RENT,VENTURE,0
35,108700.0,728,0.199,0.493,84.0,15900.0,1,7367.0,5,OWN,EDUCATION,0
36,69800.0,703,0.104,0.148,74.1,30100.0,0,1448.0,7,MORTGAGE,MEDICAL,0
37,55400.0,763,0.391,0.282,74.6,6600.0,2,5679.0,6,OWN,EDUCATION,1
46,44100.0,660,0.199,0.695,80.5,6500.0,0,7241.0,5,RENT,VENTURE,1
22,80100.0,642,0.123,0.575,63.8,16300.0,0,3998.0,6,OWN,DEBTCONSOLIDATION,1
32,36000.0,643,0.091,0.143,88.4,18100.0,0,880.0,3,MORTGAGE,VENTURE,0
46,71900.0,734,0.293,0.144,64.8,10700.0,1,3074.0,6,RENT,DEBTCONSOLIDATION,0
43,38600.0,697,0.484,0.515,77.1,18300.0,10,3817.0,4,MORTGAGE,PERSONAL,1
38,34900.0,691,0.355,0.619,90.9,4200.0,1,4280.0,7,MORTGAGE,MEDICAL,0
52,40800.0,729,0.16,0.216,63.9,8500.0,1,1979.0,8,MORTGAGE,DEBTCONSOLIDATION,0
58,47800.0,516,0.163,0.595,65.2,30100.0,0,3637.0,7,MORTGAGE,MEDICAL,1
67,58100.0,693,0.211,0.219,94.4,3700.0,0,2525.0,5,RENT,DEBTCONSOLIDATION,0
23,69000.0,686,0.103,0.728,69.1,56200.0,0,6298.0,3,MORTGAGE,PERSONAL,1
58,18000.0,795,0.24,0.238,93.6,12200.0,6,740.0,8,MORTGAGE,DEBTCONSOLIDATION,0
23,36900.0,555,0.045,0.422,87.3,41100.0,17,3680.0,4,RENT,PERSONAL,1
50,47300.0,786,0.469,0.139,65.9,30200.0,6,1925.0,4,RENT,PERSONAL,1
21,147700.0,675,0.157,0.356,84.1,15600.0,9,14295.0,7,RENT,EDUCATION,0
50,31300.0,706,0.259,0.06,87.4,16100.0,7,472.0,10,OWN,DEBTCONSOLIDATION,0
65,66000.0,795,0.087,0.282,65.3,50300.0,1,4810.0,6,OWN,PERSONAL,0
52,146800.0,712,0.337,0.358,82.7,6300.0,6,12026.0,1,OWN,DEBTCONSOLIDATION,0
48,27200.0,700,0.104,0.616,92.0,12400.0,6,4442.0,1,MORTGAGE,PERSONAL,0
41,75800.0,688,0.049,0.204,81.0,8800.0,1,2806.0,5,MORTGAGE,PERSONAL,0
66,37000.0,633,0.271,0.513,83.8,7500.0,12,6924.0,5,OWN,MEDICAL,0
33,44200.0,667,0.526,0.395,80.3,29900.0,30,4482.0,8,MORTGAGE,DEBTCONSOLIDATION,0
47,37000.0,616,0.211,0.376,94.3,17500.0,4,5256.0,8,MORTGAGE,DEBTCONSOLIDATION,0
56,38600.0,666,0.037,0.378,80.8,17200.0,1,2796.0,7,RENT,PERSONAL,0
27,306600.0,494,0.17,0.387,73.6,17200.0,2,22317.0,6,OWN,DEBTCONSOLIDATION,0
42,99400.0,702,0.257,0.17,79.3,23100.0,4,6552.0,7,MORTGAGE,PERSONAL,0
30,116000.0,660,0.124,0.485,63.2,11700.0,0,17169.0,3,RENT,VENTURE,1
59,80400.0,644,0.349,0.264,45.8,28400.0,1,4915.0,10,MORTGAGE,PERSONAL,1
35,22800.0,686,0.469,0.563,72.1,12500.0,0,3870.0,7,OWN,EDUCATION,1
35,75900.0,562,0.191,0.379,100.0,13400.0,4,5433.0,4,MORTGAGE,DEBTCONSOLIDATION,0
24,114000.0,814,0.142,0.397,94.2,10200.0,4,14283.0,8,RENT,PERSONAL,0
52,35900.0,662,0.176,0.367,62.3,11900.0,4,1625.0,3,RENT,MEDICAL,1
43,106900.0,659,0.24,0.349,69.4,16500.0,0,14282.0,3,RENT,DEBTCONSOLIDATION,1
26,91400.0,597,0.137,0.1,74.5,12900.0,14,1931.0,5,MORTGAGE,PERSONAL,0
44,181900.0,671,0.213,0.738,79.7,7500.0,3,11077.0,3,RENT,DEBTCONSOLIDATION,1
40,46600.0,774,0.007,0.379,69.6,11400.0,4,6107.0,8,MORTGAGE,EDUCATION,0
57,31000.0,747,0.122,0.272,74.6,10600.0,3,3061.0,3,RENT,EDUCATION,0
40,48200.0,734,0.21,0.679,94.3,11800.0,3,9998.0,6,RENT,VENTURE,1
32,141700.0,710,0.111,0.788,70.0,3600.0,13,30192.0,6,MORTGAGE,DEBTCONSOLIDATION,0
53,20000.0,643,0.178,0.72,88.7,22000.0,4,5399.0,9,RENT,EDUCATION,1
48,18000.0,561,0.217,0.203,91.1,11700.0,3,978.0,7,MORTGAGE,PERSONAL,0
28,63200.0,654,0.072,0.178,100.0,16700.0,7,3679.0,7,RENT,MEDICAL,0
21,45900.0,652,0.112,0.269,73.8,18900.0,1,2654.0,2,RENT,MEDICAL,1
57,60200.0,748,0.426,0.419,68.6,6100.0,1,7681.0,8,RENT,PERSONAL,1
42,105600.0,693,0.104,0.631,61.4,20300.0,2,26630.0,8,MORTGAGE,MEDICAL,0
26,43000.0,790,0.086,0.284,89.9,6300.0,0,2246.0,7,MORTGAGE,MEDICAL,0
41,19500.0,759,0.328,0.255,87.1,16600.0,1,1502.0,6,RENT,PERSONAL,1
52,204200.0,635,0.258,0.106,80.8,3700.0,2,2210.0,6,OWN,DEBTCONSOLIDATION,0
55,32900.0,535,0.299,0.287,85.9,2800.0,4,2571.0,9,RENT,MEDICAL,1
35,31700.0,773,0.303,0.662,83.0,24900.0,3,3421.0,2,MORTGAGE,MEDICAL,1
25,116100.0,771,0.286,0.405,77.1,19000.0,2,16613.0,7,RENT,MEDICAL,1
66,47500.0,567,0.397,0.321,78.0,11400.0,2,2682.0,6,MORTGAGE,MEDICAL,1
26,57600.0,783,0.259,0.575,80.8,12600.0,0,6816.0,4,MORTGAGE,EDUCATION,0
45,80000.0,698,0.314,0.194,100.0,4200.0,10,6101.0,9,RENT,EDUCATION,0
66,114700.0,682,0.325,0.289,92.9,12500.0,1,4156.0,12,MORTGAGE,VENTURE,0
60,49000.0,791,0.028,0.302,68.0,13700.0,2,3665.0,3,RENT,MEDICAL,1
49,149000.0,770,0.194,0.705,86.8,9400.0,0,37009.0,10,MORTGAGE,MEDICAL,1
27,18000.0,718,0.16,0.287,81.9,11300.0,15,828.0,2,RENT,DEBTCONSOLIDATION,0
60,94500.0,705,0.063,0.274,100.0,6400.0,3,1433.0,5,RENT,MEDICAL,0
33,36200.0,716,0.264,0.408,97.1,4500.0,0,5372.0,11,RENT,EDUCATION,0
58,136400.0,639,0.177,0.073,80.8,14300.0,1,2657.0,4,MORTGAGE,MEDICAL,0
38,65200.0,665,0.184,0.579,81.7,5300.0,10,4932.0,8,RENT,VENTURE,0
22,40000.0,602,0.195,0.434,68.4,17400.0,2,2547.0,7,MORTGAGE,DEBTCONSOLIDATION,0
28,89100.0,645,0.215,0.73,89.9,16000.0,5,21455.0,8,RENT,MEDICAL,1
31,102300.0,642,0.184,0.169,95.8,26000.0,4,4750.0,5,MORTGAGE,EDUCATION,0
53,88000.0,622,0.113,0.616,83.5,15900.0,3,16610.0,5,MORTGAGE,DEBTCONSOLIDATION,0
58,32300.0,680,0.063,0.225,85.2,75000.0,8,1832.0,5,RENT,EDUCATION,1
47,44800.0,645,0.253,0.59,78.1,10100.0,0,8630.0,10,MORTGAGE,DEBTCONSOLIDATION,0
40,59700.0,707,0.129,0.312,92.6,16400.0,12,6284.0,4,MORTGAGE,EDUCATION,0
32,58400.0,548,0.062,0.116,65.9,8100.0,6,1256.0,2,RENT,DEBTCONSOLIDATION,0
63,93900.0,661,0.016,0.335,68.6,25800.0,9,11492.0,8,RENT,PERSONAL,0
51,18000.0,679,0.171,0.203,93.1,14000.0,0,829.0,6,RENT,EDUCATION,0
47,73200.0,646,0.351,0.471,65.1,3600.0,0,3657.0,6,RENT,EDUCATION,1
52,50300.0,657,0.156,0.273,74.4,7000.0,1,1737.0,7,RENT,DEBTCONSOLIDATION,0
30,36200.0,551,0.261,0.282,78.7,11100.0,4,3132.0,5,RENT,DEBTCONSOLIDATION,0
23,38300.0,696,0.047,0.408,87.7,5200.0,0,2845.0,3,OWN,VENTURE,1
65,52600.0,718,0.124,0.099,83.8,18200.0,13,739.0,5,MORTGAGE,DEBTCONSOLIDATION,0
47,18000.0,707,0.17,0.615,45.1,4600.0,6,2897.0,4,RENT,DEBTCONSOLIDATION,1
55,39300.0,747,0.136,0.194,89.0,10700.0,8,2469.0,5,MORTGAGE,PERSONAL,0
51,35400.0,685,0.176,0.388,79.3,10100.0,4,1212.0,4,RENT,EDUCATION,1
35,82400.0,705,0.277,0.318,94.8,25000.0,4,5429.0,9,RENT,PERSONAL,0
36,36900.0,681,0.197,0.293,70.4,10600.0,1,3460.0,4,RENT,EDUCATION,0
33,52600.0,721,0.074,0.27,100.0,22400.0,12,5202.0,9,RENT,VENTURE,0
55,151000.0,551,0.093,0.469,67.9,16500.0,5,3877.0,5,RENT,VENTURE,0
31,108700.0,602,0.093,0.683,76.4,5500.0,2,20760.0,11,MORTGAGE,EDUCATION,0
41,102900.0,789,0.32,0.76,97.1,58100.0,10,20261.0,5,RENT,PERSONAL,1
31,44400.0,485,0.214,0.242,100.0,26400.0,9,2484.0,9,RENT,PERSONAL,0
50,82900.0,659,0.14,0.475,67.9,6300.0,0,4177.0,5,MORTGAGE,PERSONAL,0
55,52000.0,757,0.094,0.188,100.0,5900.0,12,3027.0,4,MORTGAGE,PERSONAL,0
42,53200.0,663,0.185,0.175,53.4,29000.0,2,1745.0,9,MORTGAGE,DEBTCONSOLIDATION,0
58,76600.0,639,0.137,0.381,91.1,23200.0,2,3856.0,10,MORTGAGE,PERSONAL,0
51,41800.0,679,0.167,0.242,100.0,19900.0,0,3515.0,5,MORTGAGE,DEBTCONSOLIDATION,0
34,146600.0,643,0.243,0.254,69.6,6300.0,10,5863.0,7,OWN,EDUCATION,0
44,54400.0,672,0.283,0.208,96.7,8100.0,3,1352.0,3,MORTGAGE,MEDICAL,0
52,86800.0,618,0.228,0.451,75.9,31000.0,11,6233.0,13,OWN,MEDICAL,0
56,143400.0,753,0.297,0.505,73.0,18800.0,7,8210.0,5,OWN,PERSONAL,0
52,111200.0,776,0.049,0.765,65.7,7400.0,11,27396.0,9,RENT,DEBTCONSOLIDATION,0
35,25700.0,659,0.216,0.17,81.1,32900.0,14,497.0,9,MORTGAGE,DEBTCONSOLIDATION,1
63,78200.0,566,0.309,0.386,83.7,50300.0,10,9081.0,5,MORTGAGE,EDUCATION,0
55,99800.0,630,0.147,0.294,67.7,8900.0,1,3136.0,3,MORTGAGE,PERSONAL,0
23,102200.0,656,0.029,0.255,99.1,7800.0,0,3367.0,7,RENT,PERSONAL,0
36,30700.0,707,0.141,0.713,74.7,35700.0,4,3719.0,6,RENT,DEBTCONSOLIDATION,1
25,40400.0,594,0.275,0.545,81.5,39300.0,0,8422.0,4,RENT,MEDICAL,1
41,108700.0,612,0.326,0.458,84.8,38800.0,9,18412.0,5,MORTGAGE,EDUCATION,0
30,37900.0,708,0.109,0.243,100.0,16600.0,14,735.0,12,RENT,EDUCATION,0
39,50000.0,740,0.126,0.891,97.4,8800.0,0,7464.0,9,OWN,MEDICAL,1
